{"v":"5.1.9","fr":60,"ip":29,"op":90,"w":100,"h":140,"nm":"action_icon_recommend_big_normal_light02","ddd":0,"assets":[{"id":"comp_1","layers":[{"ddd":0,"ind":1,"ty":4,"nm":"Shape Layer 18","sr":1,"ks":{"o":{"a":0,"k":100,"ix":11},"r":{"a":0,"k":-29.512,"ix":10},"p":{"a":0,"k":[308.078,278.585,0],"ix":2},"a":{"a":0,"k":[169.346,175.25,0],"ix":1},"s":{"a":0,"k":[34,34,100],"ix":6}},"ao":0,"shapes":[{"ty":"gr","it":[{"ind":0,"ty":"sh","ix":1,"ks":{"a":0,"k":{"i":[[-65.5,-20],[19,-32],[12.236,7.835],[-23.953,13.995],[24,-29]],"o":[[65.5,20],[-9.521,16.035],[-14.265,-9.134],[40.958,-23.931],[-24.355,29.429]],"v":[[116.5,109],[208,200],[168.246,210.116],[170,164],[213,241.5]],"c":false},"ix":2},"nm":"Path 1","mn":"ADBE Vector Shape - Group","hd":false},{"ty":"st","c":{"a":0,"k":[0.180392156863,0.733333333333,0.898039275525,1],"ix":3},"o":{"a":0,"k":100,"ix":4},"w":{"a":0,"k":30,"ix":5},"lc":2,"lj":1,"ml":4,"nm":"Stroke 1","mn":"ADBE Vector Graphic - Stroke","hd":false},{"ty":"tr","p":{"a":0,"k":[0,0],"ix":2},"a":{"a":0,"k":[0,0],"ix":1},"s":{"a":0,"k":[100,100],"ix":3},"r":{"a":0,"k":0,"ix":6},"o":{"a":0,"k":100,"ix":7},"sk":{"a":0,"k":0,"ix":4},"sa":{"a":0,"k":0,"ix":5},"nm":"变换"}],"nm":"Shape 1","np":3,"cix":2,"ix":1,"mn":"ADBE Vector Group","hd":false},{"ty":"tm","s":{"a":1,"k":[{"i":{"x":[0],"y":[1]},"o":{"x":[0.008],"y":[0]},"n":["0_1_0p008_0"],"t":28,"s":[0],"e":[100]},{"t":48}],"ix":1},"e":{"a":1,"k":[{"i":{"x":[0],"y":[1]},"o":{"x":[0.008],"y":[0]},"n":["0_1_0p008_0"],"t":18,"s":[0],"e":[100]},{"t":38}],"ix":2},"o":{"a":0,"k":0,"ix":3},"m":1,"ix":2,"nm":"Trim Paths 1","mn":"ADBE Vector Filter - Trim","hd":false}],"ip":18,"op":186,"st":18,"bm":0},{"ddd":0,"ind":12,"ty":4,"nm":"Shape Layer 5","sr":1,"ks":{"o":{"a":0,"k":100,"ix":11},"r":{"a":1,"k":[{"i":{"x":[0],"y":[1]},"o":{"x":[0.333],"y":[0]},"n":["0_1_0p333_0"],"t":16,"s":[0],"e":[-272]},{"t":56}],"ix":10},"p":{"a":1,"k":[{"i":{"x":0.097,"y":1},"o":{"x":0.021,"y":0},"n":"0p097_1_0p021_0","t":16,"s":[209.565,203.886,0],"e":[190.565,128.386,0],"to":[0,0,0],"ti":[0,0,0]},{"t":56}],"ix":2},"a":{"a":0,"k":[-199.868,-193.543,0],"ix":1},"s":{"a":1,"k":[{"i":{"x":[0.667,0.667,0.667],"y":[1,1,1]},"o":{"x":[0.333,0.333,0.333],"y":[0,0,0]},"n":["0p667_1_0p333_0","0p667_1_0p333_0","0p667_1_0p333_0"],"t":16,"s":[0,0,100],"e":[48,48,100]},{"i":{"x":[0.667,0.667,0.667],"y":[1,1,1]},"o":{"x":[0.333,0.333,0.333],"y":[0,0,0]},"n":["0p667_1_0p333_0","0p667_1_0p333_0","0p667_1_0p333_0"],"t":36,"s":[48,48,100],"e":[0,0,100]},{"t":56}],"ix":6}},"ao":0,"shapes":[{"ty":"gr","it":[{"ty":"sr","sy":1,"d":1,"pt":{"a":0,"k":5,"ix":3},"p":{"a":0,"k":[0,0],"ix":4},"r":{"a":0,"k":0,"ix":5},"ir":{"a":0,"k":18.99,"ix":6},"is":{"a":0,"k":0,"ix":8},"or":{"a":0,"k":36.482,"ix":7},"os":{"a":0,"k":0,"ix":9},"ix":1,"nm":"Polystar Path 1","mn":"ADBE Vector Shape - Star","hd":false},{"ty":"st","c":{"a":0,"k":[0.496553009632,0.496553009632,0.496553009632,1],"ix":3},"o":{"a":0,"k":100,"ix":4},"w":{"a":0,"k":0,"ix":5},"lc":1,"lj":1,"ml":4,"nm":"Stroke 1","mn":"ADBE Vector Graphic - Stroke","hd":false},{"ty":"fl","c":{"a":0,"k":[0.180392156863,0.733333333333,0.898039275525,1],"ix":4},"o":{"a":0,"k":100,"ix":5},"r":1,"nm":"Fill 1","mn":"ADBE Vector Graphic - Fill","hd":false},{"ty":"tr","p":{"a":0,"k":[-199.5,-193],"ix":2},"a":{"a":0,"k":[0,0],"ix":1},"s":{"a":0,"k":[100,100],"ix":3},"r":{"a":0,"k":0,"ix":6},"o":{"a":0,"k":100,"ix":7},"sk":{"a":0,"k":0,"ix":4},"sa":{"a":0,"k":0,"ix":5},"nm":"变换"}],"nm":"Polystar 1","np":3,"cix":2,"ix":1,"mn":"ADBE Vector Group","hd":false}],"ip":16,"op":184,"st":16,"bm":0},{"ddd":0,"ind":14,"ty":4,"nm":"Shape Layer 4","sr":1,"ks":{"o":{"a":0,"k":100,"ix":11},"r":{"a":0,"k":0,"ix":10},"p":{"a":1,"k":[{"i":{"x":0,"y":1},"o":{"x":0.013,"y":0},"n":"0_1_0p013_0","t":30,"s":[276.52,263.945,0],"e":[293.52,263.945,0],"to":[8.47999572753906,-3.94476318359375,0],"ti":[0,0,0]},{"t":60}],"ix":2},"a":{"a":0,"k":[-3.5,-7.486,0],"ix":1},"s":{"a":0,"k":[34,34,100],"ix":6}},"ao":0,"shapes":[{"ty":"gr","it":[{"ind":0,"ty":"sh","ix":1,"ks":{"a":0,"k":{"i":[[0,0],[-75,-31.5]],"o":[[0,0],[21.029,8.832]],"v":[[-84.5,-8.5],[77.5,1]],"c":false},"ix":2},"nm":"Path 1","mn":"ADBE Vector Shape - Group","hd":false},{"ty":"st","c":{"a":0,"k":[0.12956904991,0.894960171569,0.609837909773,1],"ix":3},"o":{"a":0,"k":100,"ix":4},"w":{"a":0,"k":35,"ix":5},"lc":2,"lj":1,"ml":4,"nm":"Stroke 1","mn":"ADBE Vector Graphic - Stroke","hd":false},{"ty":"tr","p":{"a":0,"k":[0,0],"ix":2},"a":{"a":0,"k":[0,0],"ix":1},"s":{"a":0,"k":[100,100],"ix":3},"r":{"a":0,"k":0,"ix":6},"o":{"a":0,"k":100,"ix":7},"sk":{"a":0,"k":0,"ix":4},"sa":{"a":0,"k":0,"ix":5},"nm":"变换"}],"nm":"Shape 1","np":3,"cix":2,"ix":1,"mn":"ADBE Vector Group","hd":false},{"ty":"tm","s":{"a":1,"k":[{"i":{"x":[0],"y":[1]},"o":{"x":[0.008],"y":[0]},"n":["0_1_0p008_0"],"t":40,"s":[0],"e":[100]},{"t":60}],"ix":1},"e":{"a":1,"k":[{"i":{"x":[0],"y":[1]},"o":{"x":[0.008],"y":[0]},"n":["0_1_0p008_0"],"t":30,"s":[0],"e":[100]},{"t":50}],"ix":2},"o":{"a":0,"k":0,"ix":3},"m":1,"ix":2,"nm":"Trim Paths 1","mn":"ADBE Vector Filter - Trim","hd":false}],"ip":30,"op":178,"st":10,"bm":0},{"ddd":0,"ind":15,"ty":4,"nm":"Shape Layer 3","sr":1,"ks":{"o":{"a":0,"k":100,"ix":11},"r":{"a":0,"k":0,"ix":10},"p":{"a":1,"k":[{"i":{"x":0,"y":1},"o":{"x":0.013,"y":0},"n":"0_1_0p013_0","t":28,"s":[282.81,236.655,0],"e":[298.31,229.155,0],"to":[0,0,0],"ti":[0,0,0]},{"t":58}],"ix":2},"a":{"a":0,"k":[-2,-47.75,0],"ix":1},"s":{"a":0,"k":[34,34,100],"ix":6}},"ao":0,"shapes":[{"ty":"gr","it":[{"ind":0,"ty":"sh","ix":1,"ks":{"a":0,"k":{"i":[[0,0],[-44.896,21.9]],"o":[[0,0],[20.5,-10]],"v":[[-69.794,-12.176],[80.5,-87]],"c":false},"ix":2},"nm":"Path 1","mn":"ADBE Vector Shape - Group","hd":false},{"ty":"st","c":{"a":0,"k":[1,0.839215746113,0.298039215686,1],"ix":3},"o":{"a":0,"k":100,"ix":4},"w":{"a":0,"k":35,"ix":5},"lc":2,"lj":1,"ml":4,"nm":"Stroke 1","mn":"ADBE Vector Graphic - Stroke","hd":false},{"ty":"tr","p":{"a":0,"k":[0,0],"ix":2},"a":{"a":0,"k":[0,0],"ix":1},"s":{"a":0,"k":[100,100],"ix":3},"r":{"a":0,"k":0,"ix":6},"o":{"a":0,"k":100,"ix":7},"sk":{"a":0,"k":0,"ix":4},"sa":{"a":0,"k":0,"ix":5},"nm":"变换"}],"nm":"Shape 1","np":3,"cix":2,"ix":1,"mn":"ADBE Vector Group","hd":false},{"ty":"tm","s":{"a":1,"k":[{"i":{"x":[0],"y":[1]},"o":{"x":[0.008],"y":[0]},"n":["0_1_0p008_0"],"t":38,"s":[0],"e":[100]},{"t":58}],"ix":1},"e":{"a":1,"k":[{"i":{"x":[0],"y":[1]},"o":{"x":[0.008],"y":[0]},"n":["0_1_0p008_0"],"t":28,"s":[0],"e":[100]},{"t":48}],"ix":2},"o":{"a":0,"k":0,"ix":3},"m":1,"ix":2,"nm":"Trim Paths 1","mn":"ADBE Vector Filter - Trim","hd":false}],"ip":28,"op":176,"st":8,"bm":0},{"ddd":0,"ind":17,"ty":4,"nm":"Shape Layer 2","sr":1,"ks":{"o":{"a":0,"k":100,"ix":11},"r":{"a":0,"k":0,"ix":10},"p":{"a":1,"k":[{"i":{"x":0,"y":1},"o":{"x":0.013,"y":0},"n":"0_1_0p013_0","t":22,"s":[248.895,235.295,0],"e":[259.895,226.295,0],"to":[0,0,0],"ti":[0,0,0]},{"t":52}],"ix":2},"a":{"a":0,"k":[-44.75,-43.75,0],"ix":1},"s":{"a":0,"k":[34,34,100],"ix":6}},"ao":0,"shapes":[{"ty":"gr","it":[{"ind":0,"ty":"sh","ix":1,"ks":{"a":0,"k":{"i":[[0,0],[-37.5,33]],"o":[[0,0],[75.035,-66.031]],"v":[[-76.412,-16.588],[-5,-79]],"c":false},"ix":2},"nm":"Path 1","mn":"ADBE Vector Shape - Group","hd":false},{"ty":"st","c":{"a":0,"k":[1,0.267064921061,0.52231241862,1],"ix":3},"o":{"a":0,"k":100,"ix":4},"w":{"a":0,"k":35,"ix":5},"lc":2,"lj":1,"ml":4,"nm":"Stroke 1","mn":"ADBE Vector Graphic - Stroke","hd":false},{"ty":"tr","p":{"a":0,"k":[0,0],"ix":2},"a":{"a":0,"k":[0,0],"ix":1},"s":{"a":0,"k":[100,100],"ix":3},"r":{"a":0,"k":0,"ix":6},"o":{"a":0,"k":100,"ix":7},"sk":{"a":0,"k":0,"ix":4},"sa":{"a":0,"k":0,"ix":5},"nm":"变换"}],"nm":"Shape 1","np":3,"cix":2,"ix":1,"mn":"ADBE Vector Group","hd":false},{"ty":"tm","s":{"a":1,"k":[{"i":{"x":[0],"y":[1]},"o":{"x":[0.008],"y":[0]},"n":["0_1_0p008_0"],"t":32,"s":[0],"e":[100]},{"t":52}],"ix":1},"e":{"a":1,"k":[{"i":{"x":[0],"y":[1]},"o":{"x":[0.008],"y":[0]},"n":["0_1_0p008_0"],"t":22,"s":[0],"e":[100]},{"t":42}],"ix":2},"o":{"a":0,"k":0,"ix":3},"m":1,"ix":2,"nm":"Trim Paths 1","mn":"ADBE Vector Filter - Trim","hd":false}],"ip":22,"op":170,"st":2,"bm":0},{"ddd":0,"ind":19,"ty":4,"nm":"Shape Layer 1","sr":1,"ks":{"o":{"a":0,"k":100,"ix":11},"r":{"a":0,"k":0,"ix":10},"p":{"a":1,"k":[{"i":{"x":0,"y":1},"o":{"x":0.013,"y":0},"n":"0_1_0p013_0","t":26,"s":[226.517,216.34,0],"e":[223.517,200.84,0],"to":[0,0,0],"ti":[6.48329162597656,6.41000366210938,0]},{"t":56}],"ix":2},"a":{"a":0,"k":[-69.069,-99,0],"ix":1},"s":{"a":0,"k":[34,34,100],"ix":6}},"ao":0,"shapes":[{"ty":"gr","it":[{"ind":0,"ty":"sh","ix":1,"ks":{"a":0,"k":{"i":[[0,0],[22,97.5]],"o":[[0,0],[-22,-97.5]],"v":[[-79.353,-33.5],[-59.5,-189.5]],"c":false},"ix":2},"nm":"Path 1","mn":"ADBE Vector Shape - Group","hd":false},{"ty":"st","c":{"a":0,"k":[0.180392156863,0.733333333333,0.898039275525,1],"ix":3},"o":{"a":0,"k":100,"ix":4},"w":{"a":0,"k":35,"ix":5},"lc":2,"lj":1,"ml":4,"nm":"Stroke 1","mn":"ADBE Vector Graphic - Stroke","hd":false},{"ty":"tr","p":{"a":0,"k":[0,0],"ix":2},"a":{"a":0,"k":[0,0],"ix":1},"s":{"a":0,"k":[100,100],"ix":3},"r":{"a":0,"k":0,"ix":6},"o":{"a":0,"k":100,"ix":7},"sk":{"a":0,"k":0,"ix":4},"sa":{"a":0,"k":0,"ix":5},"nm":"变换"}],"nm":"Shape 1","np":3,"cix":2,"ix":1,"mn":"ADBE Vector Group","hd":false},{"ty":"tm","s":{"a":1,"k":[{"i":{"x":[0],"y":[1]},"o":{"x":[0.008],"y":[0]},"n":["0_1_0p008_0"],"t":36,"s":[0],"e":[100]},{"t":56}],"ix":1},"e":{"a":1,"k":[{"i":{"x":[0],"y":[1]},"o":{"x":[0.008],"y":[0]},"n":["0_1_0p008_0"],"t":26,"s":[0],"e":[100]},{"t":46}],"ix":2},"o":{"a":0,"k":0,"ix":3},"m":1,"ix":2,"nm":"Trim Paths 1","mn":"ADBE Vector Filter - Trim","hd":false}],"ip":30,"op":194,"st":26,"bm":0},{"ddd":0,"ind":20,"ty":4,"nm":"Shape Layer 7","sr":1,"ks":{"o":{"a":0,"k":100,"ix":11},"r":{"a":0,"k":0,"ix":10},"p":{"a":1,"k":[{"i":{"x":0,"y":1},"o":{"x":0,"y":0},"n":"0_1_0_0","t":20,"s":[244.945,239.405,0],"e":[311.445,177.905,0],"to":[0,0,0],"ti":[0,0,0]},{"t":54}],"ix":2},"a":{"a":0,"k":[-68,-224.25,0],"ix":1},"s":{"a":0,"k":[42.961,42.961,100],"ix":6}},"ao":0,"shapes":[{"ty":"gr","it":[{"d":1,"ty":"el","s":{"a":0,"k":[30.688,30.688],"ix":2},"p":{"a":0,"k":[0,0],"ix":3},"nm":"Ellipse Path 1","mn":"ADBE Vector Shape - Ellipse","hd":false},{"ty":"st","c":{"a":0,"k":[1,0.473607111912,0.267064921061,1],"ix":3},"o":{"a":0,"k":100,"ix":4},"w":{"a":0,"k":0,"ix":5},"lc":1,"lj":1,"ml":4,"nm":"Stroke 1","mn":"ADBE Vector Graphic - Stroke","hd":false},{"ty":"fl","c":{"a":0,"k":[1,0.423529441684,0.576470588235,1],"ix":4},"o":{"a":0,"k":100,"ix":5},"r":1,"nm":"Fill 1","mn":"ADBE Vector Graphic - Fill","hd":false},{"ty":"tr","p":{"a":0,"k":[-68,-224.25],"ix":2},"a":{"a":0,"k":[0,0],"ix":1},"s":{"a":0,"k":[100,100],"ix":3},"r":{"a":0,"k":0,"ix":6},"o":{"a":0,"k":100,"ix":7},"sk":{"a":0,"k":0,"ix":4},"sa":{"a":0,"k":0,"ix":5},"nm":"变换"}],"nm":"Ellipse 1","np":3,"cix":2,"ix":1,"mn":"ADBE Vector Group","hd":false}],"ip":20,"op":46,"st":20,"bm":0},{"ddd":0,"ind":21,"ty":4,"nm":"Shape Layer 6","sr":1,"ks":{"o":{"a":0,"k":100,"ix":11},"r":{"a":0,"k":0,"ix":10},"p":{"a":1,"k":[{"i":{"x":0,"y":1},"o":{"x":0,"y":0},"n":"0_1_0_0","t":16,"s":[213.88,216.755,0],"e":[257.38,133.755,0],"to":[0,0,0],"ti":[0,0,0]},{"t":50}],"ix":2},"a":{"a":0,"k":[-68,-224.25,0],"ix":1},"s":{"a":0,"k":[43.776,43.776,100],"ix":6}},"ao":0,"shapes":[{"ty":"gr","it":[{"d":1,"ty":"el","s":{"a":0,"k":[30.688,30.688],"ix":2},"p":{"a":0,"k":[0,0],"ix":3},"nm":"Ellipse Path 1","mn":"ADBE Vector Shape - Ellipse","hd":false},{"ty":"st","c":{"a":0,"k":[0.496553009632,0.496553009632,0.496553009632,1],"ix":3},"o":{"a":0,"k":100,"ix":4},"w":{"a":0,"k":0,"ix":5},"lc":1,"lj":1,"ml":4,"nm":"Stroke 1","mn":"ADBE Vector Graphic - Stroke","hd":false},{"ty":"fl","c":{"a":0,"k":[0.180392156863,0.733333333333,0.898039275525,1],"ix":4},"o":{"a":0,"k":100,"ix":5},"r":1,"nm":"Fill 1","mn":"ADBE Vector Graphic - Fill","hd":false},{"ty":"tr","p":{"a":0,"k":[-68,-224.25],"ix":2},"a":{"a":0,"k":[0,0],"ix":1},"s":{"a":0,"k":[100,100],"ix":3},"r":{"a":0,"k":0,"ix":6},"o":{"a":0,"k":100,"ix":7},"sk":{"a":0,"k":0,"ix":4},"sa":{"a":0,"k":0,"ix":5},"nm":"变换"}],"nm":"Ellipse 1","np":3,"cix":2,"ix":1,"mn":"ADBE Vector Group","hd":false}],"ip":20,"op":38,"st":16,"bm":0}]}],"layers":[{"ddd":0,"ind":2,"ty":4,"nm":"focus","sr":1,"ks":{"o":{"a":0,"k":100,"ix":11},"r":{"a":0,"k":0,"ix":10},"p":{"a":0,"k":[32.5,89,0],"ix":2},"a":{"a":0,"k":[6.5,41,0],"ix":1},"s":{"a":1,"k":[{"i":{"x":[0,0,0.667],"y":[1,1,1]},"o":{"x":[0.333,0.333,0.333],"y":[0,0,0]},"n":["0_1_0p333_0","0_1_0p333_0","0p667_1_0p333_0"],"t":30,"s":[100,100,100],"e":[94,94,100]},{"i":{"x":[0.798,0.798,0.667],"y":[1,1,1]},"o":{"x":[0.743,0.743,0.333],"y":[0,0,0]},"n":["0p798_1_0p743_0","0p798_1_0p743_0","0p667_1_0p333_0"],"t":40,"s":[94,94,100],"e":[109,109,100]},{"i":{"x":[0,0,0.667],"y":[1,1,1]},"o":{"x":[0.333,0.333,0.333],"y":[0,0,0]},"n":["0_1_0p333_0","0_1_0p333_0","0p667_1_0p333_0"],"t":48,"s":[109,109,100],"e":[115,115,100]},{"i":{"x":[0.42,0.42,0.667],"y":[1,1,1]},"o":{"x":[0.333,0.333,0.333],"y":[0,0,0]},"n":["0p42_1_0p333_0","0p42_1_0p333_0","0p667_1_0p333_0"],"t":60,"s":[115,115,100],"e":[97,97,100]},{"i":{"x":[0.028,0.028,0.667],"y":[1,1,1]},"o":{"x":[0.606,0.606,0.333],"y":[0,0,0]},"n":["0p028_1_0p606_0","0p028_1_0p606_0","0p667_1_0p333_0"],"t":68,"s":[97,97,100],"e":[100,100,100]},{"t":78}],"ix":6}},"ao":0,"shapes":[{"ty":"gr","it":[{"ind":0,"ty":"sh","ix":1,"ks":{"a":0,"k":{"i":[[0,0],[0,0]],"o":[[0,0],[0,0]],"v":[[-5.456,-16.062],[-5.445,-16.062]],"c":true},"ix":2},"nm":"路径 1","mn":"ADBE Vector Shape - Group","hd":false},{"ind":1,"ty":"sh","ix":2,"ks":{"a":0,"k":{"i":[[4.095,0],[0,0],[1.7,1.7],[-0.001,2.405],[0,0],[-4.815,2.389],[-0.37,1.539],[-2.217,1.693],[-1.94,-0.425],[-1.118,-2.122],[0.255,-2.04],[0,0],[0,0],[-0.268,-3.644],[1.535,-3.921]],"o":[[0,0],[-2.405,0],[-1.7,-1.7],[0,0],[0,-5.147],[1.555,-0.772],[0.366,-1.522],[1.419,-1.084],[2.219,0.489],[1.065,2.021],[0,0],[0,0],[3.669,0.021],[0.412,5.571],[-1.452,3.707]],"v":[[6.342,19.126],[-9.717,19.126],[-16.081,16.491],[-18.717,10.124],[-18.712,0.171],[-11.885,-9.195],[-9.755,-12.352],[-6.669,-17.652],[-1.309,-18.702],[3.941,-14.594],[4.734,-8.171],[9.113,-8.225],[11.286,-8.217],[18.305,-1.682],[15.473,13.025]],"c":true},"ix":2},"nm":"路径 3","mn":"ADBE Vector Shape - Group","hd":false},{"ty":"mm","mm":1,"nm":"合并路径 1","mn":"ADBE Vector Filter - Merge","hd":false},{"ty":"fl","c":{"a":0,"k":[0.180392156863,0.733333333333,0.898039215686,1],"ix":4},"o":{"a":0,"k":100,"ix":5},"r":1,"nm":"填充 1","mn":"ADBE Vector Graphic - Fill","hd":false},{"ty":"tr","p":{"a":0,"k":[24.719,21.873],"ix":2},"a":{"a":0,"k":[0,0],"ix":1},"s":{"a":0,"k":[100,100],"ix":3},"r":{"a":0,"k":0,"ix":6},"o":{"a":0,"k":100,"ix":7},"sk":{"a":0,"k":0,"ix":4},"sa":{"a":0,"k":0,"ix":5},"nm":"变换"}],"nm":"组 1","np":4,"cix":2,"ix":1,"mn":"ADBE Vector Group","hd":false}],"ip":30,"op":190,"st":0,"bm":0},{"ddd":0,"ind":3,"ty":0,"nm":"Party Pop","refId":"comp_1","sr":1,"ks":{"o":{"a":0,"k":100,"ix":11},"r":{"a":0,"k":0,"ix":10},"p":{"a":0,"k":[70.75,54.75,0],"ix":2},"a":{"a":0,"k":[250,250,0],"ix":1},"s":{"a":0,"k":[35,35,100],"ix":6}},"ao":0,"w":500,"h":500,"ip":28,"op":196,"st":28,"bm":0},{"ddd":0,"ind":4,"ty":4,"nm":"normal","sr":1,"ks":{"o":{"a":0,"k":100,"ix":11},"r":{"a":0,"k":0,"ix":10},"p":{"a":0,"k":[50,72,0],"ix":2},"a":{"a":0,"k":[24,24,0],"ix":1},"s":{"a":0,"k":[100,100,100],"ix":6}},"ao":0,"shapes":[{"ty":"gr","it":[{"ind":0,"ty":"sh","ix":1,"ks":{"a":0,"k":{"i":[[0,0],[0,0]],"o":[[0,0],[0,0]],"v":[[-5.456,-16.062],[-5.445,-16.062]],"c":true},"ix":2},"nm":"路径 1","mn":"ADBE Vector Shape - Group","hd":false},{"ind":1,"ty":"sh","ix":2,"ks":{"a":0,"k":{"i":[[0.229,0],[0.342,-0.26],[0.311,-1.292],[3.228,-1.602],[0,-2.88],[0,0],[-0.945,-0.945],[-1.336,0],[0,0],[-0.834,2.13],[0.352,4.767],[1.595,0.009],[0,0],[0,0],[0,0],[0.574,0.67],[-0.15,0.891],[0.557,1.057],[0.627,0.137]],"o":[[-0.535,0],[-1.089,0.831],[-0.427,1.774],[-4.21,2.088],[0,0],[0,1.336],[0.944,0.944],[0,0],[2.4,0],[1.38,-3.526],[-0.117,-1.578],[0,0],[0,0],[0,0],[-0.879,0],[-0.587,-0.685],[0.406,-2.429],[-0.777,-1.476],[-0.237,-0.053]],"v":[[-2.874,-14.872],[-4.242,-14.473],[-5.866,-11.417],[-10.105,-5.611],[-14.712,0.171],[-14.717,10.126],[-13.253,13.663],[-9.717,15.126],[6.342,15.126],[11.749,11.566],[14.318,-1.387],[11.266,-4.217],[9.131,-4.225],[3.628,-4.156],[3.59,-4.156],[1.307,-5.208],[0.62,-7.689],[0.402,-12.73],[-2.171,-14.794]],"c":true},"ix":2},"nm":"路径 2","mn":"ADBE Vector Shape - Group","hd":false},{"ind":2,"ty":"sh","ix":3,"ks":{"a":0,"k":{"i":[[4.095,0],[0,0],[1.7,1.7],[-0.001,2.405],[0,0],[-4.815,2.389],[-0.37,1.539],[-2.217,1.693],[-1.94,-0.425],[-1.118,-2.122],[0.255,-2.04],[0,0],[0,0],[-0.268,-3.644],[1.535,-3.921]],"o":[[0,0],[-2.405,0],[-1.7,-1.7],[0,0],[0,-5.147],[1.555,-0.772],[0.366,-1.522],[1.419,-1.084],[2.219,0.489],[1.065,2.021],[0,0],[0,0],[3.669,0.021],[0.412,5.571],[-1.452,3.707]],"v":[[6.342,19.126],[-9.717,19.126],[-16.081,16.491],[-18.717,10.124],[-18.712,0.171],[-11.885,-9.195],[-9.755,-12.352],[-6.669,-17.652],[-1.309,-18.702],[3.941,-14.594],[4.734,-8.171],[9.113,-8.225],[11.286,-8.217],[18.305,-1.682],[15.473,13.025]],"c":true},"ix":2},"nm":"路径 3","mn":"ADBE Vector Shape - Group","hd":false},{"ty":"mm","mm":1,"nm":"合并路径 1","mn":"ADBE Vector Filter - Merge","hd":false},{"ty":"fl","c":{"a":0,"k":[0.180000005984,0.180000005984,0.180000005984,1],"ix":4},"o":{"a":0,"k":100,"ix":5},"r":1,"nm":"填充 1","mn":"ADBE Vector Graphic - Fill","hd":false},{"ty":"tr","p":{"a":0,"k":[24.719,21.873],"ix":2},"a":{"a":0,"k":[0,0],"ix":1},"s":{"a":0,"k":[100,100],"ix":3},"r":{"a":0,"k":0,"ix":6},"o":{"a":0,"k":100,"ix":7},"sk":{"a":0,"k":0,"ix":4},"sa":{"a":0,"k":0,"ix":5},"nm":"变换"}],"nm":"组 1","np":5,"cix":2,"ix":1,"mn":"ADBE Vector Group","hd":false}],"ip":0,"op":30,"st":0,"bm":0}],"markers":[]}