{"v":"5.1.9","fr":25,"ip":25,"op":86,"w":135,"h":246,"nm":"喜欢","ddd":0,"assets":[],"layers":[{"ddd":0,"ind":1,"ty":4,"nm":"喜欢new","sr":1,"ks":{"o":{"a":0,"k":99,"ix":11},"r":{"a":0,"k":0,"ix":10},"p":{"a":0,"k":[67.5,212,0],"ix":2},"a":{"a":0,"k":[0,0,0],"ix":1},"s":{"a":1,"k":[{"i":{"x":[0.667,0.667,0.667],"y":[1,1,1]},"o":{"x":[0.333,0.333,0.333],"y":[0,0,0]},"n":["0p667_1_0p333_0","0p667_1_0p333_0","0p667_1_0p333_0"],"t":25,"s":[100,100,100],"e":[150,150,100]},{"i":{"x":[0.667,0.667,0.667],"y":[0.76,0.76,1]},"o":{"x":[0.333,0.333,0.333],"y":[0,0,0]},"n":["0p667_0p76_0p333_0","0p667_0p76_0p333_0","0p667_1_0p333_0"],"t":30,"s":[150,150,100],"e":[90,90,100]},{"i":{"x":[0.667,0.667,0.667],"y":[1,1,1]},"o":{"x":[0.333,0.333,0.333],"y":[-1.44,-1.44,0]},"n":["0p667_1_0p333_-1p44","0p667_1_0p333_-1p44","0p667_1_0p333_0"],"t":35,"s":[90,90,100],"e":[100,100,100]},{"t":40}],"ix":6}},"ao":0,"shapes":[{"ty":"gr","it":[{"ind":0,"ty":"sh","ix":1,"ks":{"a":0,"k":{"i":[[2.322,-2.818],[0.092,0],[0.055,0.066],[3.74,0],[0,-7.153],[-1.634,-2.393],[-0.498,-0.364],[-0.582,0],[-0.498,0.338],[-4.763,6.97],[0,4.265],[6.979,0]],"o":[[-0.057,0.069],[-0.092,0],[-2.364,-2.831],[-7.006,0],[0,4.266],[4.735,6.996],[0.498,0.364],[0.581,0],[0.498,-0.364],[1.634,-2.393],[0,-7.127],[-3.749,0]],"v":[[0.248,-14.479],[0.014,-14.37],[-0.219,-14.475],[-9.29,-19],[-22,-6.047],[-18.317,3.602],[-1.648,18.48],[-0.014,19],[1.62,18.48],[18.317,3.602],[22,-6.047],[9.317,-19]],"c":true},"ix":2},"nm":"路径 1","mn":"ADBE Vector Shape - Group","hd":false},{"ty":"st","c":{"a":1,"k":[{"i":{"x":[0.667],"y":[1]},"o":{"x":[0.333],"y":[0]},"n":["0p667_1_0p333_0"],"t":25,"s":[0.266666666667,0.266666666667,0.266666666667,1],"e":[1,0.337254911661,0.337254911661,1]},{"i":{"x":[0.667],"y":[1]},"o":{"x":[0.333],"y":[0]},"n":["0p667_1_0p333_0"],"t":30,"s":[1,0.337254911661,0.337254911661,1],"e":[1,0.337254911661,0.337254911661,1]},{"t":35}],"ix":3},"o":{"a":0,"k":100,"ix":4},"w":{"a":0,"k":2,"ix":5},"lc":1,"lj":1,"ml":4,"nm":"描边 1","mn":"ADBE Vector Graphic - Stroke","hd":false},{"ty":"fl","c":{"a":1,"k":[{"i":{"x":[0.833],"y":[0.833]},"o":{"x":[0.167],"y":[0.167]},"n":["0p833_0p833_0p167_0p167"],"t":25,"s":[0.050980392157,0.050980392157,0.050980392157,1],"e":[1,0.337254911661,0.337254911661,1]},{"t":30}],"ix":4},"o":{"a":0,"k":100,"ix":5},"r":1,"nm":"填充 1","mn":"ADBE Vector Graphic - Fill","hd":false},{"ty":"fl","c":{"a":1,"k":[{"i":{"x":[0.833],"y":[0.833]},"o":{"x":[0.167],"y":[0.167]},"n":["0p833_0p833_0p167_0p167"],"t":25,"s":[0.050980392157,0.050980392157,0.050980392157,1],"e":[1,0.337254911661,0.337254911661,1]},{"t":30}],"ix":4},"o":{"a":0,"k":100,"ix":5},"r":1,"nm":"填充 2","mn":"ADBE Vector Graphic - Fill","hd":false},{"ty":"tr","p":{"a":0,"k":[0,0],"ix":2},"a":{"a":0,"k":[0,0],"ix":1},"s":{"a":0,"k":[100,100],"ix":3},"r":{"a":0,"k":0,"ix":6},"o":{"a":0,"k":100,"ix":7},"sk":{"a":0,"k":0,"ix":4},"sa":{"a":0,"k":0,"ix":5},"nm":"变换"}],"nm":"形状 1","np":4,"cix":2,"ix":1,"mn":"ADBE Vector Group","hd":false}],"ip":0,"op":375,"st":0,"bm":0},{"ddd":0,"ind":4,"ty":4,"nm":"喜欢 4","sr":1,"ks":{"o":{"a":1,"k":[{"i":{"x":[0.833],"y":[0.833]},"o":{"x":[0.167],"y":[0.167]},"n":["0p833_0p833_0p167_0p167"],"t":33,"s":[0],"e":[40]},{"i":{"x":[0.833],"y":[0.833]},"o":{"x":[0.167],"y":[0.167]},"n":["0p833_0p833_0p167_0p167"],"t":34,"s":[40],"e":[0]},{"t":53}],"ix":11},"r":{"a":1,"k":[{"i":{"x":[0.667],"y":[1]},"o":{"x":[0.333],"y":[0]},"n":["0p667_1_0p333_0"],"t":34,"s":[-14],"e":[17]},{"i":{"x":[0.667],"y":[1]},"o":{"x":[0.333],"y":[0]},"n":["0p667_1_0p333_0"],"t":43,"s":[17],"e":[-30]},{"t":53}],"ix":10},"p":{"a":1,"k":[{"i":{"x":0.833,"y":0.833},"o":{"x":0.167,"y":0.167},"n":"0p833_0p833_0p167_0p167","t":34,"s":[59,204.5,0],"e":[54.712,163.009,0],"to":[0,0,0],"ti":[-8.5,22.5,0]},{"i":{"x":0.833,"y":0.833},"o":{"x":0.167,"y":0.167},"n":"0p833_0p833_0p167_0p167","t":40.396,"s":[54.712,163.009,0],"e":[59.816,121.827,0],"to":[8.5,-22.5,0],"ti":[6,28,0]},{"i":{"x":0.833,"y":0.833},"o":{"x":0.167,"y":0.167},"n":"0p833_0p833_0p167_0p167","t":46.796,"s":[59.816,121.827,0],"e":[71.871,84.254,0],"to":[-6,-28,0],"ti":[-0.34903556108475,3.83939099311829,0]},{"t":53}],"ix":2},"a":{"a":0,"k":[0,0,0],"ix":1},"s":{"a":1,"k":[{"i":{"x":[0.833,0.833,0.833],"y":[0.833,0.833,0.833]},"o":{"x":[0.167,0.167,0.167],"y":[0.167,0.167,0.167]},"n":["0p833_0p833_0p167_0p167","0p833_0p833_0p167_0p167","0p833_0p833_0p167_0p167"],"t":34,"s":[100,100,100],"e":[160,160,100]},{"t":53}],"ix":6}},"ao":0,"shapes":[{"ty":"gr","it":[{"ind":0,"ty":"sh","ix":1,"ks":{"a":0,"k":{"i":[[2.111,-2.67],[0.083,0],[0.05,0.063],[3.4,0],[0,-6.776],[-1.486,-2.267],[-0.453,-0.345],[-0.529,0],[-0.453,0.32],[-4.33,6.603],[0,4.041],[6.344,0]],"o":[[-0.052,0.066],[-0.083,0],[-2.149,-2.682],[-6.369,0],[0,4.041],[4.304,6.628],[0.453,0.345],[0.529,0],[0.453,-0.345],[1.485,-2.267],[0,-6.752],[-3.408,0]],"v":[[0.225,-13.717],[0.012,-13.614],[-0.199,-13.713],[-8.446,-18],[-20,-5.729],[-16.652,3.413],[-1.498,17.507],[-0.013,18],[1.473,17.507],[16.652,3.413],[20,-5.729],[8.47,-18]],"c":true},"ix":2},"nm":"路径 1","mn":"ADBE Vector Shape - Group","hd":false},{"ty":"fl","c":{"a":0,"k":[1,0.337254911661,0.337254911661,1],"ix":4},"o":{"a":0,"k":100,"ix":5},"r":1,"nm":"填充 1","mn":"ADBE Vector Graphic - Fill","hd":false},{"ty":"tr","p":{"a":0,"k":[0,0],"ix":2},"a":{"a":0,"k":[0,0],"ix":1},"s":{"a":0,"k":[100,100],"ix":3},"r":{"a":0,"k":0,"ix":6},"o":{"a":0,"k":100,"ix":7},"sk":{"a":0,"k":0,"ix":4},"sa":{"a":0,"k":0,"ix":5},"nm":"变换"}],"nm":"形状 1","np":3,"cix":2,"ix":1,"mn":"ADBE Vector Group","hd":false}],"ip":0,"op":375,"st":0,"bm":0},{"ddd":0,"ind":5,"ty":4,"nm":"喜欢 3","sr":1,"ks":{"o":{"a":1,"k":[{"i":{"x":[0.833],"y":[0.833]},"o":{"x":[0.167],"y":[0.167]},"n":["0p833_0p833_0p167_0p167"],"t":29,"s":[0],"e":[50]},{"i":{"x":[0.833],"y":[0.833]},"o":{"x":[0.167],"y":[0.167]},"n":["0p833_0p833_0p167_0p167"],"t":30,"s":[50],"e":[0]},{"t":49}],"ix":11},"r":{"a":1,"k":[{"i":{"x":[0.667],"y":[1]},"o":{"x":[0.333],"y":[0]},"n":["0p667_1_0p333_0"],"t":30,"s":[29],"e":[-9]},{"i":{"x":[0.667],"y":[1]},"o":{"x":[0.333],"y":[0]},"n":["0p667_1_0p333_0"],"t":39,"s":[-9],"e":[44]},{"t":49}],"ix":10},"p":{"a":1,"k":[{"i":{"x":0.833,"y":0.833},"o":{"x":0.167,"y":0.167},"n":"0p833_0p833_0p167_0p167","t":30,"s":[59,204.5,0],"e":[90,163.5,0],"to":[0,0,0],"ti":[-8.5,22.5,0]},{"i":{"x":0.833,"y":0.833},"o":{"x":0.167,"y":0.167},"n":"0p833_0p833_0p167_0p167","t":35.656,"s":[90,163.5,0],"e":[81.163,102.135,0],"to":[8.5,-22.5,0],"ti":[6,28,0]},{"i":{"x":0.833,"y":0.833},"o":{"x":0.167,"y":0.167},"n":"0p833_0p833_0p167_0p167","t":42.57,"s":[81.163,102.135,0],"e":[98.531,49.869,0],"to":[-6,-28,0],"ti":[11.6068248748779,3.7307653427124,0]},{"t":49}],"ix":2},"a":{"a":0,"k":[0,0,0],"ix":1},"s":{"a":1,"k":[{"i":{"x":[0.833,0.833,0.833],"y":[0.833,0.833,0.833]},"o":{"x":[0.167,0.167,0.167],"y":[0.167,0.167,0.167]},"n":["0p833_0p833_0p167_0p167","0p833_0p833_0p167_0p167","0p833_0p833_0p167_0p167"],"t":30,"s":[100,100,100],"e":[120,120,100]},{"t":49}],"ix":6}},"ao":0,"shapes":[{"ty":"gr","it":[{"ind":0,"ty":"sh","ix":1,"ks":{"a":0,"k":{"i":[[2.111,-2.67],[0.083,0],[0.05,0.063],[3.4,0],[0,-6.776],[-1.486,-2.267],[-0.453,-0.345],[-0.529,0],[-0.453,0.32],[-4.33,6.603],[0,4.041],[6.344,0]],"o":[[-0.052,0.066],[-0.083,0],[-2.149,-2.682],[-6.369,0],[0,4.041],[4.304,6.628],[0.453,0.345],[0.529,0],[0.453,-0.345],[1.485,-2.267],[0,-6.752],[-3.408,0]],"v":[[0.225,-13.717],[0.012,-13.614],[-0.199,-13.713],[-8.446,-18],[-20,-5.729],[-16.652,3.413],[-1.498,17.507],[-0.013,18],[1.473,17.507],[16.652,3.413],[20,-5.729],[8.47,-18]],"c":true},"ix":2},"nm":"路径 1","mn":"ADBE Vector Shape - Group","hd":false},{"ty":"fl","c":{"a":0,"k":[1,0.337254911661,0.337254911661,1],"ix":4},"o":{"a":0,"k":100,"ix":5},"r":1,"nm":"填充 1","mn":"ADBE Vector Graphic - Fill","hd":false},{"ty":"tr","p":{"a":0,"k":[0,0],"ix":2},"a":{"a":0,"k":[0,0],"ix":1},"s":{"a":0,"k":[100,100],"ix":3},"r":{"a":0,"k":0,"ix":6},"o":{"a":0,"k":100,"ix":7},"sk":{"a":0,"k":0,"ix":4},"sa":{"a":0,"k":0,"ix":5},"nm":"变换"}],"nm":"形状 1","np":3,"cix":2,"ix":1,"mn":"ADBE Vector Group","hd":false}],"ip":0,"op":375,"st":0,"bm":0},{"ddd":0,"ind":6,"ty":4,"nm":"喜欢 2","sr":1,"ks":{"o":{"a":1,"k":[{"i":{"x":[0.833],"y":[0.833]},"o":{"x":[0.167],"y":[0.167]},"n":["0p833_0p833_0p167_0p167"],"t":25,"s":[0],"e":[100]},{"i":{"x":[0.833],"y":[0.833]},"o":{"x":[0.167],"y":[0.167]},"n":["0p833_0p833_0p167_0p167"],"t":26,"s":[100],"e":[0]},{"t":45}],"ix":11},"r":{"a":1,"k":[{"i":{"x":[0.667],"y":[1]},"o":{"x":[0.333],"y":[0]},"n":["0p667_1_0p333_0"],"t":26,"s":[-30],"e":[20]},{"i":{"x":[0.667],"y":[1]},"o":{"x":[0.333],"y":[0]},"n":["0p667_1_0p333_0"],"t":35,"s":[20],"e":[-20]},{"t":45}],"ix":10},"p":{"a":1,"k":[{"i":{"x":0.833,"y":0.833},"o":{"x":0.167,"y":0.167},"n":"0p833_0p833_0p167_0p167","t":26,"s":[59,204.5,0],"e":[45,162.5,0],"to":[0,0,0],"ti":[-8.5,22.5,0]},{"i":{"x":0.833,"y":0.833},"o":{"x":0.167,"y":0.167},"n":"0p833_0p833_0p167_0p167","t":30.872,"s":[45,162.5,0],"e":[57,99,0],"to":[8.5,-22.5,0],"ti":[6,28,0]},{"i":{"x":0.833,"y":0.833},"o":{"x":0.167,"y":0.167},"n":"0p833_0p833_0p167_0p167","t":37.718,"s":[57,99,0],"e":[48,29.5,0],"to":[-6,-28,0],"ti":[-1.21136474609375,3.10412240028381,0]},{"t":45}],"ix":2},"a":{"a":0,"k":[0,0,0],"ix":1},"s":{"a":1,"k":[{"i":{"x":[0.833,0.833,0.833],"y":[0.833,0.833,0.833]},"o":{"x":[0.167,0.167,0.167],"y":[0.167,0.167,0.167]},"n":["0p833_0p833_0p167_0p167","0p833_0p833_0p167_0p167","0p833_0p833_0p167_0p167"],"t":26,"s":[100,100,100],"e":[150,150,100]},{"t":45}],"ix":6}},"ao":0,"shapes":[{"ty":"gr","it":[{"ind":0,"ty":"sh","ix":1,"ks":{"a":0,"k":{"i":[[2.111,-2.67],[0.083,0],[0.05,0.063],[3.4,0],[0,-6.776],[-1.486,-2.267],[-0.453,-0.345],[-0.529,0],[-0.453,0.32],[-4.33,6.603],[0,4.041],[6.344,0]],"o":[[-0.052,0.066],[-0.083,0],[-2.149,-2.682],[-6.369,0],[0,4.041],[4.304,6.628],[0.453,0.345],[0.529,0],[0.453,-0.345],[1.485,-2.267],[0,-6.752],[-3.408,0]],"v":[[0.225,-13.717],[0.012,-13.614],[-0.199,-13.713],[-8.446,-18],[-20,-5.729],[-16.652,3.413],[-1.498,17.507],[-0.013,18],[1.473,17.507],[16.652,3.413],[20,-5.729],[8.47,-18]],"c":true},"ix":2},"nm":"路径 1","mn":"ADBE Vector Shape - Group","hd":false},{"ty":"fl","c":{"a":0,"k":[1,0.337254911661,0.337254911661,1],"ix":4},"o":{"a":0,"k":100,"ix":5},"r":1,"nm":"填充 1","mn":"ADBE Vector Graphic - Fill","hd":false},{"ty":"tr","p":{"a":0,"k":[0,0],"ix":2},"a":{"a":0,"k":[0,0],"ix":1},"s":{"a":0,"k":[100,100],"ix":3},"r":{"a":0,"k":0,"ix":6},"o":{"a":0,"k":100,"ix":7},"sk":{"a":0,"k":0,"ix":4},"sa":{"a":0,"k":0,"ix":5},"nm":"变换"}],"nm":"形状 1","np":3,"cix":2,"ix":1,"mn":"ADBE Vector Group","hd":false}],"ip":0,"op":375,"st":0,"bm":0}],"markers":[{"tm":50,"cm":"1","dr":0}]}