{"v":"5.8.1","fr":60,"ip":29,"op":90,"w":100,"h":100,"nm":"7.2_action_icon_recommend_medium_dark","ddd":0,"assets":[{"id":"comp_0","nm":"icon_common_recommend_medium_focus_dark","fr":60,"layers":[{"ddd":0,"ind":1,"ty":4,"nm":"Vector","sr":1,"ks":{"o":{"a":0,"k":100,"ix":11},"r":{"a":0,"k":0,"ix":10},"p":{"a":0,"k":[19.931,20.064,0],"ix":2,"l":2},"a":{"a":0,"k":[0,0,0],"ix":1,"l":2},"s":{"a":0,"k":[100,100,100],"ix":6,"l":2}},"ao":0,"shapes":[{"ty":"gr","it":[{"ind":0,"ty":"sh","ix":1,"ks":{"a":0,"k":{"i":[[-2.2,0],[0,0],[-1.3,3.7],[0.4,5.1],[3.5,0],[0,0],[0,0],[1.1,1.9],[2.1,0.5],[1.3,-1],[0.4,-1.5],[1.6,-0.8],[0,-4.8],[0,0],[-1.6,-1.5]],"o":[[0,0],[4.1,0],[1.3,-3.5],[-0.2,-3.3],[0,0],[0,0],[0.3,-1.9],[-1.1,-2],[-1.8,-0.4],[-2.1,1.5],[-0.3,1.5],[-4.6,2.2],[0,0],[0,2.1],[1.5,1.5]],"v":[[-9.531,17.736],[5.869,17.736],[15.069,11.536],[17.569,-1.764],[10.969,-7.764],[8.869,-7.764],[4.469,-7.664],[3.769,-13.764],[-1.131,-17.564],[-6.131,-16.664],[-9.031,-11.764],[-11.131,-8.664],[-17.631,0.036],[-17.631,9.836],[-15.231,15.436]],"c":true},"ix":2},"nm":"Path 1","mn":"ADBE Vector Shape - Group","hd":false},{"ty":"fl","c":{"a":0,"k":[0.269291341305,0.754724383354,0.899999976158,1],"ix":4},"o":{"a":0,"k":100,"ix":5},"r":1,"bm":0,"nm":"Fill 1","mn":"ADBE Vector Graphic - Fill","hd":false},{"ty":"tr","p":{"a":0,"k":[0,0],"ix":2},"a":{"a":0,"k":[0,0],"ix":1},"s":{"a":0,"k":[100,100],"ix":3},"r":{"a":0,"k":0,"ix":6},"o":{"a":0,"k":100,"ix":7},"sk":{"a":0,"k":0,"ix":4},"sa":{"a":0,"k":0,"ix":5},"nm":"Transform"}],"nm":"Vector","np":2,"cix":2,"bm":0,"ix":1,"mn":"ADBE Vector Group","hd":false}],"ip":0,"op":300,"st":0,"bm":0}]},{"id":"comp_1","nm":"Pop","fr":30,"layers":[{"ddd":0,"ind":1,"ty":4,"nm":"Shape Layer 18","sr":1,"ks":{"o":{"a":0,"k":100,"ix":11},"r":{"a":0,"k":-29.512,"ix":10},"p":{"a":0,"k":[308.078,278.585,0],"ix":2,"l":2},"a":{"a":0,"k":[169.346,175.25,0],"ix":1,"l":2},"s":{"a":0,"k":[34,34,100],"ix":6,"l":2}},"ao":0,"shapes":[{"ty":"gr","it":[{"ind":0,"ty":"sh","ix":1,"ks":{"a":0,"k":{"i":[[-65.5,-20],[19,-32],[12.236,7.835],[-23.953,13.995],[24,-29]],"o":[[65.5,20],[-9.521,16.035],[-14.265,-9.134],[40.958,-23.931],[-24.355,29.429]],"v":[[116.5,109],[208,200],[168.246,210.116],[170,164],[213,241.5]],"c":false},"ix":2},"nm":"Path 1","mn":"ADBE Vector Shape - Group","hd":false},{"ty":"st","c":{"a":0,"k":[0.180392156863,0.733333333333,0.898039275525,1],"ix":3},"o":{"a":0,"k":100,"ix":4},"w":{"a":0,"k":30,"ix":5},"lc":2,"lj":1,"ml":4,"bm":0,"nm":"Stroke 1","mn":"ADBE Vector Graphic - Stroke","hd":false},{"ty":"tr","p":{"a":0,"k":[0,0],"ix":2},"a":{"a":0,"k":[0,0],"ix":1},"s":{"a":0,"k":[100,100],"ix":3},"r":{"a":0,"k":0,"ix":6},"o":{"a":0,"k":100,"ix":7},"sk":{"a":0,"k":0,"ix":4},"sa":{"a":0,"k":0,"ix":5},"nm":"Transform"}],"nm":"Shape 1","np":3,"cix":2,"bm":0,"ix":1,"mn":"ADBE Vector Group","hd":false},{"ty":"tm","s":{"a":1,"k":[{"i":{"x":[0],"y":[1]},"o":{"x":[0.008],"y":[0]},"t":28,"s":[0],"e":[100]},{"t":48}],"ix":1},"e":{"a":1,"k":[{"i":{"x":[0],"y":[1]},"o":{"x":[0.008],"y":[0]},"t":18,"s":[0],"e":[100]},{"t":38}],"ix":2},"o":{"a":0,"k":0,"ix":3},"m":1,"ix":2,"nm":"Trim Paths 1","mn":"ADBE Vector Filter - Trim","hd":false}],"ip":18,"op":186,"st":18,"bm":0},{"ddd":0,"ind":12,"ty":4,"nm":"Shape Layer 5","sr":1,"ks":{"o":{"a":0,"k":100,"ix":11},"r":{"a":1,"k":[{"i":{"x":[0],"y":[1]},"o":{"x":[0.333],"y":[0]},"t":16,"s":[0],"e":[-272]},{"t":56}],"ix":10},"p":{"a":1,"k":[{"i":{"x":0.097,"y":1},"o":{"x":0.021,"y":0},"t":16,"s":[209.565,203.886,0],"e":[190.565,128.386,0],"to":[0,0,0],"ti":[0,0,0]},{"t":56}],"ix":2,"l":2},"a":{"a":0,"k":[-199.868,-193.543,0],"ix":1,"l":2},"s":{"a":1,"k":[{"i":{"x":[0.667,0.667,0.667],"y":[1,1,1]},"o":{"x":[0.333,0.333,0.333],"y":[0,0,0]},"t":16,"s":[0,0,100],"e":[48,48,100]},{"i":{"x":[0.667,0.667,0.667],"y":[1,1,1]},"o":{"x":[0.333,0.333,0.333],"y":[0,0,0]},"t":36,"s":[48,48,100],"e":[0,0,100]},{"t":56}],"ix":6,"l":2}},"ao":0,"shapes":[{"ty":"gr","it":[{"ty":"sr","sy":1,"d":1,"pt":{"a":0,"k":5,"ix":3},"p":{"a":0,"k":[0,0],"ix":4},"r":{"a":0,"k":0,"ix":5},"ir":{"a":0,"k":18.99,"ix":6},"is":{"a":0,"k":0,"ix":8},"or":{"a":0,"k":36.482,"ix":7},"os":{"a":0,"k":0,"ix":9},"ix":1,"nm":"Polystar Path 1","mn":"ADBE Vector Shape - Star","hd":false},{"ty":"st","c":{"a":0,"k":[0.496553009632,0.496553009632,0.496553009632,1],"ix":3},"o":{"a":0,"k":100,"ix":4},"w":{"a":0,"k":0,"ix":5},"lc":1,"lj":1,"ml":4,"bm":0,"nm":"Stroke 1","mn":"ADBE Vector Graphic - Stroke","hd":false},{"ty":"fl","c":{"a":0,"k":[0.180392156863,0.733333333333,0.898039275525,1],"ix":4},"o":{"a":0,"k":100,"ix":5},"r":1,"bm":0,"nm":"Fill 1","mn":"ADBE Vector Graphic - Fill","hd":false},{"ty":"tr","p":{"a":0,"k":[-199.5,-193],"ix":2},"a":{"a":0,"k":[0,0],"ix":1},"s":{"a":0,"k":[100,100],"ix":3},"r":{"a":0,"k":0,"ix":6},"o":{"a":0,"k":100,"ix":7},"sk":{"a":0,"k":0,"ix":4},"sa":{"a":0,"k":0,"ix":5},"nm":"Transform"}],"nm":"Polystar 1","np":3,"cix":2,"bm":0,"ix":1,"mn":"ADBE Vector Group","hd":false}],"ip":16,"op":184,"st":16,"bm":0},{"ddd":0,"ind":14,"ty":4,"nm":"Shape Layer 4","sr":1,"ks":{"o":{"a":0,"k":100,"ix":11},"r":{"a":0,"k":0,"ix":10},"p":{"a":1,"k":[{"i":{"x":0,"y":1},"o":{"x":0.013,"y":0},"t":30,"s":[276.52,263.945,0],"e":[293.52,263.945,0],"to":[8.48,-3.945,0],"ti":[0,0,0]},{"t":60}],"ix":2,"l":2},"a":{"a":0,"k":[-3.5,-7.486,0],"ix":1,"l":2},"s":{"a":0,"k":[34,34,100],"ix":6,"l":2}},"ao":0,"shapes":[{"ty":"gr","it":[{"ind":0,"ty":"sh","ix":1,"ks":{"a":0,"k":{"i":[[0,0],[-75,-31.5]],"o":[[0,0],[21.029,8.832]],"v":[[-84.5,-8.5],[77.5,1]],"c":false},"ix":2},"nm":"Path 1","mn":"ADBE Vector Shape - Group","hd":false},{"ty":"st","c":{"a":0,"k":[0.12956904991,0.894960171569,0.609837909773,1],"ix":3},"o":{"a":0,"k":100,"ix":4},"w":{"a":0,"k":35,"ix":5},"lc":2,"lj":1,"ml":4,"bm":0,"nm":"Stroke 1","mn":"ADBE Vector Graphic - Stroke","hd":false},{"ty":"tr","p":{"a":0,"k":[0,0],"ix":2},"a":{"a":0,"k":[0,0],"ix":1},"s":{"a":0,"k":[100,100],"ix":3},"r":{"a":0,"k":0,"ix":6},"o":{"a":0,"k":100,"ix":7},"sk":{"a":0,"k":0,"ix":4},"sa":{"a":0,"k":0,"ix":5},"nm":"Transform"}],"nm":"Shape 1","np":3,"cix":2,"bm":0,"ix":1,"mn":"ADBE Vector Group","hd":false},{"ty":"tm","s":{"a":1,"k":[{"i":{"x":[0],"y":[1]},"o":{"x":[0.008],"y":[0]},"t":40,"s":[0],"e":[100]},{"t":60}],"ix":1},"e":{"a":1,"k":[{"i":{"x":[0],"y":[1]},"o":{"x":[0.008],"y":[0]},"t":30,"s":[0],"e":[100]},{"t":50}],"ix":2},"o":{"a":0,"k":0,"ix":3},"m":1,"ix":2,"nm":"Trim Paths 1","mn":"ADBE Vector Filter - Trim","hd":false}],"ip":30,"op":178,"st":10,"bm":0},{"ddd":0,"ind":15,"ty":4,"nm":"Shape Layer 3","sr":1,"ks":{"o":{"a":0,"k":100,"ix":11},"r":{"a":0,"k":0,"ix":10},"p":{"a":1,"k":[{"i":{"x":0,"y":1},"o":{"x":0.013,"y":0},"t":28,"s":[282.81,236.655,0],"e":[298.31,229.155,0],"to":[0,0,0],"ti":[0,0,0]},{"t":58}],"ix":2,"l":2},"a":{"a":0,"k":[-2,-47.75,0],"ix":1,"l":2},"s":{"a":0,"k":[34,34,100],"ix":6,"l":2}},"ao":0,"shapes":[{"ty":"gr","it":[{"ind":0,"ty":"sh","ix":1,"ks":{"a":0,"k":{"i":[[0,0],[-44.896,21.9]],"o":[[0,0],[20.5,-10]],"v":[[-69.794,-12.176],[80.5,-87]],"c":false},"ix":2},"nm":"Path 1","mn":"ADBE Vector Shape - Group","hd":false},{"ty":"st","c":{"a":0,"k":[1,0.839215746113,0.298039215686,1],"ix":3},"o":{"a":0,"k":100,"ix":4},"w":{"a":0,"k":35,"ix":5},"lc":2,"lj":1,"ml":4,"bm":0,"nm":"Stroke 1","mn":"ADBE Vector Graphic - Stroke","hd":false},{"ty":"tr","p":{"a":0,"k":[0,0],"ix":2},"a":{"a":0,"k":[0,0],"ix":1},"s":{"a":0,"k":[100,100],"ix":3},"r":{"a":0,"k":0,"ix":6},"o":{"a":0,"k":100,"ix":7},"sk":{"a":0,"k":0,"ix":4},"sa":{"a":0,"k":0,"ix":5},"nm":"Transform"}],"nm":"Shape 1","np":3,"cix":2,"bm":0,"ix":1,"mn":"ADBE Vector Group","hd":false},{"ty":"tm","s":{"a":1,"k":[{"i":{"x":[0],"y":[1]},"o":{"x":[0.008],"y":[0]},"t":38,"s":[0],"e":[100]},{"t":58}],"ix":1},"e":{"a":1,"k":[{"i":{"x":[0],"y":[1]},"o":{"x":[0.008],"y":[0]},"t":28,"s":[0],"e":[100]},{"t":48}],"ix":2},"o":{"a":0,"k":0,"ix":3},"m":1,"ix":2,"nm":"Trim Paths 1","mn":"ADBE Vector Filter - Trim","hd":false}],"ip":28,"op":176,"st":8,"bm":0},{"ddd":0,"ind":17,"ty":4,"nm":"Shape Layer 2","sr":1,"ks":{"o":{"a":0,"k":100,"ix":11},"r":{"a":0,"k":0,"ix":10},"p":{"a":1,"k":[{"i":{"x":0,"y":1},"o":{"x":0.013,"y":0},"t":22,"s":[248.895,235.295,0],"e":[259.895,226.295,0],"to":[0,0,0],"ti":[0,0,0]},{"t":52}],"ix":2,"l":2},"a":{"a":0,"k":[-44.75,-43.75,0],"ix":1,"l":2},"s":{"a":0,"k":[34,34,100],"ix":6,"l":2}},"ao":0,"shapes":[{"ty":"gr","it":[{"ind":0,"ty":"sh","ix":1,"ks":{"a":0,"k":{"i":[[0,0],[-37.5,33]],"o":[[0,0],[75.035,-66.031]],"v":[[-76.412,-16.588],[-5,-79]],"c":false},"ix":2},"nm":"Path 1","mn":"ADBE Vector Shape - Group","hd":false},{"ty":"st","c":{"a":0,"k":[1,0.267064921061,0.52231241862,1],"ix":3},"o":{"a":0,"k":100,"ix":4},"w":{"a":0,"k":35,"ix":5},"lc":2,"lj":1,"ml":4,"bm":0,"nm":"Stroke 1","mn":"ADBE Vector Graphic - Stroke","hd":false},{"ty":"tr","p":{"a":0,"k":[0,0],"ix":2},"a":{"a":0,"k":[0,0],"ix":1},"s":{"a":0,"k":[100,100],"ix":3},"r":{"a":0,"k":0,"ix":6},"o":{"a":0,"k":100,"ix":7},"sk":{"a":0,"k":0,"ix":4},"sa":{"a":0,"k":0,"ix":5},"nm":"Transform"}],"nm":"Shape 1","np":3,"cix":2,"bm":0,"ix":1,"mn":"ADBE Vector Group","hd":false},{"ty":"tm","s":{"a":1,"k":[{"i":{"x":[0],"y":[1]},"o":{"x":[0.008],"y":[0]},"t":32,"s":[0],"e":[100]},{"t":52}],"ix":1},"e":{"a":1,"k":[{"i":{"x":[0],"y":[1]},"o":{"x":[0.008],"y":[0]},"t":22,"s":[0],"e":[100]},{"t":42}],"ix":2},"o":{"a":0,"k":0,"ix":3},"m":1,"ix":2,"nm":"Trim Paths 1","mn":"ADBE Vector Filter - Trim","hd":false}],"ip":22,"op":170,"st":2,"bm":0},{"ddd":0,"ind":19,"ty":4,"nm":"Shape Layer 1","sr":1,"ks":{"o":{"a":0,"k":100,"ix":11},"r":{"a":0,"k":0,"ix":10},"p":{"a":1,"k":[{"i":{"x":0,"y":1},"o":{"x":0.013,"y":0},"t":26,"s":[226.517,216.34,0],"e":[223.517,200.84,0],"to":[0,0,0],"ti":[6.483,6.41,0]},{"t":56}],"ix":2,"l":2},"a":{"a":0,"k":[-69.069,-99,0],"ix":1,"l":2},"s":{"a":0,"k":[34,34,100],"ix":6,"l":2}},"ao":0,"shapes":[{"ty":"gr","it":[{"ind":0,"ty":"sh","ix":1,"ks":{"a":0,"k":{"i":[[0,0],[22,97.5]],"o":[[0,0],[-22,-97.5]],"v":[[-79.353,-33.5],[-59.5,-189.5]],"c":false},"ix":2},"nm":"Path 1","mn":"ADBE Vector Shape - Group","hd":false},{"ty":"st","c":{"a":0,"k":[0.635294117647,0.419607843137,0.996078431373,1],"ix":3},"o":{"a":0,"k":100,"ix":4},"w":{"a":0,"k":35,"ix":5},"lc":2,"lj":1,"ml":4,"bm":0,"nm":"Stroke 1","mn":"ADBE Vector Graphic - Stroke","hd":false},{"ty":"tr","p":{"a":0,"k":[0,0],"ix":2},"a":{"a":0,"k":[0,0],"ix":1},"s":{"a":0,"k":[100,100],"ix":3},"r":{"a":0,"k":0,"ix":6},"o":{"a":0,"k":100,"ix":7},"sk":{"a":0,"k":0,"ix":4},"sa":{"a":0,"k":0,"ix":5},"nm":"Transform"}],"nm":"Shape 1","np":3,"cix":2,"bm":0,"ix":1,"mn":"ADBE Vector Group","hd":false},{"ty":"tm","s":{"a":1,"k":[{"i":{"x":[0],"y":[1]},"o":{"x":[0.008],"y":[0]},"t":36,"s":[0],"e":[100]},{"t":56}],"ix":1},"e":{"a":1,"k":[{"i":{"x":[0],"y":[1]},"o":{"x":[0.008],"y":[0]},"t":26,"s":[0],"e":[100]},{"t":46}],"ix":2},"o":{"a":0,"k":0,"ix":3},"m":1,"ix":2,"nm":"Trim Paths 1","mn":"ADBE Vector Filter - Trim","hd":false}],"ip":30,"op":194,"st":26,"bm":0},{"ddd":0,"ind":20,"ty":4,"nm":"Shape Layer 7","sr":1,"ks":{"o":{"a":0,"k":100,"ix":11},"r":{"a":0,"k":0,"ix":10},"p":{"a":1,"k":[{"i":{"x":0,"y":1},"o":{"x":0,"y":0},"t":20,"s":[244.945,239.405,0],"e":[311.445,177.905,0],"to":[0,0,0],"ti":[0,0,0]},{"t":54}],"ix":2,"l":2},"a":{"a":0,"k":[-68,-224.25,0],"ix":1,"l":2},"s":{"a":0,"k":[42.961,42.961,100],"ix":6,"l":2}},"ao":0,"shapes":[{"ty":"gr","it":[{"d":1,"ty":"el","s":{"a":0,"k":[30.688,30.688],"ix":2},"p":{"a":0,"k":[0,0],"ix":3},"nm":"Ellipse Path 1","mn":"ADBE Vector Shape - Ellipse","hd":false},{"ty":"st","c":{"a":0,"k":[1,0.473607111912,0.267064921061,1],"ix":3},"o":{"a":0,"k":100,"ix":4},"w":{"a":0,"k":0,"ix":5},"lc":1,"lj":1,"ml":4,"bm":0,"nm":"Stroke 1","mn":"ADBE Vector Graphic - Stroke","hd":false},{"ty":"fl","c":{"a":0,"k":[1,0.423529441684,0.576470588235,1],"ix":4},"o":{"a":0,"k":100,"ix":5},"r":1,"bm":0,"nm":"Fill 1","mn":"ADBE Vector Graphic - Fill","hd":false},{"ty":"tr","p":{"a":0,"k":[-68,-224.25],"ix":2},"a":{"a":0,"k":[0,0],"ix":1},"s":{"a":0,"k":[100,100],"ix":3},"r":{"a":0,"k":0,"ix":6},"o":{"a":0,"k":100,"ix":7},"sk":{"a":0,"k":0,"ix":4},"sa":{"a":0,"k":0,"ix":5},"nm":"Transform"}],"nm":"Ellipse 1","np":3,"cix":2,"bm":0,"ix":1,"mn":"ADBE Vector Group","hd":false}],"ip":20,"op":46,"st":20,"bm":0},{"ddd":0,"ind":21,"ty":4,"nm":"Shape Layer 6","sr":1,"ks":{"o":{"a":0,"k":100,"ix":11},"r":{"a":0,"k":0,"ix":10},"p":{"a":1,"k":[{"i":{"x":0,"y":1},"o":{"x":0,"y":0},"t":16,"s":[213.88,216.755,0],"e":[257.38,133.755,0],"to":[0,0,0],"ti":[0,0,0]},{"t":50}],"ix":2,"l":2},"a":{"a":0,"k":[-68,-224.25,0],"ix":1,"l":2},"s":{"a":0,"k":[43.776,43.776,100],"ix":6,"l":2}},"ao":0,"shapes":[{"ty":"gr","it":[{"d":1,"ty":"el","s":{"a":0,"k":[30.688,30.688],"ix":2},"p":{"a":0,"k":[0,0],"ix":3},"nm":"Ellipse Path 1","mn":"ADBE Vector Shape - Ellipse","hd":false},{"ty":"st","c":{"a":0,"k":[0.496553009632,0.496553009632,0.496553009632,1],"ix":3},"o":{"a":0,"k":100,"ix":4},"w":{"a":0,"k":0,"ix":5},"lc":1,"lj":1,"ml":4,"bm":0,"nm":"Stroke 1","mn":"ADBE Vector Graphic - Stroke","hd":false},{"ty":"fl","c":{"a":0,"k":[0.635294117647,0.419607843137,0.996078431373,1],"ix":4},"o":{"a":0,"k":100,"ix":5},"r":1,"bm":0,"nm":"Fill 1","mn":"ADBE Vector Graphic - Fill","hd":false},{"ty":"tr","p":{"a":0,"k":[-68,-224.25],"ix":2},"a":{"a":0,"k":[0,0],"ix":1},"s":{"a":0,"k":[100,100],"ix":3},"r":{"a":0,"k":0,"ix":6},"o":{"a":0,"k":100,"ix":7},"sk":{"a":0,"k":0,"ix":4},"sa":{"a":0,"k":0,"ix":5},"nm":"Transform"}],"nm":"Ellipse 1","np":3,"cix":2,"bm":0,"ix":1,"mn":"ADBE Vector Group","hd":false}],"ip":20,"op":38,"st":16,"bm":0}]},{"id":"comp_2","nm":"icon_common_recommend_medium_normal_dark","fr":60,"layers":[{"ddd":0,"ind":1,"ty":4,"nm":"Vector","sr":1,"ks":{"o":{"a":0,"k":100,"ix":11},"r":{"a":0,"k":0,"ix":10},"p":{"a":0,"k":[19.931,20.064,0],"ix":2,"l":2},"a":{"a":0,"k":[0,0,0],"ix":1,"l":2},"s":{"a":0,"k":[100,100,100],"ix":6,"l":2}},"ao":0,"shapes":[{"ty":"gr","it":[{"ind":0,"ty":"sh","ix":1,"ks":{"a":0,"k":{"i":[[-2.2,0],[0,0],[-1.3,3.7],[0.4,5.1],[3.5,0],[0,0],[0,0],[1.1,1.9],[2.1,0.5],[1.3,-1],[0.4,-1.5],[1.6,-0.8],[0,-4.8],[0,0],[-1.6,-1.5]],"o":[[0,0],[4.1,0],[1.3,-3.5],[-0.2,-3.3],[0,0],[0,0],[0.3,-1.9],[-1.1,-2],[-1.8,-0.4],[-2.1,1.5],[-0.3,1.5],[-4.6,2.2],[0,0],[0,2.1],[1.5,1.5]],"v":[[-9.531,17.736],[5.869,17.736],[15.069,11.536],[17.569,-1.764],[10.969,-7.764],[8.869,-7.764],[4.469,-7.664],[3.769,-13.764],[-1.131,-17.564],[-6.131,-16.664],[-9.031,-11.764],[-11.131,-8.664],[-17.631,0.036],[-17.631,9.836],[-15.231,15.436]],"c":true},"ix":2},"nm":"Path 1","mn":"ADBE Vector Shape - Group","hd":false},{"ind":1,"ty":"sh","ix":2,"ks":{"a":0,"k":{"i":[[-1.1,0.8],[-0.6,0],[-0.3,0],[-0.8,-1.4],[0.4,-2.2],[-0.5,-0.6],[-0.8,0],[0,0],[0,0],[-0.1,-1.6],[1.9,-4.7],[2.7,0],[0,0],[0.9,0.9],[0,1.2],[0,0],[-4.1,2],[-0.4,1.6]],"o":[[0.4,-0.3],[0.2,0],[0.6,0.1],[0.5,1],[-0.2,0.8],[0.6,0.6],[0,0],[0,0],[1.6,0],[0.3,3.4],[-0.9,2.3],[0,0],[-1.2,0],[-0.8,-0.8],[0,0],[0,-2.8],[3,-1.5],[0.3,-1.2]],"v":[[-4.031,-13.964],[-2.531,-14.364],[-1.731,-14.264],[0.869,-12.264],[1.069,-7.564],[1.669,-5.264],[3.869,-4.264],[9.069,-4.364],[11.169,-4.364],[14.269,-1.564],[11.969,10.236],[5.869,14.136],[-9.531,14.136],[-12.831,12.836],[-14.131,9.736],[-14.131,-0.064],[-9.631,-5.664],[-5.631,-11.064]],"c":true},"ix":2},"nm":"Path 2","mn":"ADBE Vector Shape - Group","hd":false},{"ty":"mm","mm":1,"nm":"Merge Paths 1","mn":"ADBE Vector Filter - Merge","hd":false},{"ty":"fl","c":{"a":0,"k":[0.803921580315,0.803921580315,0.803921580315,1],"ix":4},"o":{"a":0,"k":100,"ix":5},"r":1,"bm":0,"nm":"Fill 1","mn":"ADBE Vector Graphic - Fill","hd":false},{"ty":"tr","p":{"a":0,"k":[0,0],"ix":2},"a":{"a":0,"k":[0,0],"ix":1},"s":{"a":0,"k":[100,100],"ix":3},"r":{"a":0,"k":0,"ix":6},"o":{"a":0,"k":100,"ix":7},"sk":{"a":0,"k":0,"ix":4},"sa":{"a":0,"k":0,"ix":5},"nm":"Transform"}],"nm":"Vector","np":4,"cix":2,"bm":0,"ix":1,"mn":"ADBE Vector Group","hd":false}],"ip":0,"op":300,"st":0,"bm":0}]}],"layers":[{"ddd":0,"ind":1,"ty":0,"nm":"icon_common_recommend_medium_focus_dark","refId":"comp_0","sr":1,"ks":{"o":{"a":0,"k":100,"ix":11},"r":{"a":0,"k":0,"ix":10},"p":{"a":0,"k":[50,50,0],"ix":2,"l":2},"a":{"a":0,"k":[20,20,0],"ix":1,"l":2},"s":{"a":1,"k":[{"i":{"x":[0,0,0.667],"y":[1,1,1]},"o":{"x":[0.333,0.333,0.333],"y":[0,0,0]},"t":30,"s":[100,100,100],"e":[94,94,100]},{"i":{"x":[0.798,0.798,0.667],"y":[1,1,1]},"o":{"x":[0.743,0.743,0.333],"y":[0,0,0]},"t":40,"s":[94,94,100],"e":[109,109,100]},{"i":{"x":[0,0,0.667],"y":[1,1,1]},"o":{"x":[0.333,0.333,0.333],"y":[0,0,0]},"t":48,"s":[109,109,100],"e":[115,115,100]},{"i":{"x":[0.42,0.42,0.667],"y":[1,1,1]},"o":{"x":[0.333,0.333,0.333],"y":[0,0,0]},"t":60,"s":[115,115,100],"e":[97,97,100]},{"i":{"x":[0.028,0.028,0.667],"y":[1,1,1]},"o":{"x":[0.606,0.606,0.333],"y":[0,0,0]},"t":68,"s":[97,97,100],"e":[100,100,100]},{"t":78}],"ix":6,"l":2}},"ao":0,"w":40,"h":40,"ip":30,"op":300,"st":0,"bm":0},{"ddd":0,"ind":3,"ty":0,"nm":"Pop","refId":"comp_1","sr":1,"ks":{"o":{"a":0,"k":100,"ix":11},"r":{"a":0,"k":0,"ix":10},"p":{"a":0,"k":[70.25,46,0],"ix":2,"l":2},"a":{"a":0,"k":[250,250,0],"ix":1,"l":2},"s":{"a":0,"k":[35,35,100],"ix":6,"l":2}},"ao":0,"w":500,"h":500,"ip":28,"op":196,"st":28,"bm":0},{"ddd":0,"ind":5,"ty":0,"nm":"icon_common_recommend_medium_normal_dark","refId":"comp_2","sr":1,"ks":{"o":{"a":0,"k":100,"ix":11},"r":{"a":0,"k":0,"ix":10},"p":{"a":0,"k":[50,50,0],"ix":2,"l":2},"a":{"a":0,"k":[20,20,0],"ix":1,"l":2},"s":{"a":0,"k":[100,100,100],"ix":6,"l":2}},"ao":0,"w":40,"h":40,"ip":-173,"op":30,"st":-173,"bm":0}],"markers":[]}