{"v":"5.7.11","fr":60,"ip":0,"op":360,"w":140,"h":60,"nm":"notification_motion_dog_dark","ddd":0,"assets":[],"layers":[{"ddd":0,"ind":1,"ty":4,"nm":"“notification_text”轮廓 2","sr":1,"ks":{"o":{"a":0,"k":100,"ix":11},"r":{"a":0,"k":0,"ix":10},"p":{"a":0,"k":[41.25,31.25,0],"ix":2,"l":2},"a":{"a":0,"k":[5.5,30.25,0],"ix":1,"l":2},"s":{"a":1,"k":[{"i":{"x":[0.667,0.667,0.667],"y":[1,1,1]},"o":{"x":[0.817,0.817,0.333],"y":[0,0,0]},"t":54,"s":[0,0,100]},{"i":{"x":[0.667,0.667,0.667],"y":[1,1,1]},"o":{"x":[0.333,0.333,0.333],"y":[0,0,0]},"t":79,"s":[102,102,100]},{"i":{"x":[0.667,0.667,0.667],"y":[1,1,1]},"o":{"x":[0.333,0.333,0.333],"y":[0,0,0]},"t":89,"s":[90,90,100]},{"i":{"x":[0.674,0.674,0.674],"y":[1,1,1]},"o":{"x":[0.305,0.305,0.305],"y":[0,0,0]},"t":105,"s":[95,95,100]},{"i":{"x":[0.833,0.833,0.833],"y":[1,1,1]},"o":{"x":[0.167,0.167,0.167],"y":[0,0,0]},"t":212,"s":[95,95,100]},{"t":235,"s":[0,0,100]}],"ix":6,"l":2}},"ao":0,"shapes":[{"ty":"gr","it":[{"ind":0,"ty":"sh","ix":1,"ks":{"a":0,"k":{"i":[[0.601,0],[0,0],[0,1.119],[0,0],[0,0],[0,0],[-0.359,0],[0,0],[-0.119,0.266],[-0.066,1.641],[0,0],[0.306,-0.426]],"o":[[0,0],[-1,0],[0,0],[0,0],[0,0],[0,0.467],[0,0],[0.281,0],[0.147,-0.347],[0,0],[-0.12,2.026],[-0.294,0.374]],"v":[[37.219,8.79],[35.74,8.79],[34.24,7.111],[34.24,-8.91],[35.6,-8.91],[35.6,6.831],[36.139,7.531],[36.999,7.531],[37.6,7.131],[37.919,4.15],[39.199,4.551],[38.561,8.23]],"c":true},"ix":2},"nm":"路径 1","mn":"ADBE Vector Shape - Group","hd":false},{"ind":1,"ty":"sh","ix":2,"ks":{"a":0,"k":{"i":[[-0.747,0.253],[0,0],[0.8,-0.227],[0,0],[1.066,0],[0,0],[0,0],[-0.254,0],[0,0.547],[0,0],[1.04,-0.213],[0,0],[-0.907,0.2],[0,0],[-0.507,0.906],[0,0],[0,0],[0,0],[0,0],[0.987,-1.347],[0,0]],"o":[[0,0],[-0.653,0.213],[0,0],[0,1.081],[0,0],[0,0],[0.96,0.066],[0.439,0],[0,0],[-0.507,0.12],[0,0],[0.866,-0.16],[0,0],[0.786,-1.027],[0,0],[0,0],[0,0],[0,0],[-0.426,0.907],[0,0],[0.707,-0.187]],"v":[[33.061,-1.15],[33.061,0.251],[30.88,0.911],[30.88,7.23],[29.281,8.85],[27.38,8.85],[27.079,7.59],[28.9,7.689],[29.561,6.87],[29.561,1.271],[27.24,1.771],[26.9,0.391],[29.561,-0.15],[29.561,-4.23],[31.499,-7.13],[27.38,-7.13],[27.38,-8.41],[32.999,-8.41],[32.999,-7.21],[30.88,-3.829],[30.88,-0.49]],"c":true},"ix":2},"nm":"路径 2","mn":"ADBE Vector Shape - Group","hd":false},{"ind":2,"ty":"sh","ix":3,"ks":{"a":0,"k":{"i":[[0,0],[0,0],[0,0],[0,0]],"o":[[0,0],[0,0],[0,0],[0,0]],"v":[[22.999,4.57],[24.96,4.57],[24.96,-6.27],[22.999,-6.27]],"c":true},"ix":2},"nm":"路径 3","mn":"ADBE Vector Shape - Group","hd":false},{"ind":3,"ty":"sh","ix":4,"ks":{"a":0,"k":{"i":[[0,0],[0,0],[0,0],[0,0],[0,0],[0,0],[0,0],[0,0]],"o":[[0,0],[0,0],[0,0],[0,0],[0,0],[0,0],[0,0],[0,0]],"v":[[26.259,-7.549],[26.259,7.111],[24.96,7.111],[24.96,5.85],[22.999,5.85],[22.999,7.59],[21.68,7.59],[21.68,-7.549]],"c":true},"ix":2},"nm":"路径 4","mn":"ADBE Vector Shape - Group","hd":false},{"ind":4,"ty":"sh","ix":5,"ks":{"a":0,"k":{"i":[[0,0],[0,0],[0,0],[0,0]],"o":[[0,0],[0,0],[0,0],[0,0]],"v":[[6.46,7.111],[15.499,7.111],[15.499,5.751],[6.46,5.751]],"c":true},"ix":2},"nm":"路径 5","mn":"ADBE Vector Shape - Group","hd":false},{"ind":5,"ty":"sh","ix":6,"ks":{"a":0,"k":{"i":[[0,0]],"o":[[0,0]],"v":[[6.46,5.751]],"c":false},"ix":2},"nm":"路径 6","mn":"ADBE Vector Shape - Group","hd":false},{"ind":6,"ty":"sh","ix":7,"ks":{"a":0,"k":{"i":[[0,0],[0,0],[0,0],[0,0]],"o":[[0,0],[0,0],[0,0],[0,0]],"v":[[15.499,0.911],[6.46,0.911],[6.46,2.251],[15.499,2.251]],"c":true},"ix":2},"nm":"路径 7","mn":"ADBE Vector Shape - Group","hd":false},{"ind":7,"ty":"sh","ix":8,"ks":{"a":0,"k":{"i":[[0,0]],"o":[[0,0]],"v":[[15.499,2.251]],"c":false},"ix":2},"nm":"路径 8","mn":"ADBE Vector Shape - Group","hd":false},{"ind":8,"ty":"sh","ix":9,"ks":{"a":0,"k":{"i":[[0,0],[0,0],[0,0],[0,0]],"o":[[0,0],[0,0],[0,0],[0,0]],"v":[[6.46,4.631],[15.499,4.631],[15.499,3.37],[6.46,3.37]],"c":true},"ix":2},"nm":"路径 9","mn":"ADBE Vector Shape - Group","hd":false},{"ind":9,"ty":"sh","ix":10,"ks":{"a":0,"k":{"i":[[0,0]],"o":[[0,0]],"v":[[6.46,3.37]],"c":false},"ix":2},"nm":"路径 10","mn":"ADBE Vector Shape - Group","hd":false},{"ind":10,"ty":"sh","ix":11,"ks":{"a":0,"k":{"i":[[0,0],[0,0],[-0.334,0.786],[2.281,0],[0,0],[-3.747,0.76],[0,0],[2.559,-0.2],[0.24,-0.6],[0,0],[0,0],[0,0],[0.346,-0.587],[0,0],[0,0],[0,0],[0.333,-0.387],[0,0],[0,0],[0,0],[0,0],[0,0],[0,0],[0,0],[0,0],[1.161,-0.787],[0,0],[-1.401,1.653],[0,0],[0,0],[0,0],[-0.252,0.427],[0,0]],"o":[[0,0],[0.08,-0.187],[-1.96,0.12],[0,0],[5.667,0],[0,0],[-1.854,0.413],[-0.148,0.44],[0,0],[0,0],[0,0],[-0.16,0.32],[0,0],[0,0],[0,0],[-0.401,0.533],[0,0],[0,0],[0,0],[0,0],[0,0],[0,0],[0,0],[0,0],[-1.093,0.987],[0,0],[2.2,-1.493],[0,0],[0,0],[0,0],[0.333,-0.48],[0,0],[0,0]],"v":[[2.521,-5.529],[8.861,-5.529],[9.48,-6.99],[3.12,-6.809],[2.7,-8.01],[16.82,-9.15],[17.48,-8.01],[10.861,-7.089],[10.281,-5.529],[17.719,-5.529],[17.719,-4.29],[9.699,-4.29],[8.941,-2.93],[18.88,-2.93],[18.88,-1.649],[8.061,-1.649],[6.96,-0.27],[16.88,-0.27],[16.88,9.15],[15.499,9.15],[15.499,8.29],[6.46,8.29],[6.46,9.15],[5.079,9.15],[5.079,1.65],[1.7,4.311],[0.92,3.07],[6.32,-1.649],[1.441,-1.649],[1.441,-2.93],[7.32,-2.93],[8.199,-4.29],[2.521,-4.29]],"c":true},"ix":2},"nm":"路径 11","mn":"ADBE Vector Shape - Group","hd":false},{"ind":11,"ty":"sh","ix":12,"ks":{"a":0,"k":{"i":[[0,0],[0,0],[0,0],[0,0]],"o":[[0,0],[0,0],[0,0],[0,0]],"v":[[-13.54,7.111],[-4.501,7.111],[-4.501,5.751],[-13.54,5.751]],"c":true},"ix":2},"nm":"路径 12","mn":"ADBE Vector Shape - Group","hd":false},{"ind":12,"ty":"sh","ix":13,"ks":{"a":0,"k":{"i":[[0,0]],"o":[[0,0]],"v":[[-13.54,5.751]],"c":false},"ix":2},"nm":"路径 13","mn":"ADBE Vector Shape - Group","hd":false},{"ind":13,"ty":"sh","ix":14,"ks":{"a":0,"k":{"i":[[0,0],[0,0],[0,0],[0,0]],"o":[[0,0],[0,0],[0,0],[0,0]],"v":[[-4.501,0.911],[-13.54,0.911],[-13.54,2.251],[-4.501,2.251]],"c":true},"ix":2},"nm":"路径 14","mn":"ADBE Vector Shape - Group","hd":false},{"ind":14,"ty":"sh","ix":15,"ks":{"a":0,"k":{"i":[[0,0]],"o":[[0,0]],"v":[[-4.501,2.251]],"c":false},"ix":2},"nm":"路径 15","mn":"ADBE Vector Shape - Group","hd":false},{"ind":15,"ty":"sh","ix":16,"ks":{"a":0,"k":{"i":[[0,0],[0,0],[0,0],[0,0]],"o":[[0,0],[0,0],[0,0],[0,0]],"v":[[-13.54,4.631],[-4.501,4.631],[-4.501,3.37],[-13.54,3.37]],"c":true},"ix":2},"nm":"路径 16","mn":"ADBE Vector Shape - Group","hd":false},{"ind":16,"ty":"sh","ix":17,"ks":{"a":0,"k":{"i":[[0,0]],"o":[[0,0]],"v":[[-13.54,3.37]],"c":false},"ix":2},"nm":"路径 17","mn":"ADBE Vector Shape - Group","hd":false},{"ind":17,"ty":"sh","ix":18,"ks":{"a":0,"k":{"i":[[0,0],[0,0],[-0.333,0.786],[2.28,0],[0,0],[-3.747,0.76],[0,0],[2.56,-0.2],[0.239,-0.6],[0,0],[0,0],[0,0],[0.347,-0.587],[0,0],[0,0],[0,0],[0.334,-0.387],[0,0],[0,0],[0,0],[0,0],[0,0],[0,0],[0,0],[0,0],[1.16,-0.787],[0,0],[-1.401,1.653],[0,0],[0,0],[0,0],[-0.253,0.427],[0,0]],"o":[[0,0],[0.08,-0.187],[-1.96,0.12],[0,0],[5.667,0],[0,0],[-1.854,0.413],[-0.146,0.44],[0,0],[0,0],[0,0],[-0.16,0.32],[0,0],[0,0],[0,0],[-0.4,0.533],[0,0],[0,0],[0,0],[0,0],[0,0],[0,0],[0,0],[0,0],[-1.093,0.987],[0,0],[2.2,-1.493],[0,0],[0,0],[0,0],[0.333,-0.48],[0,0],[0,0]],"v":[[-17.48,-5.529],[-11.141,-5.529],[-10.521,-6.99],[-16.88,-6.809],[-17.301,-8.01],[-3.18,-9.15],[-2.52,-8.01],[-9.141,-7.089],[-9.719,-5.529],[-2.281,-5.529],[-2.281,-4.29],[-10.301,-4.29],[-11.061,-2.93],[-1.12,-2.93],[-1.12,-1.649],[-11.941,-1.649],[-13.04,-0.27],[-3.12,-0.27],[-3.12,9.15],[-4.501,9.15],[-4.501,8.29],[-13.54,8.29],[-13.54,9.15],[-14.921,9.15],[-14.921,1.65],[-18.301,4.311],[-19.081,3.07],[-13.68,-1.649],[-18.561,-1.649],[-18.561,-2.93],[-12.68,-2.93],[-11.801,-4.29],[-17.48,-4.29]],"c":true},"ix":2},"nm":"路径 18","mn":"ADBE Vector Shape - Group","hd":false},{"ind":18,"ty":"sh","ix":19,"ks":{"a":0,"k":{"i":[[-1.213,2.253],[0,0],[0,0],[0,0],[0,0],[0,0],[0,0],[0,0],[0,0],[0,0],[0,0],[0,0],[0,0],[0,0],[0,0],[0,0],[-0.574,1.626],[0,0],[0.746,-1.174],[0,0],[0,0],[0,0],[-3.414,-1.787],[0,0],[1.427,2.706],[0,0],[0,0],[0,0],[0,0],[0,0],[3.8,-2.066],[0,0]],"o":[[0,0],[0,0],[0,0],[0,0],[0,0],[0,0],[0,0],[0,0],[0,0],[0,0],[0,0],[0,0],[0,0],[0,0],[0,0],[0.759,-1.32],[0,0],[-0.573,1.44],[0,0],[0,0],[0,0],[1.413,2.267],[0,0],[-3.533,-2.172],[0,0],[0,0],[0,0],[0,0],[0,0],[-1.28,2.826],[0,0],[3.613,-1.786]],"v":[[-31.96,0.951],[-38.641,0.951],[-38.641,-0.43],[-30.66,-0.43],[-30.66,-5.449],[-37.861,-5.449],[-37.861,-6.829],[-30.66,-6.829],[-30.66,-9.13],[-29.18,-9.13],[-29.18,-6.829],[-21.82,-6.829],[-21.82,-5.449],[-29.18,-5.449],[-29.18,-0.43],[-27.18,-0.43],[-25.18,-4.85],[-23.781,-4.35],[-25.76,-0.43],[-21.24,-0.43],[-21.24,0.951],[-27.921,0.951],[-20.68,7.031],[-21.661,8.27],[-29.1,0.951],[-29.18,0.951],[-29.18,9.09],[-30.66,9.09],[-30.66,0.951],[-30.781,0.951],[-38.4,8.29],[-39.199,7.01]],"c":true},"ix":2},"nm":"路径 19","mn":"ADBE Vector Shape - Group","hd":false},{"ind":19,"ty":"sh","ix":20,"ks":{"a":0,"k":{"i":[[0,0],[-0.613,-1.253],[0,0],[0.72,1.053]],"o":[[0.641,1],[0,0],[-0.547,-1.213],[0,0]],"v":[[-34.861,-4.669],[-32.98,-1.29],[-34.219,-0.669],[-36.12,-4.07]],"c":true},"ix":2},"nm":"路径 20","mn":"ADBE Vector Shape - Group","hd":false},{"ty":"mm","mm":1,"nm":"合并路径 1","mn":"ADBE Vector Filter - Merge","hd":false},{"ty":"fl","c":{"a":0,"k":[0.6,0.6,0.6,1],"ix":4},"o":{"a":0,"k":100,"ix":5},"r":1,"bm":0,"nm":"填充 1","mn":"ADBE Vector Graphic - Fill","hd":false},{"ty":"tr","p":{"a":0,"k":[55.92,14.87],"ix":2},"a":{"a":0,"k":[0,0],"ix":1},"s":{"a":0,"k":[100,100],"ix":3},"r":{"a":0,"k":0,"ix":6},"o":{"a":0,"k":100,"ix":7},"sk":{"a":0,"k":0,"ix":4},"sa":{"a":0,"k":0,"ix":5},"nm":"Transform"}],"nm":"组 1","np":22,"cix":2,"bm":0,"ix":1,"mn":"ADBE Vector Group","hd":false},{"ty":"gr","it":[{"ind":0,"ty":"sh","ix":1,"ks":{"a":0,"k":{"i":[[0,0],[0,-4.962],[0,0],[3.161,-2.299],[-0.169,-0.52],[-0.835,0],[0,0],[0,4.963],[0,0],[4.963,0]],"o":[[-4.962,0],[0,0],[0,3.909],[-0.676,0.491],[0.169,0.52],[0,0],[4.963,0],[0,0],[0,-4.962],[0,0]],"v":[[-32.543,-14],[-41.543,-5],[-41.543,1.267],[-46.591,11.181],[-47.157,12.923],[-45.674,14],[38.457,14],[47.457,5],[47.457,-5],[38.457,-14]],"c":true},"ix":2},"nm":"路径 1","mn":"ADBE Vector Shape - Group","hd":false},{"ind":1,"ty":"sh","ix":2,"ks":{"a":0,"k":{"i":[[5.514,0],[0,0],[0.349,1.075],[-0.913,0.664],[0,3.589],[0,0],[-5.514,0],[0,0],[0,-5.514],[0,0]],"o":[[0,0],[-1.13,0],[-0.349,-1.073],[2.903,-2.111],[0,0],[0,-5.514],[0,0],[5.514,0],[0,0],[0,5.514]],"v":[[38.457,15],[-45.674,15],[-48.108,13.232],[-47.179,10.372],[-42.543,1.267],[-42.543,-5],[-32.543,-15],[38.457,-15],[48.457,-5],[48.457,5]],"c":true},"ix":2},"nm":"路径 2","mn":"ADBE Vector Shape - Group","hd":false},{"ty":"mm","mm":1,"nm":"合并路径 1","mn":"ADBE Vector Filter - Merge","hd":false},{"ty":"fl","c":{"a":0,"k":[0.6,0.6,0.6,1],"ix":4},"o":{"a":0,"k":100,"ix":5},"r":1,"bm":0,"nm":"填充 1","mn":"ADBE Vector Graphic - Fill","hd":false},{"ty":"tr","p":{"a":0,"k":[53.543,15],"ix":2},"a":{"a":0,"k":[0,0],"ix":1},"s":{"a":0,"k":[100,100],"ix":3},"r":{"a":0,"k":0,"ix":6},"o":{"a":0,"k":100,"ix":7},"sk":{"a":0,"k":0,"ix":4},"sa":{"a":0,"k":0,"ix":5},"nm":"Transform"}],"nm":"组 2","np":4,"cix":2,"bm":0,"ix":2,"mn":"ADBE Vector Group","hd":false},{"ty":"gr","it":[{"ind":0,"ty":"sh","ix":1,"ks":{"a":0,"k":{"i":[[0,0],[-5.247,0],[0,0],[0,-5.247],[0,0],[5.247,0],[0,0],[0,0],[-1.613,1.173],[0,3.762]],"o":[[0,-5.247],[0,0],[5.247,0],[0,0],[0,5.247],[0,0],[0,0],[-1.994,0],[3.042,-2.213],[0,0]],"v":[[-41.773,-5],[-32.273,-14.5],[38.728,-14.5],[48.228,-5],[48.228,5],[38.728,14.5],[-42.273,14.5],[-45.404,14.5],[-46.615,10.776],[-41.773,1.267]],"c":true},"ix":2},"nm":"路径 1","mn":"ADBE Vector Shape - Group","hd":false},{"ty":"fl","c":{"a":0,"k":[0.082352941176,0.082352941176,0.082352941176,1],"ix":4},"o":{"a":0,"k":100,"ix":5},"r":1,"bm":0,"nm":"填充 1","mn":"ADBE Vector Graphic - Fill","hd":false},{"ty":"tr","p":{"a":0,"k":[53.272,15],"ix":2},"a":{"a":0,"k":[0,0],"ix":1},"s":{"a":0,"k":[100,100],"ix":3},"r":{"a":0,"k":0,"ix":6},"o":{"a":0,"k":100,"ix":7},"sk":{"a":0,"k":0,"ix":4},"sa":{"a":0,"k":0,"ix":5},"nm":"Transform"}],"nm":"组 3","np":2,"cix":2,"bm":0,"ix":3,"mn":"ADBE Vector Group","hd":false}],"ip":0,"op":360,"st":0,"bm":0},{"ddd":0,"ind":2,"ty":4,"nm":"“notification_motion_dog”轮廓","sr":1,"ks":{"o":{"a":0,"k":100,"ix":11},"r":{"a":0,"k":0,"ix":10},"p":{"a":0,"k":[25,36,0],"ix":2,"l":2},"a":{"a":0,"k":[24,24,0],"ix":1,"l":2},"s":{"a":0,"k":[100,100,100],"ix":6,"l":2}},"ao":0,"shapes":[{"ty":"gr","it":[{"ind":0,"ty":"sh","ix":1,"ks":{"a":0,"k":{"i":[[0,0],[0,0],[0,0],[0,0]],"o":[[0,0],[0,0],[0,0],[0,0]],"v":[[12.188,-0.25],[-0.5,-0.375],[-0.5,48.5],[12.188,48.5]],"c":true},"ix":2},"nm":"路径 1","mn":"ADBE Vector Shape - Group","hd":false},{"ty":"st","c":{"a":0,"k":[0.180000005984,0.180000005984,0.180000005984,1],"ix":3},"o":{"a":0,"k":100,"ix":4},"w":{"a":0,"k":0,"ix":5},"lc":1,"lj":1,"ml":4,"bm":0,"nm":"描边 1","mn":"ADBE Vector Graphic - Stroke","hd":false},{"ty":"fl","c":{"a":0,"k":[0.082352941176,0.082352941176,0.082352941176,1],"ix":4},"o":{"a":0,"k":100,"ix":5},"r":1,"bm":0,"nm":"填充 1","mn":"ADBE Vector Graphic - Fill","hd":false},{"ty":"tr","p":{"a":0,"k":[-1.25,0],"ix":2},"a":{"a":0,"k":[0,0],"ix":1},"s":{"a":0,"k":[100,100],"ix":3},"r":{"a":0,"k":0,"ix":6},"o":{"a":0,"k":100,"ix":7},"sk":{"a":0,"k":0,"ix":4},"sa":{"a":0,"k":0,"ix":5},"nm":"Transform"}],"nm":"形状 1","np":3,"cix":2,"bm":0,"ix":1,"mn":"ADBE Vector Group","hd":false},{"ty":"gr","it":[{"ind":0,"ty":"sh","ix":1,"ks":{"a":0,"k":{"i":[[0,0],[0,0],[0,0],[0,0]],"o":[[0,0],[0,0],[0,0],[0,0]],"v":[[-0.324,-15.875],[0.449,-15.875],[0.449,15.892],[-0.324,15.892]],"c":true},"ix":2},"nm":"路径 1","mn":"ADBE Vector Shape - Group","hd":false},{"ty":"st","c":{"a":0,"k":[0.276192190133,0.27619117288,0.276192369648,1],"ix":3},"o":{"a":0,"k":100,"ix":4},"w":{"a":0,"k":0.195,"ix":5},"lc":1,"lj":1,"ml":4,"bm":0,"nm":"描边 1","mn":"ADBE Vector Graphic - Stroke","hd":false},{"ty":"fl","c":{"a":0,"k":[0.276192190133,0.27619117288,0.276192369648,1],"ix":4},"o":{"a":0,"k":100,"ix":5},"r":1,"bm":0,"nm":"填充 1","mn":"ADBE Vector Graphic - Fill","hd":false},{"ty":"tr","p":{"a":0,"k":[11.366,27.12],"ix":2},"a":{"a":0,"k":[0,0],"ix":1},"s":{"a":0,"k":[100,100],"ix":3},"r":{"a":0,"k":0,"ix":6},"o":{"a":1,"k":[{"i":{"x":[0.833],"y":[0.833]},"o":{"x":[0.167],"y":[0.167]},"t":38,"s":[0]},{"i":{"x":[0.833],"y":[0.833]},"o":{"x":[0.167],"y":[0.167]},"t":76,"s":[100]},{"i":{"x":[0.833],"y":[0.833]},"o":{"x":[0.167],"y":[0.167]},"t":225,"s":[100]},{"t":240,"s":[0]}],"ix":7},"sk":{"a":0,"k":0,"ix":4},"sa":{"a":0,"k":0,"ix":5},"nm":"Transform"}],"nm":"line","np":3,"cix":2,"bm":0,"ix":2,"mn":"ADBE Vector Group","hd":false},{"ty":"gr","it":[{"ty":"gr","it":[{"ty":"gr","it":[{"ind":0,"ty":"sh","ix":1,"ks":{"a":0,"k":{"i":[[0,0],[0,0],[0,0],[0,0]],"o":[[0,0],[0,0],[0,0],[0,0]],"v":[[-0.387,-15.883],[0.387,-15.883],[0.387,15.883],[-0.387,15.883]],"c":true},"ix":2},"nm":"Path 1","mn":"ADBE Vector Shape - Group","hd":false},{"ty":"st","c":{"a":0,"k":[0.180000005984,0.180000005984,0.180000005984,1],"ix":3},"o":{"a":0,"k":100,"ix":4},"w":{"a":0,"k":0.195,"ix":5},"lc":1,"lj":1,"ml":4,"bm":0,"nm":"Stroke 1","mn":"ADBE Vector Graphic - Stroke","hd":false},{"ty":"fl","c":{"a":0,"k":[0.180000005984,0.180000005984,0.180000005984,1],"ix":4},"o":{"a":0,"k":100,"ix":5},"r":1,"bm":0,"nm":"Fill 1","mn":"ADBE Vector Graphic - Fill","hd":false},{"ty":"tr","p":{"a":0,"k":[11.366,27.12],"ix":2},"a":{"a":0,"k":[0,0],"ix":1},"s":{"a":0,"k":[100,100],"ix":3},"r":{"a":0,"k":0,"ix":6},"o":{"a":0,"k":100,"ix":7},"sk":{"a":0,"k":0,"ix":4},"sa":{"a":0,"k":0,"ix":5},"nm":"Transform"}],"nm":"Group 1","np":3,"cix":2,"bm":0,"ix":1,"mn":"ADBE Vector Group","hd":false},{"ty":"gr","it":[{"ind":0,"ty":"sh","ix":1,"ks":{"a":0,"k":{"i":[[0,0],[-0.961,-0.26],[0,0],[-0.718,0],[0,-1.202],[1.084,0],[1.124,-0.689],[1.802,-0.353]],"o":[[0,0],[0.961,0.26],[0.566,-0.464],[0.973,0],[0,1.201],[-1.187,0],[-1.125,0.689],[0,0]],"v":[[-3.88,-4.085],[-1.374,-2.712],[1.887,-2.06],[3.947,-2.952],[5.682,-1.073],[3.604,0.927],[-0.049,1.901],[-5.682,4.085]],"c":false},"ix":2},"nm":"Path 1","mn":"ADBE Vector Shape - Group","hd":false},{"ty":"st","c":{"a":0,"k":[0.169000004787,0.169000004787,0.169000004787,1],"ix":3},"o":{"a":0,"k":100,"ix":4},"w":{"a":0,"k":1.5,"ix":5},"lc":2,"lj":2,"bm":0,"nm":"Stroke 1","mn":"ADBE Vector Graphic - Stroke","hd":false},{"ty":"tr","p":{"a":0,"k":[22.697,37.571],"ix":2},"a":{"a":0,"k":[0,0],"ix":1},"s":{"a":0,"k":[100,100],"ix":3},"r":{"a":0,"k":0,"ix":6},"o":{"a":0,"k":100,"ix":7},"sk":{"a":0,"k":0,"ix":4},"sa":{"a":0,"k":0,"ix":5},"nm":"Transform"}],"nm":"Group 2","np":2,"cix":2,"bm":0,"ix":2,"mn":"ADBE Vector Group","hd":false},{"ty":"gr","it":[{"ind":0,"ty":"sh","ix":1,"ks":{"a":0,"k":{"i":[[0.795,0.735],[-0.332,0.523],[-0.908,-0.756],[0.331,-0.523]],"o":[[-0.796,-0.735],[0.444,-0.501],[0.908,0.757],[-0.445,0.502]],"v":[[-0.688,0.865],[-1.566,-1.29],[0.688,-0.867],[1.567,1.29]],"c":true},"ix":2},"nm":"Path 1","mn":"ADBE Vector Shape - Group","hd":false},{"ty":"fl","c":{"a":0,"k":[0.165000002992,0.169000004787,0.169000004787,1],"ix":4},"o":{"a":0,"k":100,"ix":5},"r":1,"bm":0,"nm":"Fill 1","mn":"ADBE Vector Graphic - Fill","hd":false},{"ty":"tr","p":{"a":0,"k":[21.51,23.512],"ix":2},"a":{"a":0,"k":[0,0],"ix":1},"s":{"a":0,"k":[100,100],"ix":3},"r":{"a":0,"k":0,"ix":6},"o":{"a":0,"k":100,"ix":7},"sk":{"a":0,"k":0,"ix":4},"sa":{"a":0,"k":0,"ix":5},"nm":"Transform"}],"nm":"Group 3","np":2,"cix":2,"bm":0,"ix":3,"mn":"ADBE Vector Group","hd":false},{"ty":"gr","it":[{"ind":0,"ty":"sh","ix":1,"ks":{"a":0,"k":{"i":[[0,0],[-1.682,-1.604],[-0.43,-0.198],[-0.317,-0.177],[-0.649,0.346]],"o":[[0,0],[0.296,0.29],[0.296,0.29],[0.929,0.643],[0,0]],"v":[[-2.481,-2.396],[-1.42,0.028],[-0.399,0.806],[0.622,1.583],[3.102,2.05]],"c":false},"ix":2},"nm":"Path 1","mn":"ADBE Vector Shape - Group","hd":false},{"ty":"st","c":{"a":0,"k":[0.169000004787,0.169000004787,0.169000004787,1],"ix":3},"o":{"a":0,"k":100,"ix":4},"w":{"a":0,"k":1,"ix":5},"lc":2,"lj":2,"bm":0,"nm":"Stroke 1","mn":"ADBE Vector Graphic - Stroke","hd":false},{"ty":"tr","p":{"a":0,"k":[19.561,25.42],"ix":2},"a":{"a":0,"k":[0,0],"ix":1},"s":{"a":0,"k":[100,100],"ix":3},"r":{"a":0,"k":0,"ix":6},"o":{"a":0,"k":100,"ix":7},"sk":{"a":0,"k":0,"ix":4},"sa":{"a":0,"k":0,"ix":5},"nm":"Transform"}],"nm":"Group 4","np":2,"cix":2,"bm":0,"ix":4,"mn":"ADBE Vector Group","hd":false},{"ty":"gr","it":[{"ind":0,"ty":"sh","ix":1,"ks":{"a":0,"k":{"i":[[0,0],[0,0],[0,0]],"o":[[0,0],[0,0],[0,0]],"v":[[0.688,-0.865],[0.356,-0.342],[-0.688,0.866]],"c":false},"ix":2},"nm":"Path 1","mn":"ADBE Vector Shape - Group","hd":false},{"ty":"st","c":{"a":0,"k":[0.169000004787,0.169000004787,0.169000004787,1],"ix":3},"o":{"a":0,"k":100,"ix":4},"w":{"a":0,"k":1,"ix":5},"lc":2,"lj":2,"bm":0,"nm":"Stroke 1","mn":"ADBE Vector Graphic - Stroke","hd":false},{"ty":"tr","p":{"a":0,"k":[19.872,25.246],"ix":2},"a":{"a":0,"k":[0,0],"ix":1},"s":{"a":0,"k":[100,100],"ix":3},"r":{"a":0,"k":0,"ix":6},"o":{"a":0,"k":100,"ix":7},"sk":{"a":0,"k":0,"ix":4},"sa":{"a":0,"k":0,"ix":5},"nm":"Transform"}],"nm":"Group 5","np":2,"cix":2,"bm":0,"ix":5,"mn":"ADBE Vector Group","hd":false},{"ty":"gr","it":[{"ind":0,"ty":"sh","ix":1,"ks":{"a":0,"k":{"i":[[0,0],[-1.274,-1.293]],"o":[[0,0],[0,0]],"v":[[-1.292,-0.887],[1.292,0.887]],"c":false},"ix":2},"nm":"Path 1","mn":"ADBE Vector Shape - Group","hd":false},{"ty":"st","c":{"a":0,"k":[0.169000004787,0.169000004787,0.169000004787,1],"ix":3},"o":{"a":0,"k":100,"ix":4},"w":{"a":0,"k":1.4,"ix":5},"lc":2,"lj":2,"bm":0,"nm":"Stroke 1","mn":"ADBE Vector Graphic - Stroke","hd":false},{"ty":"tr","p":{"a":0,"k":[27.884,26.234],"ix":2},"a":{"a":0,"k":[0,0],"ix":1},"s":{"a":0,"k":[100,100],"ix":3},"r":{"a":0,"k":0,"ix":6},"o":{"a":0,"k":100,"ix":7},"sk":{"a":0,"k":0,"ix":4},"sa":{"a":0,"k":0,"ix":5},"nm":"Transform"}],"nm":"Group 6","np":2,"cix":2,"bm":0,"ix":6,"mn":"ADBE Vector Group","hd":false},{"ty":"gr","it":[{"ind":0,"ty":"sh","ix":1,"ks":{"a":0,"k":{"i":[[0,0],[-1.006,-1.477]],"o":[[0,0],[0,0]],"v":[[-1.137,-1.092],[1.137,1.092]],"c":false},"ix":2},"nm":"Path 1","mn":"ADBE Vector Shape - Group","hd":false},{"ty":"st","c":{"a":0,"k":[0.169000004787,0.169000004787,0.169000004787,1],"ix":3},"o":{"a":0,"k":100,"ix":4},"w":{"a":0,"k":1.4,"ix":5},"lc":2,"lj":2,"bm":0,"nm":"Stroke 1","mn":"ADBE Vector Graphic - Stroke","hd":false},{"ty":"tr","p":{"a":0,"k":[17.873,18.028],"ix":2},"a":{"a":0,"k":[0,0],"ix":1},"s":{"a":0,"k":[100,100],"ix":3},"r":{"a":0,"k":0,"ix":6},"o":{"a":0,"k":100,"ix":7},"sk":{"a":0,"k":0,"ix":4},"sa":{"a":0,"k":0,"ix":5},"nm":"Transform"}],"nm":"Group 7","np":2,"cix":2,"bm":0,"ix":7,"mn":"ADBE Vector Group","hd":false},{"ty":"gr","it":[{"ind":0,"ty":"sh","ix":1,"ks":{"a":0,"k":{"i":[[0,0],[-0.88,-0.283],[-2.475,-4.213],[-0.183,-0.269]],"o":[[0,0],[1.966,0.721],[0.183,0.268],[0,0]],"v":[[-4.971,-3.98],[-3.639,-3.611],[4.443,3.061],[4.971,3.98]],"c":false},"ix":2},"nm":"Path 1","mn":"ADBE Vector Shape - Group","hd":false},{"ty":"st","c":{"a":0,"k":[0.169000004787,0.169000004787,0.169000004787,1],"ix":3},"o":{"a":0,"k":100,"ix":4},"w":{"a":0,"k":1.5,"ix":5},"lc":2,"lj":2,"bm":0,"nm":"Stroke 1","mn":"ADBE Vector Graphic - Stroke","hd":false},{"ty":"tr","p":{"a":0,"k":[27.815,15.742],"ix":2},"a":{"a":0,"k":[0,0],"ix":1},"s":{"a":0,"k":[100,100],"ix":3},"r":{"a":0,"k":0,"ix":6},"o":{"a":0,"k":100,"ix":7},"sk":{"a":0,"k":0,"ix":4},"sa":{"a":0,"k":0,"ix":5},"nm":"Transform"}],"nm":"Group 8","np":2,"cix":2,"bm":0,"ix":8,"mn":"ADBE Vector Group","hd":false},{"ty":"gr","it":[{"ind":0,"ty":"sh","ix":1,"ks":{"a":0,"k":{"i":[[0,0],[0.757,-2.784],[0.995,-1.569],[2.354,-0.727]],"o":[[0,0],[-0.326,1.11],[-0.109,2.438],[0,0]],"v":[[2.014,-6.686],[2.079,-2.693],[0.277,1.301],[-2.837,6.686]],"c":false},"ix":2},"nm":"Path 1","mn":"ADBE Vector Shape - Group","hd":false},{"ty":"st","c":{"a":0,"k":[0.169000004787,0.169000004787,0.169000004787,1],"ix":3},"o":{"a":0,"k":100,"ix":4},"w":{"a":0,"k":1.5,"ix":5},"lc":2,"lj":2,"bm":0,"nm":"Stroke 1","mn":"ADBE Vector Graphic - Stroke","hd":false},{"ty":"tr","p":{"a":0,"k":[31.565,29.015],"ix":2},"a":{"a":0,"k":[0,0],"ix":1},"s":{"a":0,"k":[100,100],"ix":3},"r":{"a":0,"k":0,"ix":6},"o":{"a":0,"k":100,"ix":7},"sk":{"a":0,"k":0,"ix":4},"sa":{"a":0,"k":0,"ix":5},"nm":"Transform"}],"nm":"Group 9","np":2,"cix":2,"bm":0,"ix":9,"mn":"ADBE Vector Group","hd":false},{"ty":"gr","it":[{"ind":0,"ty":"sh","ix":1,"ks":{"a":0,"k":{"i":[[0,0],[3.426,-1.463]],"o":[[-4.235,-0.446],[0,0]],"v":[[4.466,-1.921],[-4.466,2.367]],"c":false},"ix":2},"nm":"Path 1","mn":"ADBE Vector Shape - Group","hd":false},{"ty":"st","c":{"a":0,"k":[0.169000004787,0.169000004787,0.169000004787,1],"ix":3},"o":{"a":0,"k":100,"ix":4},"w":{"a":0,"k":1.5,"ix":5},"lc":2,"lj":2,"bm":0,"nm":"Stroke 1","mn":"ADBE Vector Graphic - Stroke","hd":false},{"ty":"tr","p":{"a":0,"k":[16.286,13.641],"ix":2},"a":{"a":0,"k":[0,0],"ix":1},"s":{"a":0,"k":[100,100],"ix":3},"r":{"a":0,"k":0,"ix":6},"o":{"a":0,"k":100,"ix":7},"sk":{"a":0,"k":0,"ix":4},"sa":{"a":0,"k":0,"ix":5},"nm":"Transform"}],"nm":"Group 10","np":2,"cix":2,"bm":0,"ix":10,"mn":"ADBE Vector Group","hd":false},{"ty":"gr","it":[{"ind":0,"ty":"sh","ix":1,"ks":{"a":0,"k":{"i":[[0,0],[0,0],[2.446,-0.593],[0,0]],"o":[[4.781,-3.081],[0,0],[-3.342,1.011],[0,0]],"v":[[-1.753,4.371],[2.673,-2.406],[0.363,-3.778],[-3.027,-3.128]],"c":false},"ix":2},"nm":"Path 1","mn":"ADBE Vector Shape - Group","hd":false},{"ty":"st","c":{"a":0,"k":[0.169000004787,0.169000004787,0.169000004787,1],"ix":3},"o":{"a":0,"k":100,"ix":4},"w":{"a":0,"k":1.5,"ix":5},"lc":2,"lj":2,"bm":0,"nm":"Stroke 1","mn":"ADBE Vector Graphic - Stroke","hd":false},{"ty":"tr","p":{"a":0,"k":[35.511,21.972],"ix":2},"a":{"a":0,"k":[0,0],"ix":1},"s":{"a":0,"k":[100,100],"ix":3},"r":{"a":0,"k":0,"ix":6},"o":{"a":0,"k":100,"ix":7},"sk":{"a":0,"k":0,"ix":4},"sa":{"a":0,"k":0,"ix":5},"nm":"Transform"}],"nm":"Group 11","np":2,"cix":2,"bm":0,"ix":11,"mn":"ADBE Vector Group","hd":false},{"ty":"gr","it":[{"ind":0,"ty":"sh","ix":1,"ks":{"a":0,"k":{"i":[[0,0],[0,0],[0.468,-2.488],[0,0]],"o":[[2.057,-5.35],[0,0],[0.031,2.933],[0,0]],"v":[[-4.017,3.049],[1.726,-2.661],[3.549,-0.562],[3.587,2.958]],"c":false},"ix":2},"nm":"Path 1","mn":"ADBE Vector Shape - Group","hd":false},{"ty":"st","c":{"a":0,"k":[0.169000004787,0.169000004787,0.169000004787,1],"ix":3},"o":{"a":0,"k":100,"ix":4},"w":{"a":0,"k":1.5,"ix":5},"lc":2,"lj":2,"bm":0,"nm":"Stroke 1","mn":"ADBE Vector Graphic - Stroke","hd":false},{"ty":"tr","p":{"a":0,"k":[20.59,9.172],"ix":2},"a":{"a":0,"k":[0,0],"ix":1},"s":{"a":0,"k":[100,100],"ix":3},"r":{"a":0,"k":0,"ix":6},"o":{"a":0,"k":100,"ix":7},"sk":{"a":0,"k":0,"ix":4},"sa":{"a":0,"k":0,"ix":5},"nm":"Transform"}],"nm":"Group 12","np":2,"cix":2,"bm":0,"ix":12,"mn":"ADBE Vector Group","hd":false},{"ty":"gr","it":[{"ind":0,"ty":"sh","ix":1,"ks":{"a":0,"k":{"i":[[0,0],[-2.021,-1.668],[-0.384,2.035]],"o":[[0,0],[1.429,1.088],[0,0]],"v":[[0.411,-2.106],[-0.411,1.018],[2.432,-0.438]],"c":false},"ix":2},"nm":"Path 1","mn":"ADBE Vector Shape - Group","hd":false},{"ty":"st","c":{"a":0,"k":[0.169000004787,0.169000004787,0.169000004787,1],"ix":3},"o":{"a":0,"k":100,"ix":4},"w":{"a":0,"k":1,"ix":5},"lc":2,"lj":2,"bm":0,"nm":"Stroke 1","mn":"ADBE Vector Graphic - Stroke","hd":false},{"ty":"fl","c":{"a":0,"k":[1,0.592000026329,0.592000026329,1],"ix":4},"o":{"a":0,"k":100,"ix":5},"r":1,"bm":0,"nm":"Fill 1","mn":"ADBE Vector Graphic - Fill","hd":false},{"ty":"tr","p":{"a":0,"k":[17.597,27.646],"ix":2},"a":{"a":0,"k":[0,0],"ix":1},"s":{"a":0,"k":[100,100],"ix":3},"r":{"a":0,"k":0,"ix":6},"o":{"a":0,"k":100,"ix":7},"sk":{"a":0,"k":0,"ix":4},"sa":{"a":0,"k":0,"ix":5},"nm":"Transform"}],"nm":"Group 13","np":3,"cix":2,"bm":0,"ix":13,"mn":"ADBE Vector Group","hd":false},{"ty":"gr","it":[{"ind":0,"ty":"sh","ix":1,"ks":{"a":0,"k":{"i":[[0.113,0.021],[0.021,-0.113],[0,0],[0,0],[0,0],[-1.946,1.039],[0,0],[0.021,-0.113],[0,0],[0.113,0.021]],"o":[[0.021,-0.113],[-0.083,-1.421],[0,0],[0,0],[0,0],[0,0],[0,0],[0.842,2.969],[-0.112,-0.022],[0,0]],"v":[[-1.053,2.293],[-1.053,2.293],[-2.148,-1.191],[-2.127,-1.304],[-1.993,-1.396],[1.102,-2.336],[1.215,-2.315],[1.306,-2.181],[-0.828,2.336],[-1.053,2.293]],"c":true},"ix":2},"nm":"Path 1","mn":"ADBE Vector Shape - Group","hd":false},{"ty":"fl","c":{"a":0,"k":[0.769000004787,0.722000002394,0.592000026329,1],"ix":4},"o":{"a":0,"k":100,"ix":5},"r":1,"bm":0,"nm":"Fill 1","mn":"ADBE Vector Graphic - Fill","hd":false},{"ty":"tr","p":{"a":0,"k":[34.742,21.93],"ix":2},"a":{"a":0,"k":[0,0],"ix":1},"s":{"a":0,"k":[100,100],"ix":3},"r":{"a":0,"k":0,"ix":6},"o":{"a":0,"k":100,"ix":7},"sk":{"a":0,"k":0,"ix":4},"sa":{"a":0,"k":0,"ix":5},"nm":"Transform"}],"nm":"Group 14","np":2,"cix":2,"bm":0,"ix":14,"mn":"ADBE Vector Group","hd":false},{"ty":"gr","it":[{"ind":0,"ty":"sh","ix":1,"ks":{"a":0,"k":{"i":[[1.1,-0.261],[-0.113,-0.021],[-0.021,0.114],[-2.812,0.056],[0,0],[0,0],[0,0],[0,0],[0,0]],"o":[[-0.113,-0.021],[-0.113,-0.021],[0,0],[0,0],[0,0],[-0.249,1.944],[0,0],[0,0],[0.021,-0.113]],"v":[[-1.529,1.516],[-1.529,1.516],[-1.734,1.36],[1.632,-1.636],[1.743,-1.615],[1.723,-1.502],[1.755,1.431],[1.734,1.545],[1.6,1.636]],"c":true},"ix":2},"nm":"Path 1","mn":"ADBE Vector Shape - Group","hd":false},{"ty":"fl","c":{"a":0,"k":[0.769000004787,0.722000002394,0.592000026329,1],"ix":4},"o":{"a":0,"k":100,"ix":5},"r":1,"bm":0,"nm":"Fill 1","mn":"ADBE Vector Graphic - Fill","hd":false},{"ty":"tr","p":{"a":0,"k":[20.597,10.472],"ix":2},"a":{"a":0,"k":[0,0],"ix":1},"s":{"a":0,"k":[100,100],"ix":3},"r":{"a":0,"k":0,"ix":6},"o":{"a":0,"k":100,"ix":7},"sk":{"a":0,"k":0,"ix":4},"sa":{"a":0,"k":0,"ix":5},"nm":"Transform"}],"nm":"Group 15","np":2,"cix":2,"bm":0,"ix":15,"mn":"ADBE Vector Group","hd":false},{"ty":"gr","it":[{"ind":0,"ty":"sh","ix":1,"ks":{"a":0,"k":{"i":[[-0.163,0.481],[0.78,0.265],[0.163,-0.481],[-0.779,-0.265]],"o":[[0.163,-0.481],[-0.78,-0.266],[-0.164,0.481],[0.78,0.266]],"v":[[1.412,0.48],[0.296,-0.872],[-1.411,-0.48],[-0.296,0.872]],"c":true},"ix":2},"nm":"Path 1","mn":"ADBE Vector Shape - Group","hd":false},{"ty":"fl","c":{"a":0,"k":[0.769000004787,0.722000002394,0.592000026329,1],"ix":4},"o":{"a":0,"k":100,"ix":5},"r":1,"bm":0,"nm":"Fill 1","mn":"ADBE Vector Graphic - Fill","hd":false},{"ty":"tr","p":{"a":0,"k":[28.36,22.448],"ix":2},"a":{"a":0,"k":[0,0],"ix":1},"s":{"a":0,"k":[100,100],"ix":3},"r":{"a":0,"k":0,"ix":6},"o":{"a":0,"k":100,"ix":7},"sk":{"a":0,"k":0,"ix":4},"sa":{"a":0,"k":0,"ix":5},"nm":"Transform"}],"nm":"Group 16","np":2,"cix":2,"bm":0,"ix":16,"mn":"ADBE Vector Group","hd":false},{"ty":"gr","it":[{"ind":0,"ty":"sh","ix":1,"ks":{"a":0,"k":{"i":[[-0.449,0.236],[0.382,0.732],[0.449,-0.236],[-0.382,-0.732]],"o":[[0.449,-0.236],[-0.381,-0.732],[-0.449,0.236],[0.381,0.731]],"v":[[0.691,1.324],[0.813,-0.428],[-0.691,-1.324],[-0.813,0.428]],"c":true},"ix":2},"nm":"Path 1","mn":"ADBE Vector Shape - Group","hd":false},{"ty":"fl","c":{"a":0,"k":[0.769000004787,0.722000002394,0.592000026329,1],"ix":4},"o":{"a":0,"k":100,"ix":5},"r":1,"bm":0,"nm":"Fill 1","mn":"ADBE Vector Graphic - Fill","hd":false},{"ty":"tr","p":{"a":0,"k":[21.776,16.833],"ix":2},"a":{"a":0,"k":[0,0],"ix":1},"s":{"a":0,"k":[100,100],"ix":3},"r":{"a":0,"k":0,"ix":6},"o":{"a":0,"k":100,"ix":7},"sk":{"a":0,"k":0,"ix":4},"sa":{"a":0,"k":0,"ix":5},"nm":"Transform"}],"nm":"Group 17","np":2,"cix":2,"bm":0,"ix":17,"mn":"ADBE Vector Group","hd":false},{"ty":"gr","it":[{"ind":0,"ty":"sh","ix":1,"ks":{"a":0,"k":{"i":[[0.746,0.375],[-0.67,0.46],[0,0],[0.085,-0.453]],"o":[[-1.38,-0.728],[0.938,-0.643],[0,0],[-0.106,0.565]],"v":[[-0.243,1.799],[-1.133,-1.531],[0.98,-1.6],[1.719,0.061]],"c":true},"ix":2},"nm":"Path 1","mn":"ADBE Vector Shape - Group","hd":false},{"ty":"fl","c":{"a":0,"k":[0.757000014361,0.713999968884,0.583999992819,1],"ix":4},"o":{"a":0,"k":100,"ix":5},"r":1,"bm":0,"nm":"Fill 1","mn":"ADBE Vector Graphic - Fill","hd":false},{"ty":"tr","p":{"a":0,"k":[26.389,36.46],"ix":2},"a":{"a":0,"k":[0,0],"ix":1},"s":{"a":0,"k":[100,100],"ix":3},"r":{"a":0,"k":0,"ix":6},"o":{"a":0,"k":100,"ix":7},"sk":{"a":0,"k":0,"ix":4},"sa":{"a":0,"k":0,"ix":5},"nm":"Transform"}],"nm":"Group 18","np":2,"cix":2,"bm":0,"ix":18,"mn":"ADBE Vector Group","hd":false},{"ty":"gr","it":[{"ind":0,"ty":"sh","ix":1,"ks":{"a":0,"k":{"i":[[1.127,0.212],[0.717,1.774],[1.718,0.791],[0,0],[3.812,0.834],[0,-3.098],[0,0],[0,0],[0,0],[0,0],[0,0],[-0.833,1.951]],"o":[[-1.014,-0.191],[-0.716,-1.774],[-1.719,-0.792],[0,0],[-0.031,-0.006],[9.745,-2.582],[0,0],[0,0],[0,0],[0,0],[1.472,0.863],[1.053,-2.495]],"v":[[4.439,-0.643],[0.672,-3.576],[-3.234,-7.004],[-5.508,-9.188],[-10.296,-12.899],[-10.296,12.905],[-2.178,5.371],[-0.551,6.028],[1.499,6.297],[2.52,7.075],[5.331,7.018],[9.275,3.428]],"c":true},"ix":2},"nm":"Path 1","mn":"ADBE Vector Shape - Group","hd":false},{"ty":"fl","c":{"a":0,"k":[0.769000004787,0.722000002394,0.592000026329,1],"ix":4},"o":{"a":0,"k":100,"ix":5},"r":1,"bm":0,"nm":"Fill 1","mn":"ADBE Vector Graphic - Fill","hd":false},{"ty":"tr","p":{"a":0,"k":[22.185,28.923],"ix":2},"a":{"a":0,"k":[0,0],"ix":1},"s":{"a":0,"k":[100,100],"ix":3},"r":{"a":0,"k":0,"ix":6},"o":{"a":0,"k":100,"ix":7},"sk":{"a":0,"k":0,"ix":4},"sa":{"a":0,"k":0,"ix":5},"nm":"Transform"}],"nm":"Group 19","np":2,"cix":2,"bm":0,"ix":19,"mn":"ADBE Vector Group","hd":false},{"ty":"gr","it":[{"ind":0,"ty":"sh","ix":1,"ks":{"a":0,"k":{"i":[[0.338,0.064],[0,0]],"o":[[0,0],[-0.113,-0.021]],"v":[[-2.52,10.286],[-1.822,10.299]],"c":true},"ix":2},"nm":"Path 1","mn":"ADBE Vector Shape - Group","hd":false},{"ind":1,"ty":"sh","ix":2,"ks":{"a":0,"k":{"i":[[0.796,0.735],[-0.332,0.523],[-0.909,-0.756],[0.332,-0.523]],"o":[[-0.795,-0.735],[0.445,-0.502],[0.908,0.757],[-0.445,0.502]],"v":[[-4.283,-0.818],[-5.161,-2.973],[-2.906,-2.549],[-2.028,-0.393]],"c":true},"ix":2},"nm":"Path 2","mn":"ADBE Vector Shape - Group","hd":false},{"ind":2,"ty":"sh","ix":3,"ks":{"a":0,"k":{"i":[[0,0],[1.316,1.067],[0,0],[0,0],[-0.43,-0.197],[-0.317,-0.177]],"o":[[-0.474,1.901],[-2.133,-1.69],[0,0],[0.296,0.29],[0.295,0.29],[0,0]],"v":[[-4.483,1.486],[-7.324,2.943],[-6.503,-0.182],[-6.369,-0.273],[-5.348,0.503],[-4.327,1.281]],"c":true},"ix":2},"nm":"Path 3","mn":"ADBE Vector Shape - Group","hd":false},{"ind":3,"ty":"sh","ix":4,"ks":{"a":0,"k":{"i":[[0,0],[2.391,-1.54],[0,0],[0,0],[1.987,0.608],[-0.672,2.333],[0,0],[1.945,-5.372],[0,0],[1.291,-1.279],[0.804,-0.551],[-0.151,-4.087],[0,0],[-1.163,0.601],[-0.36,0.049],[-0.107,0.565],[0.07,0.248],[0.902,0.17],[-0.683,-0.714],[-0.221,2.417],[-0.326,1.109],[0,0]],"o":[[0,0],[-2.08,1.131],[0,0],[-2.363,-4.191],[0,0],[0.962,-2.629],[0,0],[0,0],[-1.03,0.509],[-1.121,0.374],[0,0],[3.614,2.066],[0,0],[0.338,0.064],[0.627,-0.234],[0.149,-0.791],[-0.902,-0.169],[0.537,-0.367],[1.587,-0.99],[0.996,-1.569],[0,0],[4.873,-2.947]],"v":[[12.988,-5.764],[10.678,-7.135],[7.288,-6.486],[7.154,-6.394],[-0.928,-13.066],[-0.966,-16.585],[-2.789,-18.684],[-8.532,-12.973],[-8.461,-12.727],[-11.988,-10.111],[-13.284,-9.189],[-13.284,17.148],[-2.61,14.484],[0.372,13.523],[1.317,13.467],[2.538,11.939],[2.476,10.406],[-0.3,9.65],[2.223,9.891],[6.647,4.986],[8.449,0.993],[8.562,1.014]],"c":true},"ix":2},"nm":"Path 4","mn":"ADBE Vector Shape - Group","hd":false},{"ty":"mm","mm":1,"nm":"Merge Paths 1","mn":"ADBE Vector Filter - Merge","hd":false},{"ty":"fl","c":{"a":0,"k":[0.769000004787,0.556999954523,0.325,1],"ix":4},"o":{"a":0,"k":100,"ix":5},"r":1,"bm":0,"nm":"Fill 1","mn":"ADBE Vector Graphic - Fill","hd":false},{"ty":"tr","p":{"a":0,"k":[25.104,25.196],"ix":2},"a":{"a":0,"k":[0,0],"ix":1},"s":{"a":0,"k":[100,100],"ix":3},"r":{"a":0,"k":0,"ix":6},"o":{"a":0,"k":100,"ix":7},"sk":{"a":0,"k":0,"ix":4},"sa":{"a":0,"k":0,"ix":5},"nm":"Transform"}],"nm":"Group 20","np":6,"cix":2,"bm":0,"ix":20,"mn":"ADBE Vector Group","hd":false},{"ty":"tr","p":{"a":0,"k":[23.835,24.736],"ix":2},"a":{"a":0,"k":[24.585,24.736],"ix":1},"s":{"a":0,"k":[100,100],"ix":3},"r":{"a":0,"k":0,"ix":6},"o":{"a":0,"k":100,"ix":7},"sk":{"a":0,"k":0,"ix":4},"sa":{"a":0,"k":0,"ix":5},"nm":"Transform"}],"nm":"dodg","np":20,"cix":2,"bm":0,"ix":1,"mn":"ADBE Vector Group","hd":false},{"ty":"tr","p":{"a":1,"k":[{"i":{"x":0.833,"y":0.833},"o":{"x":0.167,"y":0.167},"t":23,"s":[-25.728,43.57],"to":[6.288,0],"ti":[-6.288,0]},{"i":{"x":0.235,"y":0.235},"o":{"x":0.167,"y":0.167},"t":54,"s":[12,43.57],"to":[0,0],"ti":[0,0]},{"i":{"x":0,"y":1},"o":{"x":0.333,"y":0},"t":234,"s":[12,43.57],"to":[-5.243,0],"ti":[5.243,0]},{"t":268,"s":[-19.455,43.57]}],"ix":2},"a":{"a":0,"k":[11.256,43.04],"ix":1},"s":{"a":0,"k":[100,100],"ix":3},"r":{"a":1,"k":[{"i":{"x":[0.833],"y":[0.833]},"o":{"x":[0.167],"y":[0.167]},"t":36,"s":[-19]},{"i":{"x":[0.833],"y":[0.833]},"o":{"x":[0.167],"y":[0.167]},"t":62,"s":[0]},{"i":{"x":[0.833],"y":[0.833]},"o":{"x":[0.167],"y":[0.167]},"t":225,"s":[0]},{"t":258,"s":[-19]}],"ix":6},"o":{"a":0,"k":100,"ix":7},"sk":{"a":0,"k":0,"ix":4},"sa":{"a":0,"k":0,"ix":5},"nm":"Transform"}],"nm":"dog","np":1,"cix":2,"bm":0,"ix":3,"mn":"ADBE Vector Group","hd":false},{"ty":"gr","it":[{"ty":"gr","it":[{"ind":0,"ty":"sh","ix":1,"ks":{"a":0,"k":{"i":[[0.28,-0.287],[0.265,0.39],[-0.281,0.287],[-0.266,-0.39]],"o":[[-0.39,0.267],[-0.286,-0.28],[0.389,-0.268],[0.286,0.281]],"v":[[2.589,1.095],[1.477,0.999],[1.683,-0.095],[2.795,0]],"c":true},"ix":2},"nm":"路径 1","mn":"ADBE Vector Shape - Group","hd":false},{"ind":1,"ty":"sh","ix":2,"ks":{"a":0,"k":{"i":[[0.416,0.192],[0.218,0.041],[0.396,0.301],[-0.301,0.396],[-0.436,-0.082],[-0.28,0.288],[-0.307,-0.171],[0.103,-0.547],[-0.089,-0.13],[0.301,-0.397]],"o":[[-0.416,-0.192],[-0.198,-0.151],[-0.504,-0.321],[0.191,-0.418],[0.219,0.041],[0.409,-0.376],[0.307,0.171],[-0.062,0.329],[0.286,0.281],[-0.342,0.615]],"v":[[-0.225,2.833],[-1.193,1.971],[-2.462,1.505],[-2.779,0.199],[-1.674,-0.274],[-0.827,-0.568],[0.326,-0.691],[0.816,0.308],[0.999,1.136],[1.12,2.293]],"c":true},"ix":2},"nm":"路径 2","mn":"ADBE Vector Shape - Group","hd":false},{"ind":2,"ty":"sh","ix":3,"ks":{"a":0,"k":{"i":[[0.007,0.568],[-0.436,-0.082],[0.083,-0.438],[0.437,0.082]],"o":[[0.083,-0.438],[0.437,0.082],[-0.082,0.438],[-0.348,0.048]],"v":[[-2.41,-1.772],[-1.589,-2.525],[-0.971,-1.615],[-1.79,-0.862]],"c":true},"ix":2},"nm":"路径 3","mn":"ADBE Vector Shape - Group","hd":false},{"ind":3,"ty":"sh","ix":4,"ks":{"a":0,"k":{"i":[[-0.416,-0.192],[0.082,-0.438],[0.327,0.061],[-0.103,0.547]],"o":[[0.436,0.082],[-0.191,0.418],[-0.526,-0.212],[0.192,-0.418]],"v":[[0.39,-2.833],[0.88,-1.834],[-0.029,-1.211],[-0.607,-2.34]],"c":true},"ix":2},"nm":"路径 4","mn":"ADBE Vector Shape - Group","hd":false},{"ind":4,"ty":"sh","ix":5,"ks":{"a":0,"k":{"i":[[-0.301,0.397],[-0.394,-0.301],[0.301,-0.397],[0.395,0.301]],"o":[[0.3,-0.396],[0.287,0.281],[-0.301,0.397],[-0.287,-0.28]],"v":[[0.969,-1.704],[2.12,-1.827],[2.133,-0.691],[0.98,-0.568]],"c":true},"ix":2},"nm":"路径 5","mn":"ADBE Vector Shape - Group","hd":false},{"ty":"mm","mm":1,"nm":"合并路径 1","mn":"ADBE Vector Filter - Merge","hd":false},{"ty":"fl","c":{"a":0,"k":[0.749019607843,0.356862745098,0.294117647059,1],"ix":4},"o":{"a":0,"k":100,"ix":5},"r":1,"bm":0,"nm":"填充 1","mn":"ADBE Vector Graphic - Fill","hd":false},{"ty":"tr","p":{"a":0,"k":[42.26,13.342],"ix":2},"a":{"a":0,"k":[0,0],"ix":1},"s":{"a":0,"k":[100,100],"ix":3},"r":{"a":0,"k":0,"ix":6},"o":{"a":1,"k":[{"i":{"x":[0.833],"y":[0.833]},"o":{"x":[0.167],"y":[0.167]},"t":88,"s":[0]},{"t":101,"s":[100]}],"ix":7},"sk":{"a":0,"k":0,"ix":4},"sa":{"a":0,"k":0,"ix":5},"nm":"Transform"}],"nm":"组 23","np":7,"cix":2,"bm":0,"ix":1,"mn":"ADBE Vector Group","hd":false},{"ty":"gr","it":[{"ind":0,"ty":"sh","ix":1,"ks":{"a":0,"k":{"i":[[0.249,-0.543],[0.399,0.223],[-0.25,0.543],[-0.399,-0.223]],"o":[[-0.223,0.4],[-0.399,-0.222],[0.221,-0.4],[0.4,0.223]],"v":[[3.111,-0.062],[1.984,0.463],[1.63,-0.784],[2.758,-1.309]],"c":true},"ix":2},"nm":"路径 1","mn":"ADBE Vector Shape - Group","hd":false},{"ind":1,"ty":"sh","ix":2,"ks":{"a":0,"k":{"i":[[0.595,-0.035],[0.284,0.053],[0.453,-0.062],[-0.106,0.569],[-0.453,0.062],[-0.222,0.4],[-0.426,-0.08],[-0.177,-0.624],[-0.284,-0.054],[0.081,-0.428]],"o":[[-0.426,-0.08],[-0.143,-0.027],[-0.568,-0.106],[0.081,-0.428],[0.169,-0.115],[0.25,-0.543],[0.284,0.054],[0.088,0.312],[0.427,0.08],[-0.16,0.854]],"v":[[1.217,2.974],[-0.176,2.565],[-1.562,2.894],[-2.512,1.683],[-1.729,0.65],[-0.999,-0.098],[0.156,-0.766],[1.184,0.018],[1.788,0.721],[2.479,1.737]],"c":true},"ix":2},"nm":"路径 2","mn":"ADBE Vector Shape - Group","hd":false},{"ind":2,"ty":"sh","ix":3,"ks":{"a":0,"k":{"i":[[0.205,0.482],[-0.311,0.089],[-0.204,-0.48],[0.312,-0.089]],"o":[[-0.203,-0.48],[0.479,-0.205],[0.204,0.482],[-0.31,0.089]],"v":[[-3.158,-0.357],[-2.801,-1.469],[-1.745,-0.829],[-2.102,0.285]],"c":true},"ix":2},"nm":"路径 3","mn":"ADBE Vector Shape - Group","hd":false},{"ind":3,"ty":"sh","ix":4,"ks":{"a":0,"k":{"i":[[-0.31,0.09],[-0.062,-0.455],[0.453,-0.063],[0.062,0.454]],"o":[[0.453,-0.061],[0.062,0.454],[-0.452,0.062],[-0.061,-0.455]],"v":[[-1.059,-2.913],[-0.172,-2.155],[-0.812,-1.095],[-1.7,-1.852]],"c":true},"ix":2},"nm":"路径 4","mn":"ADBE Vector Shape - Group","hd":false},{"ind":4,"ty":"sh","ix":5,"ks":{"a":0,"k":{"i":[[-0.082,0.427],[-0.426,-0.08],[0.107,-0.57],[0.426,0.08]],"o":[[0.107,-0.57],[0.427,0.081],[-0.108,0.569],[-0.427,-0.08]],"v":[[0.255,-2.075],[1.268,-2.77],[1.79,-1.638],[0.777,-0.944]],"c":true},"ix":2},"nm":"路径 5","mn":"ADBE Vector Shape - Group","hd":false},{"ty":"mm","mm":1,"nm":"合并路径 1","mn":"ADBE Vector Filter - Merge","hd":false},{"ty":"fl","c":{"a":0,"k":[0.749019607843,0.356862745098,0.294117647059,1],"ix":4},"o":{"a":0,"k":100,"ix":5},"r":1,"bm":0,"nm":"填充 1","mn":"ADBE Vector Graphic - Fill","hd":false},{"ty":"tr","p":{"a":0,"k":[43.923,28.092],"ix":2},"a":{"a":0,"k":[0,0],"ix":1},"s":{"a":0,"k":[100,100],"ix":3},"r":{"a":0,"k":0,"ix":6},"o":{"a":1,"k":[{"i":{"x":[0.833],"y":[0.833]},"o":{"x":[0.167],"y":[0.167]},"t":69,"s":[0]},{"t":77,"s":[100]}],"ix":7},"sk":{"a":0,"k":0,"ix":4},"sa":{"a":0,"k":0,"ix":5},"nm":"Transform"}],"nm":"组 24","np":7,"cix":2,"bm":0,"ix":2,"mn":"ADBE Vector Group","hd":false},{"ty":"gr","it":[{"ind":0,"ty":"sh","ix":1,"ks":{"a":0,"k":{"i":[[0.095,0.699],[0.198,0.151],[0.137,0.479],[0.697,-0.096],[0.28,-0.288],[0.894,0.055],[0.587,-0.116],[-0.094,-0.699],[-0.198,-0.15],[-0.136,-0.479],[-0.698,0.096],[-0.151,0.198],[0,0],[-0.587,0.117]],"o":[[-0.047,-0.349],[0.499,-0.247],[-0.095,-0.698],[-0.348,0.048],[-1.332,-0.138],[-0.225,-0.609],[-0.697,0.096],[0.047,0.349],[-0.499,0.247],[0.095,0.698],[0.239,-0.068],[0,0],[0.245,0.5],[0.718,-0.206]],"v":[[4.963,1.219],[4.54,0.458],[5.136,-0.905],[3.642,-1.98],[2.422,-1.329],[-2.775,-1.967],[-3.89,-2.829],[-4.964,-1.329],[-4.541,-0.57],[-5.137,0.794],[-3.642,1.868],[-3.014,1.301],[2.422,1.868],[3.868,2.829]],"c":true},"ix":2},"nm":"路径 1","mn":"ADBE Vector Shape - Group","hd":false},{"ty":"st","c":{"a":0,"k":[0.263428631951,0.263427644617,0.263428781547,1],"ix":3},"o":{"a":0,"k":100,"ix":4},"w":{"a":0,"k":1,"ix":5},"lc":2,"lj":2,"bm":0,"nm":"描边 1","mn":"ADBE Vector Graphic - Stroke","hd":false},{"ty":"fl","c":{"a":0,"k":[0.768627510819,0.721568627451,0.592156862745,1],"ix":4},"o":{"a":0,"k":100,"ix":5},"r":1,"bm":0,"nm":"填充 1","mn":"ADBE Vector Graphic - Fill","hd":false},{"ty":"tr","p":{"a":0,"k":[34.57,42.595],"ix":2},"a":{"a":0,"k":[0,0],"ix":1},"s":{"a":0,"k":[100,100],"ix":3},"r":{"a":1,"k":[{"i":{"x":[0.833],"y":[0.833]},"o":{"x":[0.167],"y":[0.167]},"t":120,"s":[0]},{"i":{"x":[0.833],"y":[0.833]},"o":{"x":[0.167],"y":[0.167]},"t":126,"s":[-20]},{"i":{"x":[0.833],"y":[0.833]},"o":{"x":[0.167],"y":[0.167]},"t":133,"s":[8]},{"t":138,"s":[0]}],"ix":6},"o":{"a":1,"k":[{"i":{"x":[0.833],"y":[0.833]},"o":{"x":[0.167],"y":[0.167]},"t":114,"s":[0]},{"t":120,"s":[96]}],"ix":7},"sk":{"a":0,"k":0,"ix":4},"sa":{"a":0,"k":0,"ix":5},"nm":"Transform"}],"nm":"组 25","np":3,"cix":2,"bm":0,"ix":3,"mn":"ADBE Vector Group","hd":false},{"ty":"tr","p":{"a":0,"k":[38.269,27.942],"ix":2},"a":{"a":0,"k":[38.269,27.942],"ix":1},"s":{"a":0,"k":[100,100],"ix":3},"r":{"a":0,"k":0,"ix":6},"o":{"a":1,"k":[{"i":{"x":[0.833],"y":[0.833]},"o":{"x":[0.167],"y":[0.167]},"t":216,"s":[100]},{"t":229,"s":[0]}],"ix":7},"sk":{"a":0,"k":0,"ix":4},"sa":{"a":0,"k":0,"ix":5},"nm":"Transform"}],"nm":"组 23","np":3,"cix":2,"bm":0,"ix":4,"mn":"ADBE Vector Group","hd":false}],"ip":0,"op":360,"st":0,"bm":0}],"markers":[]}