{"v":"5.1.9","fr":25,"ip":25,"op":35,"w":80,"h":80,"nm":"推荐","ddd":0,"assets":[],"layers":[{"ddd":0,"ind":1,"ty":4,"nm":"点赞","sr":1,"ks":{"o":{"a":0,"k":100,"ix":11},"r":{"a":1,"k":[{"i":{"x":[0.667],"y":[1]},"o":{"x":[0.333],"y":[0]},"n":["0p667_1_0p333_0"],"t":25,"s":[0],"e":[-20]},{"i":{"x":[0.667],"y":[1]},"o":{"x":[0.333],"y":[0]},"n":["0p667_1_0p333_0"],"t":32,"s":[-20],"e":[0]},{"t":35}],"ix":10},"p":{"a":0,"k":[40,40,0],"ix":2},"a":{"a":0,"k":[0,0,0],"ix":1},"s":{"a":1,"k":[{"i":{"x":[0.667,0.667,0.667],"y":[1,1,1]},"o":{"x":[0.333,0.333,0.333],"y":[0,0,0]},"n":["0p667_1_0p333_0","0p667_1_0p333_0","0p667_1_0p333_0"],"t":25,"s":[100,100,100],"e":[120,120,100]},{"i":{"x":[0.667,0.667,0.667],"y":[1,1,1]},"o":{"x":[0.333,0.333,0.333],"y":[0,0,0]},"n":["0p667_1_0p333_0","0p667_1_0p333_0","0p667_1_0p333_0"],"t":32,"s":[120,120,100],"e":[100,100,100]},{"t":35}],"ix":6}},"ao":0,"shapes":[{"ty":"gr","it":[{"ind":0,"ty":"sh","ix":1,"ks":{"a":0,"k":{"i":[[0.918,0],[0,0],[3.371,0],[0,0],[0,2.209],[0,0],[0,0],[-2.209,0],[0,0],[0,6.041],[-1.433,1.1],[-2.274,-4.337],[1.067,-4.2],[0,0],[-1.35,-0.008],[0,0],[-0.191,-2.601],[0.323,-2.696],[2.291,-4.154],[0,0],[1.457,0]],"o":[[0,0],[-3.371,0],[0,0],[-2.209,0],[0,0],[0,0],[0.001,-2.209],[0,0],[2.4,0],[0,-1.959],[0.986,-0.757],[1.441,2.749],[0,0],[0.82,0],[0,0],[2.608,0.015],[0.137,1.859],[-0.579,4.84],[0,0],[-0.704,1.276],[-2.293,0]],"v":[[6.67,20.871],[-5.597,20.871],[-15.711,20.871],[-15.711,20.871],[-19.711,16.871],[-19.711,16.871],[-19.705,-2.429],[-15.705,-6.429],[-12.638,-6.429],[-5.954,-13.786],[-4.382,-19.129],[3.14,-16.534],[3.14,-6.167],[11.362,-6.167],[14.617,-6.155],[14.617,-6.155],[19.574,-1.522],[19.295,5.311],[14.99,18.802],[14.99,18.802],[11.487,20.871]],"c":true},"ix":2},"nm":"路径 1","mn":"ADBE Vector Shape - Group","hd":false},{"ty":"st","c":{"a":1,"k":[{"i":{"x":[0.833],"y":[0.833]},"o":{"x":[0.167],"y":[0.167]},"n":["0p833_0p833_0p167_0p167"],"t":25,"s":[1,1,1,1],"e":[0.35686275363,0.623529434204,0.78823530674,1]},{"t":35}],"ix":3},"o":{"a":0,"k":100,"ix":4},"w":{"a":0,"k":2,"ix":5},"lc":2,"lj":2,"nm":"描边 1","mn":"ADBE Vector Graphic - Stroke","hd":false},{"ty":"fl","c":{"a":1,"k":[{"i":{"x":[0.833],"y":[0.833]},"o":{"x":[0.167],"y":[0.167]},"n":["0p833_0p833_0p167_0p167"],"t":25,"s":[1,1,1,1],"e":[0.35686275363,0.623529434204,0.78823530674,1]},{"t":35}],"ix":4},"o":{"a":0,"k":100,"ix":5},"r":1,"nm":"填充 1","mn":"ADBE Vector Graphic - Fill","hd":false},{"ty":"fl","c":{"a":1,"k":[{"i":{"x":[0.833],"y":[0.833]},"o":{"x":[0.167],"y":[0.167]},"n":["0p833_0p833_0p167_0p167"],"t":25,"s":[1,1,1,1],"e":[0.35686275363,0.623529434204,0.78823530674,1]},{"t":35}],"ix":4},"o":{"a":1,"k":[{"i":{"x":[0.667],"y":[1]},"o":{"x":[0.333],"y":[0]},"n":["0p667_1_0p333_0"],"t":25,"s":[0],"e":[100]},{"t":35}],"ix":5},"r":1,"nm":"填充 2","mn":"ADBE Vector Graphic - Fill","hd":false},{"ty":"tr","p":{"a":0,"k":[0,0],"ix":2},"a":{"a":0,"k":[0,0],"ix":1},"s":{"a":0,"k":[100,100],"ix":3},"r":{"a":0,"k":0,"ix":6},"o":{"a":0,"k":100,"ix":7},"sk":{"a":0,"k":0,"ix":4},"sa":{"a":0,"k":0,"ix":5},"nm":"变换"}],"nm":"形状 2","np":4,"cix":2,"ix":1,"mn":"ADBE Vector Group","hd":false},{"ty":"gr","it":[{"ty":"st","c":{"a":0,"k":[0.6,0.6,0.6,1],"ix":3},"o":{"a":0,"k":100,"ix":4},"w":{"a":0,"k":2,"ix":5},"lc":1,"lj":1,"ml":4,"nm":"描边 1","mn":"ADBE Vector Graphic - Stroke","hd":false},{"ty":"tr","p":{"a":0,"k":[0,0],"ix":2},"a":{"a":0,"k":[0,0],"ix":1},"s":{"a":0,"k":[100,100],"ix":3},"r":{"a":0,"k":0,"ix":6},"o":{"a":0,"k":100,"ix":7},"sk":{"a":0,"k":0,"ix":4},"sa":{"a":0,"k":0,"ix":5},"nm":"变换"}],"nm":"形状 1","np":2,"cix":2,"ix":2,"mn":"ADBE Vector Group","hd":false}],"ip":0,"op":375,"st":0,"bm":0}],"markers":[{"tm":50,"cm":"1","dr":0},{"tm":175,"cm":"2","dr":0}]}