{"v":"5.7.12","fr":60,"ip":0,"op":300,"w":2700,"h":576,"nm":"lottie_shake_button","ddd":0,"assets":[{"id":"comp_0","nm":"icon_shake_hands","layers":[{"ddd":0,"ind":1,"ty":4,"nm":"Union","sr":1,"ks":{"o":{"a":0,"k":100,"ix":11},"r":{"a":1,"k":[{"i":{"x":[0.5],"y":[1]},"o":{"x":[0.5],"y":[0]},"t":0,"s":[0],"e":[12]},{"i":{"x":[0.5],"y":[1]},"o":{"x":[0.5],"y":[0]},"t":15,"s":[12],"e":[-12]},{"i":{"x":[0.9],"y":[1]},"o":{"x":[0.5],"y":[0]},"t":30,"s":[-12],"e":[12]},{"i":{"x":[0.9],"y":[1]},"o":{"x":[0.1],"y":[0]},"t":45,"s":[12],"e":[-12]},{"i":{"x":[0.9],"y":[1]},"o":{"x":[0.1],"y":[0]},"t":60,"s":[-12],"e":[12]},{"i":{"x":[0.9],"y":[1]},"o":{"x":[0.1],"y":[0]},"t":75,"s":[12],"e":[-12]},{"i":{"x":[0.9],"y":[1]},"o":{"x":[0.1],"y":[0]},"t":90,"s":[-12],"e":[12]},{"i":{"x":[0.9],"y":[1]},"o":{"x":[0.1],"y":[0]},"t":105,"s":[12],"e":[-12]},{"i":{"x":[0.9],"y":[1]},"o":{"x":[0.1],"y":[0]},"t":120,"s":[-12],"e":[12]},{"i":{"x":[0.9],"y":[1]},"o":{"x":[0.1],"y":[0]},"t":132,"s":[12],"e":[-12]},{"i":{"x":[0.9],"y":[1]},"o":{"x":[0.167],"y":[0]},"t":144,"s":[-12],"e":[12]},{"i":{"x":[0.9],"y":[1]},"o":{"x":[0.1],"y":[0]},"t":155,"s":[12],"e":[-12]},{"i":{"x":[0.9],"y":[1]},"o":{"x":[0.167],"y":[0]},"t":167,"s":[-12],"e":[12]},{"i":{"x":[0.9],"y":[1]},"o":{"x":[0.1],"y":[0]},"t":175,"s":[12],"e":[-12]},{"i":{"x":[0.9],"y":[1]},"o":{"x":[0.167],"y":[0]},"t":183,"s":[-12],"e":[12]},{"i":{"x":[0.9],"y":[1]},"o":{"x":[0.1],"y":[0]},"t":191,"s":[12],"e":[-12]},{"i":{"x":[0.9],"y":[1]},"o":{"x":[0.167],"y":[0]},"t":199,"s":[-12],"e":[12]},{"i":{"x":[0.9],"y":[1]},"o":{"x":[0.1],"y":[0]},"t":207,"s":[12],"e":[-12]},{"i":{"x":[0.9],"y":[1]},"o":{"x":[0.167],"y":[0]},"t":215,"s":[-12],"e":[12]},{"i":{"x":[0.9],"y":[1]},"o":{"x":[0.1],"y":[0]},"t":223,"s":[12],"e":[-12]},{"i":{"x":[0.9],"y":[1]},"o":{"x":[0.167],"y":[0]},"t":231,"s":[-12],"e":[12]},{"i":{"x":[0.9],"y":[1]},"o":{"x":[0.1],"y":[0]},"t":239,"s":[12],"e":[-12]},{"i":{"x":[0.9],"y":[1]},"o":{"x":[0.167],"y":[0]},"t":247,"s":[-12],"e":[12]},{"i":{"x":[0.9],"y":[1]},"o":{"x":[0.1],"y":[0]},"t":255,"s":[12],"e":[-12]},{"i":{"x":[0.9],"y":[1]},"o":{"x":[0.167],"y":[0]},"t":263,"s":[-12],"e":[12]},{"i":{"x":[0.9],"y":[1]},"o":{"x":[0.1],"y":[0]},"t":271,"s":[12],"e":[-12]},{"i":{"x":[0.9],"y":[1]},"o":{"x":[0.167],"y":[0]},"t":279,"s":[-12],"e":[12]},{"i":{"x":[0.9],"y":[1]},"o":{"x":[0.1],"y":[0]},"t":287,"s":[12],"e":[-12]},{"i":{"x":[0.9],"y":[1]},"o":{"x":[0.167],"y":[0]},"t":295,"s":[-12],"e":[12]},{"t":303}],"ix":10},"p":{"a":0,"k":[326.91,203.281,0],"ix":2,"l":2},"a":{"a":0,"k":[119.721,0,0],"ix":1,"l":2},"s":{"a":0,"k":[100,100,100],"ix":6,"l":2}},"ao":0,"shapes":[{"ty":"gr","it":[{"ind":0,"ty":"sh","ix":1,"ks":{"a":0,"k":{"i":[[0,-2.366],[-2.366,0],[0,2.366],[2.366,0]],"o":[[0,2.366],[2.366,0],[0,-2.366],[-2.366,0]],"v":[[-6.647,26.098],[-2.363,30.382],[1.921,26.098],[-2.363,21.813]],"c":true},"ix":2},"nm":"Path 1","mn":"ADBE Vector Shape - Group","hd":false},{"ind":1,"ty":"sh","ix":2,"ks":{"a":0,"k":{"i":[[0,0],[0,-6.681],[0,0],[0.487,-9.291],[0,0],[7.717,-2.184],[0,0],[6.681,0],[0,0],[0,6.681],[0,0],[0,0],[-0.146,2.78],[-2.78,-0.146],[0,0],[0,0],[0,0],[-0.146,2.78],[-2.78,-0.146],[0,0],[0,0],[0,0],[-0.146,2.78],[-2.78,-0.146],[0,0],[0,0],[0,0],[-0.146,2.78],[-2.78,-0.146],[0,0],[0,0],[-6.681,0]],"o":[[6.681,0],[0,0],[8.663,2.261],[0,0],[-0.443,8.455],[0,0],[0,6.681],[0,0],[-6.681,0],[0,0],[0,0],[-2.78,-0.146],[0.146,-2.78],[0,0],[0,0],[0,0],[-2.78,-0.146],[0.146,-2.78],[0,0],[0,0],[0,0],[-2.78,-0.146],[0.146,-2.78],[0,0],[0,0],[0,0],[-2.78,-0.146],[0.146,-2.78],[0,0],[0,0],[0,-6.681],[0,0]],"v":[[13.429,-41.693],[25.525,-29.596],[25.525,-21.327],[39.88,-1.678],[39.516,5.275],[25.525,22.809],[25.525,29.596],[13.429,41.693],[-17.969,41.693],[-30.065,29.596],[-30.065,20.582],[-33.117,20.422],[-37.886,15.125],[-32.589,10.356],[-30.065,10.488],[-30.065,9.911],[-35.13,9.646],[-39.9,4.349],[-34.603,-0.421],[-30.065,-0.183],[-30.065,-0.866],[-35.13,-1.131],[-39.9,-6.428],[-34.603,-11.198],[-30.065,-10.96],[-30.065,-11.536],[-33.117,-11.696],[-37.886,-16.993],[-32.589,-21.763],[-30.065,-21.63],[-30.065,-29.596],[-17.969,-41.693]],"c":true},"ix":2},"nm":"Path 2","mn":"ADBE Vector Shape - Group","hd":false},{"ind":2,"ty":"sh","ix":3,"ks":{"a":0,"k":{"i":[[0,0],[0.146,-2.78],[2.78,0.146],[0,0],[0,0],[-4.454,0],[0,0],[0,4.454],[0,0],[0,0],[-0.167,3.186],[-3.186,-0.167],[0,0],[0,0],[4.454,0],[0,0],[0,-4.454],[0,0],[0,0],[0.146,-2.78],[2.78,0.146],[0,0],[0,0],[0,0],[0.146,-2.78],[2.78,0.146],[0,0],[0,0],[0,0],[0.146,-2.78],[2.78,0.146],[0,0],[0,0]],"o":[[2.78,0.146],[-0.146,2.78],[0,0],[0,0],[0,4.454],[0,0],[4.454,0],[0,0],[0,0],[-3.186,-0.167],[0.167,-3.186],[0,0],[0,0],[0,-4.454],[0,0],[-4.454,0],[0,0],[0,0],[2.78,0.146],[-0.146,2.78],[0,0],[0,0],[0,0],[2.78,0.146],[-0.146,2.78],[0,0],[0,0],[0,0],[2.78,0.146],[-0.146,2.78],[0,0],[0,0],[0,0]],"v":[[-23.529,10.83],[-18.76,16.128],[-24.057,20.897],[-26.033,20.794],[-26.033,29.596],[-17.969,37.661],[13.429,37.661],[21.493,29.596],[21.493,-10.366],[10.167,-10.959],[4.7,-17.031],[10.771,-22.497],[21.493,-21.935],[21.493,-29.596],[13.429,-37.661],[-17.969,-37.661],[-26.033,-29.596],[-26.033,-21.419],[-23.529,-21.288],[-18.76,-15.991],[-24.057,-11.221],[-26.033,-11.325],[-26.033,-10.749],[-21.516,-10.512],[-16.747,-5.215],[-22.044,-0.445],[-26.033,-0.654],[-26.033,0.028],[-21.516,0.265],[-16.747,5.562],[-22.044,10.332],[-26.033,10.123],[-26.033,10.699]],"c":true},"ix":2},"nm":"Path 3","mn":"ADBE Vector Shape - Group","hd":false},{"ty":"mm","mm":1,"nm":"Merge Paths 1","mn":"ADBE Vector Filter - Merge","hd":false},{"ty":"fl","c":{"a":0,"k":[1,1,1,1],"ix":4},"o":{"a":0,"k":100,"ix":5},"r":1,"bm":0,"nm":"Fill 1","mn":"ADBE Vector Graphic - Fill","hd":false},{"ty":"tr","p":{"a":0,"k":[0,0],"ix":2},"a":{"a":0,"k":[0,0],"ix":1},"s":{"a":0,"k":[300,300],"ix":3},"r":{"a":0,"k":0,"ix":6},"o":{"a":0,"k":100,"ix":7},"sk":{"a":0,"k":0,"ix":4},"sa":{"a":0,"k":0,"ix":5},"nm":"Transform"}],"nm":"Union","np":5,"cix":2,"bm":0,"ix":1,"mn":"ADBE Vector Group","hd":false}],"ip":0,"op":300,"st":0,"bm":0}]}],"layers":[{"ddd":0,"ind":1,"ty":4,"nm":"text","sr":1,"ks":{"o":{"a":0,"k":100,"ix":11},"r":{"a":0,"k":0,"ix":10},"p":{"a":0,"k":[1470.113,288,0],"ix":2,"l":2},"a":{"a":0,"k":[0,0,0],"ix":1,"l":2},"s":{"a":0,"k":[100,100,100],"ix":6,"l":2}},"ao":0,"shapes":[{"ty":"gr","it":[{"ind":0,"ty":"sh","ix":1,"ks":{"a":0,"k":{"i":[[0,0],[0,0],[0,0],[0,0],[0,0],[0,0],[0,0],[0,0],[0,0],[0,0],[0,0],[0.829,-1.382],[0.922,-1.075],[0,0],[0,0],[0,0],[0,0],[0,0],[0,0],[0,0],[0,0],[0,0],[0,0],[0,0],[0,0],[0,0],[0.86,-0.307],[0,0],[0,0],[0,0],[0.276,-0.276],[0.952,0],[0,0],[0,0],[0,0],[-0.737,0.276],[-0.307,0.676],[0,1.321],[0,0],[0,0],[0,0],[0,0],[-0.799,1.382],[0,0],[0,0],[0,0],[0,0],[0,0],[0,0],[0,0],[0,0],[0,0],[0,0],[0,0],[0,0],[0,0],[0,0],[0,0],[0,0]],"o":[[0,0],[0,0],[0,0],[0,0],[0,0],[0,0],[0,0],[0,0],[0,0],[0,0],[-0.461,1.229],[-0.829,1.382],[0,0],[0,0],[0,0],[0,0],[0,0],[0,0],[0,0],[0,0],[0,0],[0,0],[0,0],[0,0],[0,0],[-2.365,0.983],[0,0],[0,0],[0,0],[0,0.891],[-0.276,0.246],[0,0],[0,0],[0,0],[1.444,0],[0.768,-0.276],[0.307,-0.676],[0,0],[0,0],[0,0],[0,0],[1.044,-1.321],[0,0],[0,0],[0,0],[0,0],[0,0],[0,0],[0,0],[0,0],[0,0],[0,0],[0,0],[0,0],[0,0],[0,0],[0,0],[0,0],[0,0]],"v":[[-245.284,15.713],[-245.284,8.294],[-232.796,8.294],[-232.796,4.516],[-245.284,4.516],[-245.284,-0.276],[-234.593,-0.276],[-234.593,-4.055],[-253.486,-4.055],[-252.841,-5.622],[-256.666,-6.451],[-258.601,-2.534],[-261.228,1.152],[-261.873,-3.272],[-265.006,-1.889],[-265.006,-8.34],[-261.366,-8.34],[-261.366,-12.626],[-265.006,-12.626],[-265.006,-20.413],[-269.199,-20.413],[-269.199,-12.626],[-273.116,-12.626],[-273.116,-8.34],[-269.199,-8.34],[-269.199,-0.138],[-274.038,1.797],[-272.932,6.313],[-269.199,4.7],[-269.199,14.377],[-269.614,16.128],[-271.457,16.497],[-273.853,16.497],[-273.024,20.966],[-270.351,20.966],[-267.08,20.552],[-265.467,19.123],[-265.006,16.128],[-265.006,2.857],[-261.412,1.382],[-261.504,1.475],[-258.186,3.779],[-255.421,-0.276],[-249.431,-0.276],[-249.431,4.516],[-262.011,4.516],[-262.011,8.294],[-249.431,8.294],[-249.431,15.713],[-255.744,15.713],[-255.744,10.46],[-259.845,10.46],[-259.845,19.492],[-239.063,19.492],[-239.063,21.381],[-234.962,21.381],[-234.962,10.414],[-239.063,10.414],[-239.063,15.713]],"c":true},"ix":2},"nm":"Path 1","mn":"ADBE Vector Shape - Group","hd":false},{"ind":1,"ty":"sh","ix":2,"ks":{"a":0,"k":{"i":[[-5.13,0.369],[-3.502,0.461],[0,0],[5.038,-0.369],[4.055,-0.061],[0,0]],"o":[[5.161,-0.369],[0,0],[-3.471,0.492],[-5.038,0.338],[0,0],[3.963,-0.092]],"v":[[-246.666,-14.884],[-233.672,-16.128],[-234.363,-19.953],[-247.127,-18.662],[-260.767,-18.063],[-260.306,-14.193]],"c":true},"ix":2},"nm":"Path 2","mn":"ADBE Vector Shape - Group","hd":false},{"ind":2,"ty":"sh","ix":3,"ks":{"a":0,"k":{"i":[[0,0],[1.69,-2.396],[0,0],[-1.628,3.133]],"o":[[-1.167,2.55],[0,0],[1.352,-1.874],[0,0]],"v":[[-237.957,-14.653],[-242.243,-7.235],[-238.787,-5.437],[-234.317,-12.948]],"c":true},"ix":2},"nm":"Path 3","mn":"ADBE Vector Shape - Group","hd":false},{"ind":3,"ty":"sh","ix":4,"ks":{"a":0,"k":{"i":[[-0.584,-1.321],[-0.369,-0.922],[0,0],[0.891,1.812],[0,0]],"o":[[0.614,1.29],[0,0],[-1.137,-2.55],[0,0],[0.43,0.829]],"v":[[-249.155,-9.723],[-247.68,-6.405],[-243.994,-7.834],[-247.035,-14.377],[-250.675,-12.948]],"c":true},"ix":2},"nm":"Path 4","mn":"ADBE Vector Shape - Group","hd":false},{"ind":4,"ty":"sh","ix":5,"ks":{"a":0,"k":{"i":[[-0.553,-1.044],[-0.43,-0.922],[0,0],[0.799,1.382],[0,0]],"o":[[0.584,1.044],[0,0],[-1.26,-2.365],[0,0],[0.43,0.737]],"v":[[-258.186,-9.446],[-256.666,-6.497],[-253.117,-8.156],[-256.205,-13.778],[-259.661,-12.119]],"c":true},"ix":2},"nm":"Path 5","mn":"ADBE Vector Shape - Group","hd":false},{"ind":5,"ty":"sh","ix":6,"ks":{"a":0,"k":{"i":[[0,0],[0,0],[0,0],[0,0]],"o":[[0,0],[0,0],[0,0],[0,0]],"v":[[-186.947,-3.594],[-227.543,-3.594],[-227.543,1.382],[-186.947,1.382]],"c":true},"ix":2},"nm":"Path 6","mn":"ADBE Vector Shape - Group","hd":false},{"ind":6,"ty":"sh","ix":7,"ks":{"a":0,"k":{"i":[[0,0],[0,0],[0,0],[0,0],[0,0],[0,0],[0,0],[0,0],[0,0],[0,0],[0,0],[0.829,-1.382],[0.922,-1.075],[0,0],[0,0],[0,0],[0,0],[0,0],[0,0],[0,0],[0,0],[0,0],[0,0],[0,0],[0,0],[0,0],[0.86,-0.307],[0,0],[0,0],[0,0],[0.276,-0.276],[0.952,0],[0,0],[0,0],[0,0],[-0.737,0.276],[-0.307,0.676],[0,1.321],[0,0],[0,0],[0,0],[0,0],[-0.799,1.382],[0,0],[0,0],[0,0],[0,0],[0,0],[0,0],[0,0],[0,0],[0,0],[0,0],[0,0],[0,0],[0,0],[0,0],[0,0],[0,0]],"o":[[0,0],[0,0],[0,0],[0,0],[0,0],[0,0],[0,0],[0,0],[0,0],[0,0],[-0.461,1.229],[-0.829,1.382],[0,0],[0,0],[0,0],[0,0],[0,0],[0,0],[0,0],[0,0],[0,0],[0,0],[0,0],[0,0],[0,0],[-2.365,0.983],[0,0],[0,0],[0,0],[0,0.891],[-0.276,0.246],[0,0],[0,0],[0,0],[1.444,0],[0.768,-0.276],[0.307,-0.676],[0,0],[0,0],[0,0],[0,0],[1.044,-1.321],[0,0],[0,0],[0,0],[0,0],[0,0],[0,0],[0,0],[0,0],[0,0],[0,0],[0,0],[0,0],[0,0],[0,0],[0,0],[0,0],[0,0]],"v":[[-153.124,15.713],[-153.124,8.294],[-140.636,8.294],[-140.636,4.516],[-153.124,4.516],[-153.124,-0.276],[-142.433,-0.276],[-142.433,-4.055],[-161.326,-4.055],[-160.681,-5.622],[-164.506,-6.451],[-166.441,-2.534],[-169.068,1.152],[-169.713,-3.272],[-172.846,-1.889],[-172.846,-8.34],[-169.206,-8.34],[-169.206,-12.626],[-172.846,-12.626],[-172.846,-20.413],[-177.039,-20.413],[-177.039,-12.626],[-180.956,-12.626],[-180.956,-8.34],[-177.039,-8.34],[-177.039,-0.138],[-181.878,1.797],[-180.772,6.313],[-177.039,4.7],[-177.039,14.377],[-177.454,16.128],[-179.297,16.497],[-181.693,16.497],[-180.864,20.966],[-178.191,20.966],[-174.92,20.552],[-173.307,19.123],[-172.846,16.128],[-172.846,2.857],[-169.252,1.382],[-169.344,1.475],[-166.026,3.779],[-163.261,-0.276],[-157.271,-0.276],[-157.271,4.516],[-169.851,4.516],[-169.851,8.294],[-157.271,8.294],[-157.271,15.713],[-163.584,15.713],[-163.584,10.46],[-167.685,10.46],[-167.685,19.492],[-146.903,19.492],[-146.903,21.381],[-142.802,21.381],[-142.802,10.414],[-146.903,10.414],[-146.903,15.713]],"c":true},"ix":2},"nm":"Path 7","mn":"ADBE Vector Shape - Group","hd":false},{"ind":7,"ty":"sh","ix":8,"ks":{"a":0,"k":{"i":[[-5.13,0.369],[-3.502,0.461],[0,0],[5.038,-0.369],[4.055,-0.061],[0,0]],"o":[[5.161,-0.369],[0,0],[-3.471,0.492],[-5.038,0.338],[0,0],[3.963,-0.092]],"v":[[-154.506,-14.884],[-141.512,-16.128],[-142.203,-19.953],[-154.967,-18.662],[-168.607,-18.063],[-168.146,-14.193]],"c":true},"ix":2},"nm":"Path 8","mn":"ADBE Vector Shape - Group","hd":false},{"ind":8,"ty":"sh","ix":9,"ks":{"a":0,"k":{"i":[[0,0],[1.69,-2.396],[0,0],[-1.628,3.133]],"o":[[-1.167,2.55],[0,0],[1.352,-1.874],[0,0]],"v":[[-145.797,-14.653],[-150.083,-7.235],[-146.627,-5.437],[-142.157,-12.948]],"c":true},"ix":2},"nm":"Path 9","mn":"ADBE Vector Shape - Group","hd":false},{"ind":9,"ty":"sh","ix":10,"ks":{"a":0,"k":{"i":[[-0.584,-1.321],[-0.369,-0.922],[0,0],[0.891,1.812],[0,0]],"o":[[0.614,1.29],[0,0],[-1.137,-2.55],[0,0],[0.43,0.829]],"v":[[-156.995,-9.723],[-155.52,-6.405],[-151.834,-7.834],[-154.875,-14.377],[-158.515,-12.948]],"c":true},"ix":2},"nm":"Path 10","mn":"ADBE Vector Shape - Group","hd":false},{"ind":10,"ty":"sh","ix":11,"ks":{"a":0,"k":{"i":[[-0.553,-1.044],[-0.43,-0.922],[0,0],[0.799,1.382],[0,0]],"o":[[0.584,1.044],[0,0],[-1.26,-2.365],[0,0],[0.43,0.737]],"v":[[-166.026,-9.446],[-164.506,-6.497],[-160.957,-8.156],[-164.045,-13.778],[-167.501,-12.119]],"c":true},"ix":2},"nm":"Path 11","mn":"ADBE Vector Shape - Group","hd":false},{"ind":11,"ty":"sh","ix":12,"ks":{"a":0,"k":{"i":[[-0.829,3.994],[-0.522,3.133],[0,0],[0.246,-1.075],[0.307,-0.492],[0.399,0],[0.399,0.307],[0.461,0.829],[0.43,1.475],[-1.229,2.611],[-1.106,3.348],[0,0],[1.812,-3.041],[0.461,5.929],[0,0],[0,0],[0,0],[0.461,1.137],[0,0],[0,0],[0,0],[0,0.799],[0,0],[0,0],[0,0],[0,0],[0,0],[-1.321,-4.762],[2.243,-1.966],[0,0],[0,0],[4.608,-0.707],[2.519,-0.369],[0,0],[0,0],[0,0],[0.768,-0.553],[0.645,-0.553],[0,0],[-1.935,2.212],[-0.369,-0.676],[-0.952,-0.829],[-1.26,0]],"o":[[0.246,-1.29],[0,0],[-0.369,2.703],[-0.276,1.29],[-0.276,0.492],[-0.399,0],[-0.399,-0.307],[-0.707,-1.29],[1.567,-2.212],[1.26,-2.611],[0,0],[-1.597,5.1],[-0.676,-3.656],[0,0],[0,0],[0,0],[-0.922,-3.318],[0,0],[0,0],[0,0],[-0.215,-3.717],[0,0],[0,0],[0,0],[0,0],[0,0],[0.522,7.987],[-1.382,1.659],[0,0],[0,0],[-1.567,0.276],[-4.577,0.707],[0,0],[0,0],[0,0],[-0.522,0.492],[0.031,-0.031],[0,0],[3.164,-2.58],[0.276,0.645],[1.075,1.905],[0.952,0.829],[2.826,0]],"v":[[-95.524,15.16],[-94.372,8.525],[-98.15,7.142],[-99.072,12.81],[-99.948,15.483],[-100.961,16.22],[-102.159,15.759],[-103.45,14.054],[-105.155,9.907],[-100.961,2.673],[-97.413,-6.267],[-101.376,-7.695],[-106.491,4.516],[-108.196,-9.861],[-94.787,-9.861],[-94.787,-14.008],[-99.441,-14.008],[-101.514,-20.69],[-105.108,-19.814],[-103.45,-14.008],[-108.426,-14.008],[-108.749,-20.782],[-113.219,-20.782],[-112.85,-14.008],[-135.107,-14.008],[-135.107,-9.861],[-112.62,-9.861],[-109.855,9.262],[-115.292,14.7],[-115.43,12.995],[-115.615,10.783],[-124.877,12.257],[-135.521,13.87],[-135.06,18.202],[-120.591,15.898],[-115.845,15.16],[-117.78,16.727],[-118.702,17.51],[-115.983,21.012],[-108.334,13.824],[-107.366,15.805],[-104.325,19.907],[-101.007,21.151]],"c":true},"ix":2},"nm":"Path 12","mn":"ADBE Vector Shape - Group","hd":false},{"ind":12,"ty":"sh","ix":13,"ks":{"a":0,"k":{"i":[[0,0],[0,0],[0,0],[0,0]],"o":[[0,0],[0,0],[0,0],[0,0]],"v":[[-132.526,-6.175],[-132.526,8.294],[-116.628,8.294],[-116.628,-6.175]],"c":true},"ix":2},"nm":"Path 13","mn":"ADBE Vector Shape - Group","hd":false},{"ind":13,"ty":"sh","ix":14,"ks":{"a":0,"k":{"i":[[0,0],[0,0],[0,0],[0,0]],"o":[[0,0],[0,0],[0,0],[0,0]],"v":[[-120.822,4.285],[-128.333,4.285],[-128.333,-2.074],[-120.822,-2.074]],"c":true},"ix":2},"nm":"Path 14","mn":"ADBE Vector Shape - Group","hd":false},{"ind":14,"ty":"sh","ix":15,"ks":{"a":0,"k":{"i":[[0,0],[0,0],[0,0],[0,0],[0,0],[0,0],[0,0],[0,0],[0,0],[0,0],[0,0],[0,0]],"o":[[0,0],[0,0],[0,0],[0,0],[0,0],[0,0],[0,0],[0,0],[0,0],[0,0],[0,0],[0,0]],"v":[[-53.176,-8.018],[-67.876,-8.018],[-67.876,-12.442],[-49.72,-12.442],[-49.72,-16.773],[-67.876,-16.773],[-67.876,-20.69],[-72.438,-20.69],[-72.438,-8.018],[-84.649,-8.018],[-84.649,7.695],[-53.176,7.695]],"c":true},"ix":2},"nm":"Path 15","mn":"ADBE Vector Shape - Group","hd":false},{"ind":15,"ty":"sh","ix":16,"ks":{"a":0,"k":{"i":[[0,0],[0,0],[0,0],[0,0]],"o":[[0,0],[0,0],[0,0],[0,0]],"v":[[-57.646,3.456],[-80.179,3.456],[-80.179,-3.686],[-57.646,-3.686]],"c":true},"ix":2},"nm":"Path 16","mn":"ADBE Vector Shape - Group","hd":false},{"ind":16,"ty":"sh","ix":17,"ks":{"a":0,"k":{"i":[[0.983,-1.966],[1.044,-1.536],[0,0],[-1.167,3.133],[0,0]],"o":[[-0.983,1.966],[0,0],[2.365,-4.301],[0,0],[-0.492,1.536]],"v":[[-86.492,14.054],[-89.533,19.308],[-85.663,21.565],[-80.364,10.414],[-84.28,8.801]],"c":true},"ix":2},"nm":"Path 17","mn":"ADBE Vector Shape - Group","hd":false},{"ind":17,"ty":"sh","ix":18,"ks":{"a":0,"k":{"i":[[0,0],[1.659,2.734],[0,0],[-0.952,-2.028]],"o":[[-2.089,-3.994],[0,0],[2.796,5.007],[0,0]],"v":[[-48.66,18.939],[-54.282,8.847],[-58.015,10.598],[-52.393,21.151]],"c":true},"ix":2},"nm":"Path 18","mn":"ADBE Vector Shape - Group","hd":false},{"ind":18,"ty":"sh","ix":19,"ks":{"a":0,"k":{"i":[[0.707,1.874],[0.584,1.352],[0,0],[-0.676,-2.488],[0,0]],"o":[[-0.676,-1.905],[0,0],[1.536,3.84],[0,0],[-0.369,-1.229]],"v":[[-61.885,14.561],[-63.775,9.677],[-67.599,10.875],[-64.282,20.367],[-60.273,19.215]],"c":true},"ix":2},"nm":"Path 19","mn":"ADBE Vector Shape - Group","hd":false},{"ind":19,"ty":"sh","ix":20,"ks":{"a":0,"k":{"i":[[0,0],[0.645,2.458],[0,0],[-0.307,-2.058]],"o":[[-0.799,-4.055],[0,0],[0.983,4.485],[0,0]],"v":[[-71.286,19.907],[-73.452,10.138],[-77.46,10.967],[-75.525,20.782]],"c":true},"ix":2},"nm":"Path 20","mn":"ADBE Vector Shape - Group","hd":false},{"ind":20,"ty":"sh","ix":21,"ks":{"a":0,"k":{"i":[[0,0],[0,0],[0,0],[0,0],[0,0],[0,0],[0,0],[0,0],[0,0],[0,0],[0,0],[0,0],[0,0],[0,0],[0,0],[0,0],[0,0],[0,0],[0,0],[0,0],[0,0],[0,0],[0,0],[0,0],[0,0],[0,0],[0,0],[0,0],[0,0],[0,0]],"o":[[0,0],[0,0],[0,0],[0,0],[0,0],[0,0],[0,0],[0,0],[0,0],[0,0],[0,0],[0,0],[0,0],[0,0],[0,0],[0,0],[0,0],[0,0],[0,0],[0,0],[0,0],[0,0],[0,0],[0,0],[0,0],[0,0],[0,0],[0,0],[0,0],[0,0]],"v":[[-20.644,1.014],[-2.673,1.014],[-2.673,-3.272],[-20.644,-3.272],[-20.644,-10.368],[-5.53,-10.368],[-5.53,-14.607],[-20.644,-14.607],[-20.644,-21.335],[-25.068,-21.335],[-25.068,-14.607],[-40.182,-14.607],[-40.182,-10.368],[-25.068,-10.368],[-25.068,-3.272],[-43.039,-3.272],[-43.039,1.014],[-25.068,1.014],[-25.068,14.976],[-34.836,14.976],[-34.836,4.332],[-39.306,4.332],[-39.306,19.215],[-10.875,19.215],[-10.875,21.519],[-6.451,21.519],[-6.451,4.285],[-10.875,4.285],[-10.875,14.976],[-20.644,14.976]],"c":true},"ix":2},"nm":"Path 21","mn":"ADBE Vector Shape - Group","hd":false},{"ind":21,"ty":"sh","ix":22,"ks":{"a":0,"k":{"i":[[0,0],[0,0],[0,0],[0,0],[0,0],[0,0],[0,0],[0.614,1.352],[0,0],[-0.614,-1.628],[0,0],[0,0]],"o":[[0,0],[0,0],[0,0],[0,0],[0,0],[0,0],[-0.829,-2.15],[0,0],[0.522,1.229],[0,0],[0,0],[0,0]],"v":[[21.519,-7.142],[21.519,-11.889],[38.431,-11.889],[38.431,-7.142],[42.578,-7.142],[42.578,-15.898],[32.947,-15.898],[30.781,-21.151],[26.266,-20.183],[27.971,-15.898],[17.464,-15.898],[17.464,-7.142]],"c":true},"ix":2},"nm":"Path 22","mn":"ADBE Vector Shape - Group","hd":false},{"ind":22,"ty":"sh","ix":23,"ks":{"a":0,"k":{"i":[[0,0],[0,0],[0,0],[0.676,-0.307],[0,0],[0,0],[0,0],[0,0],[0,0],[0,0],[0,0],[0,0],[0,0],[0,0],[0,0],[2.458,-0.922],[0,0],[-1.505,0.614],[0,0],[0.338,-0.276],[1.014,0],[0,0],[0,0],[0,0],[-0.737,0.276],[-0.338,0.707],[0,1.29]],"o":[[0,0],[0,0],[-1.382,0.645],[0,0],[0,0],[0,0],[0,0],[0,0],[0,0],[0,0],[0,0],[0,0],[0,0],[0,0],[-1.229,0.492],[0,0],[1.475,-0.645],[0,0],[0,0.86],[-0.307,0.246],[0,0],[0,0],[0,0],[1.382,0],[0.768,-0.246],[0.338,-0.676],[0,0]],"v":[[12.027,2.811],[15.898,1.244],[15.114,-3.226],[12.027,-1.797],[12.027,-8.479],[16.036,-8.479],[16.036,-12.764],[12.027,-12.764],[12.027,-20.275],[7.926,-20.275],[7.926,-12.764],[3.41,-12.764],[3.41,-8.479],[7.926,-8.479],[7.926,-0.092],[2.396,2.028],[3.456,6.405],[7.926,4.516],[7.926,14.377],[7.419,16.082],[5.437,16.451],[2.811,16.451],[3.64,20.782],[6.682,20.782],[9.861,20.367],[11.52,18.939],[12.027,15.99]],"c":true},"ix":2},"nm":"Path 23","mn":"ADBE Vector Shape - Group","hd":false},{"ind":23,"ty":"sh","ix":24,"ks":{"a":0,"k":{"i":[[-0.983,4.301],[0,0],[0,0],[0,0],[-0.645,2.089],[0,0],[0.922,-2.458],[0,0],[0,0],[0,0],[1.321,-2.673],[-3.379,-1.966],[2.028,-0.829],[2.765,-0.799],[0,0],[-2.365,1.137],[-1.72,1.321],[-2.949,-2.028],[0,0],[3.195,1.874]],"o":[[0,0],[0,0],[0,0],[0.645,-1.659],[0,0],[-0.492,1.966],[0,0],[0,0],[0,0],[-0.768,1.812],[1.997,1.014],[-1.444,0.952],[-1.997,0.829],[0,0],[3.287,-1.106],[2.365,-1.106],[3.779,2.335],[0,0],[-3.041,-1.966],[2.304,-2.734]],"v":[[38.938,0.922],[43.5,0.922],[43.5,-3.226],[27.74,-3.226],[29.676,-8.847],[25.344,-9.861],[23.224,-3.226],[16.681,-3.226],[16.681,0.922],[21.565,0.922],[18.432,7.649],[26.496,12.119],[21.289,14.792],[14.147,17.234],[16.082,21.612],[24.561,18.248],[30.689,14.607],[40.781,21.151],[43.361,17.234],[34.007,11.474]],"c":true},"ix":2},"nm":"Path 24","mn":"ADBE Vector Shape - Group","hd":false},{"ind":24,"ty":"sh","ix":25,"ks":{"a":0,"k":{"i":[[0,0],[1.997,-2.058],[1.352,0.676],[-0.676,1.69]],"o":[[-0.922,3.471],[-2.765,-1.505],[0.829,-1.659],[0,0]],"v":[[34.376,0.922],[29.998,9.216],[23.823,5.944],[26.081,0.922]],"c":true},"ix":2},"nm":"Path 25","mn":"ADBE Vector Shape - Group","hd":false},{"ind":25,"ty":"sh","ix":26,"ks":{"a":0,"k":{"i":[[0,0],[0,0],[0,0],[0,0],[0,0],[0,0],[0,0],[0,0],[0,0],[0,0],[0,0],[0,0],[0,0],[0,0],[0,0],[0,0],[0,0],[0,0],[0,0],[0,0],[0,0],[0,0],[-0.891,2.028],[0,0],[0,0],[0,0],[-0.553,1.782],[0,0],[1.075,-2.427],[0.737,-1.229],[0,0],[0,0],[0,0],[0,0],[0,0],[0,0],[0,0],[0,0],[0.184,-0.369],[0.614,-0.43],[0,0],[0,0],[0,0],[0,0]],"o":[[0,0],[0,0],[0,0],[0,0],[0,0],[0,0],[0,0],[0,0],[0,0],[0,0],[0,0],[0,0],[0,0],[0,0],[0,0],[0,0],[0,0],[0,0],[0,0],[0,0],[0,0],[0.584,-1.075],[0,0],[0,0],[0,0],[0.492,-1.198],[0,0],[-0.707,2.427],[-1.044,2.396],[0,0],[0,0],[0,0],[0,0],[0,0],[0,0],[0,0],[0,0],[0,0.584],[-0.154,0.338],[0,0],[0,0],[0,0],[0,0],[0,0]],"v":[[89.718,15.252],[85.663,15.252],[87.045,-18.57],[65.71,-18.57],[65.71,-14.285],[70.687,-14.285],[69.903,-2.35],[65.019,-2.35],[65.019,1.797],[69.627,1.797],[68.751,15.252],[63.821,15.252],[63.037,11.013],[58.061,14.008],[58.061,5.852],[63.867,5.852],[63.867,1.935],[58.061,1.935],[58.061,-3.087],[63.36,-3.087],[63.36,-7.004],[52.577,-7.004],[54.789,-11.658],[64.236,-11.658],[64.236,-15.575],[56.402,-15.575],[57.969,-20.045],[54.052,-20.828],[51.379,-13.548],[48.707,-8.11],[50.734,-5.391],[50.734,-3.087],[54.052,-3.087],[54.052,1.935],[48.845,1.935],[48.845,5.852],[54.052,5.852],[54.052,14.561],[53.775,15.99],[52.623,17.142],[54.605,20.552],[63.268,15.621],[63.268,19.354],[89.718,19.354]],"c":true},"ix":2},"nm":"Path 26","mn":"ADBE Vector Shape - Group","hd":false},{"ind":26,"ty":"sh","ix":27,"ks":{"a":0,"k":{"i":[[0,0],[0,0],[0,0],[0,0]],"o":[[0,0],[0,0],[0,0],[0,0]],"v":[[74.788,-14.285],[82.714,-14.285],[82.161,-2.35],[74.051,-2.35]],"c":true},"ix":2},"nm":"Path 27","mn":"ADBE Vector Shape - Group","hd":false},{"ind":27,"ty":"sh","ix":28,"ks":{"a":0,"k":{"i":[[0,0],[0,0],[0,0],[0,0]],"o":[[0,0],[0,0],[0,0],[0,0]],"v":[[73.82,1.797],[81.976,1.797],[81.331,15.252],[72.991,15.252]],"c":true},"ix":2},"nm":"Path 28","mn":"ADBE Vector Shape - Group","hd":false},{"ind":28,"ty":"sh","ix":29,"ks":{"a":0,"k":{"i":[[0,0],[5.929,-1.812],[0,0],[-2.028,0.922],[0,0],[0,0],[0,0],[-2.365,-0.922],[0,0],[4.239,3.011],[0,0],[0,0],[0,0],[0,0],[0,0],[0,0],[0,0],[0,0]],"o":[[-4.485,3.103],[0,0],[1.014,-0.399],[0,0],[0,0],[0,0],[0.737,0.307],[0,0],[-6.175,-1.72],[0,0],[0,0],[0,0],[0,0],[0,0],[0,0],[0,0],[0,0],[0,0]],"v":[[110.223,-13.179],[94.602,-5.806],[96.307,-1.613],[100.869,-3.594],[100.869,12.442],[129.623,12.442],[129.623,-3.732],[134.277,-1.889],[135.798,-6.083],[120.177,-13.179],[134.646,-13.179],[134.646,-16.957],[117.412,-16.957],[117.412,-21.059],[112.988,-21.059],[112.988,-16.957],[95.892,-16.957],[95.892,-13.179]],"c":true},"ix":2},"nm":"Path 29","mn":"ADBE Vector Shape - Group","hd":false},{"ind":29,"ty":"sh","ix":30,"ks":{"a":0,"k":{"i":[[-1.905,-1.106],[-2.519,-1.075],[0,0],[-2.949,2.427],[0,0],[0,0],[0,0]],"o":[[1.935,1.106],[0,0],[4.792,-2.243],[0,0],[0,0],[0,0],[1.628,1.382]],"v":[[122.711,-7.096],[129.393,-3.825],[101.376,-3.825],[112.988,-10.829],[112.988,-5.391],[117.412,-5.391],[117.412,-10.829]],"c":true},"ix":2},"nm":"Path 30","mn":"ADBE Vector Shape - Group","hd":false},{"ind":30,"ty":"sh","ix":31,"ks":{"a":0,"k":{"i":[[0,0],[0,0],[0,0],[0,0]],"o":[[0,0],[0,0],[0,0],[0,0]],"v":[[125.245,2.58],[105.155,2.58],[105.155,-0.415],[125.245,-0.415]],"c":true},"ix":2},"nm":"Path 31","mn":"ADBE Vector Shape - Group","hd":false},{"ind":31,"ty":"sh","ix":32,"ks":{"a":0,"k":{"i":[[0,0],[0,0],[0,0],[0,0]],"o":[[0,0],[0,0],[0,0],[0,0]],"v":[[105.155,8.893],[105.155,5.944],[125.245,5.944],[125.245,8.893]],"c":true},"ix":2},"nm":"Path 32","mn":"ADBE Vector Shape - Group","hd":false},{"ind":32,"ty":"sh","ix":33,"ks":{"a":0,"k":{"i":[[0,0],[0,0],[0,0],[0,0]],"o":[[0,0],[0,0],[0,0],[0,0]],"v":[[95.57,19.63],[134.922,19.63],[134.922,15.852],[95.57,15.852]],"c":true},"ix":2},"nm":"Path 33","mn":"ADBE Vector Shape - Group","hd":false},{"ind":33,"ty":"sh","ix":34,"ks":{"a":0,"k":{"i":[[-0.737,1.229],[0,0],[0,0],[0,0],[-0.276,0.799],[0,0],[0,0],[0,0],[0,0],[-4.884,0.461],[0,0],[6.728,-0.43],[5.407,-0.092],[0,0],[-5.53,0.276],[0.338,-1.014],[0,0],[0,0],[0,0],[0.369,-0.707],[0,0],[0,0],[0,0],[4.608,-3.103],[0,0],[-1.935,1.812],[0,0],[0,0],[0,0],[0,0],[0,0],[0,0],[0,0],[0,0]],"o":[[0,0],[0,0],[0,0],[0.461,-1.044],[0,0],[0,0],[0,0],[0,0],[6.881,-0.399],[0,0],[-4.792,0.522],[-6.728,0.399],[0,0],[3.348,-0.031],[-0.215,0.952],[0,0],[0,0],[0,0],[-0.492,1.137],[0,0],[0,0],[0,0],[-2.611,3.871],[0,0],[2.427,-1.782],[0,0],[0,0],[0,0],[0,0],[0,0],[0,0],[0,0],[0,0],[0.43,-0.584]],"v":[[156.58,-2.534],[181.601,-2.534],[181.601,-6.036],[158.377,-6.036],[159.483,-8.801],[178.422,-8.801],[178.422,-12.073],[160.543,-12.073],[161.372,-15.299],[179.021,-16.589],[178.698,-20.321],[161.418,-18.893],[143.217,-18.156],[143.493,-14.561],[156.81,-15.022],[155.981,-12.073],[144.461,-12.073],[144.461,-8.801],[154.829,-8.801],[153.539,-6.036],[141.281,-6.036],[141.281,-2.534],[151.511,-2.534],[140.682,7.926],[142.479,12.073],[149.023,6.682],[149.023,21.427],[153.078,21.427],[153.078,19.446],[172.616,19.446],[172.616,21.381],[176.717,21.381],[176.717,0.184],[154.829,0.184]],"c":true},"ix":2},"nm":"Path 34","mn":"ADBE Vector Shape - Group","hd":false},{"ind":34,"ty":"sh","ix":35,"ks":{"a":0,"k":{"i":[[0,0],[0,0],[0,0],[0,0]],"o":[[0,0],[0,0],[0,0],[0,0]],"v":[[172.616,5.714],[153.078,5.714],[153.078,3.272],[172.616,3.272]],"c":true},"ix":2},"nm":"Path 35","mn":"ADBE Vector Shape - Group","hd":false},{"ind":35,"ty":"sh","ix":36,"ks":{"a":0,"k":{"i":[[0,0],[0,0],[0,0],[0,0]],"o":[[0,0],[0,0],[0,0],[0,0]],"v":[[153.078,8.663],[172.616,8.663],[172.616,11.059],[153.078,11.059]],"c":true},"ix":2},"nm":"Path 36","mn":"ADBE Vector Shape - Group","hd":false},{"ind":36,"ty":"sh","ix":37,"ks":{"a":0,"k":{"i":[[0,0],[0,0],[0,0],[0,0]],"o":[[0,0],[0,0],[0,0],[0,0]],"v":[[153.078,16.358],[153.078,13.962],[172.616,13.962],[172.616,16.358]],"c":true},"ix":2},"nm":"Path 37","mn":"ADBE Vector Shape - Group","hd":false},{"ind":37,"ty":"sh","ix":38,"ks":{"a":0,"k":{"i":[[0,0],[0,0],[0,0],[0,0],[0,0],[0,0],[0,0],[0,0],[0,0],[0,0],[0,0],[-0.86,1.597],[0,0],[0.952,-1.628],[0.799,-1.198],[0,0],[0,0],[0.922,1.444],[0.584,0.829],[0,0],[-0.799,-1.352],[-0.369,-0.707],[0,0],[0,0],[0,0],[0,0],[0,0],[0,0],[0,0],[0,0],[0,0],[0,0],[0,0],[0,0],[0,0],[0,0]],"o":[[0,0],[0,0],[0,0],[0,0],[0,0],[0,0],[0,0],[0,0],[0,0],[0,0],[1.659,-2.58],[0,0],[-0.522,1.044],[-0.922,1.597],[0,0],[0,0],[-0.338,-0.676],[-0.922,-1.444],[0,0],[0.553,0.799],[0.829,1.352],[0,0],[0,0],[0,0],[0,0],[0,0],[0,0],[0,0],[0,0],[0,0],[0,0],[0,0],[0,0],[0,0],[0,0],[0,0]],"v":[[228.004,11.059],[228.004,6.82],[215.747,6.82],[215.747,0.876],[225.792,0.876],[225.792,-3.41],[215.747,-3.41],[215.747,-9.032],[226.806,-9.032],[226.806,-13.271],[219.663,-13.271],[223.442,-19.538],[219.433,-21.473],[217.221,-17.464],[214.641,-13.271],[208.236,-13.271],[211.369,-15.022],[209.48,-18.202],[207.222,-21.612],[203.628,-19.584],[205.655,-16.358],[207.452,-13.271],[200.494,-13.271],[200.494,-9.032],[211.231,-9.032],[211.231,-3.41],[201.324,-3.41],[201.324,0.876],[211.231,0.876],[211.231,6.82],[199.342,6.82],[199.342,11.059],[211.231,11.059],[211.231,21.197],[215.747,21.197],[215.747,11.059]],"c":true},"ix":2},"nm":"Path 38","mn":"ADBE Vector Shape - Group","hd":false},{"ind":38,"ty":"sh","ix":39,"ks":{"a":0,"k":{"i":[[0,0],[-1.997,-2.58],[0,0],[1.597,1.751]],"o":[[2.273,2.703],[0,0],[-2.703,-3.441],[0,0]],"v":[[188.698,-17.741],[195.103,-9.815],[198.513,-12.856],[192.061,-20.644]],"c":true},"ix":2},"nm":"Path 39","mn":"ADBE Vector Shape - Group","hd":false},{"ind":39,"ty":"sh","ix":40,"ks":{"a":0,"k":{"i":[[0,0],[0,0],[0,0],[0,0],[0,0],[0,0],[0,0],[0.184,-0.43],[0.522,-0.522],[0,0],[0,0]],"o":[[0,0],[0,0],[0,0],[0,0],[0,0],[0,0],[0,0.614],[-0.154,0.43],[0,0],[0,0],[0,0]],"v":[[198.881,10.276],[195.748,12.81],[195.748,-6.267],[187.085,-6.267],[187.085,-1.889],[191.462,-1.889],[191.462,14.054],[191.186,15.621],[190.172,17.05],[192.891,20.321],[199.987,14.561]],"c":true},"ix":2},"nm":"Path 40","mn":"ADBE Vector Shape - Group","hd":false},{"ind":40,"ty":"sh","ix":41,"ks":{"a":0,"k":{"i":[[0,0],[0,0],[0,0],[0,0],[0,0],[0,0],[0,0],[0,0],[0,0],[0,0],[0,0],[0,0],[0,0],[0,0],[0,0],[0,0],[0,0],[0,0],[0,0],[0,0],[0,0],[0,0],[0,0],[0,0]],"o":[[0,0],[0,0],[0,0],[0,0],[0,0],[0,0],[0,0],[0,0],[0,0],[0,0],[0,0],[0,0],[0,0],[0,0],[0,0],[0,0],[0,0],[0,0],[0,0],[0,0],[0,0],[0,0],[0,0],[0,0]],"v":[[261.228,-6.175],[261.228,-8.847],[271.872,-8.847],[271.872,-11.75],[261.228,-11.75],[261.228,-14.423],[272.932,-14.423],[272.932,-17.51],[261.228,-17.51],[261.228,-20.782],[257.219,-20.782],[257.219,-17.51],[246.62,-17.51],[246.62,-14.423],[257.219,-14.423],[257.219,-11.75],[247.864,-11.75],[247.864,-8.847],[257.219,-8.847],[257.219,-6.175],[245.376,-6.175],[245.376,-3.087],[274.038,-3.087],[274.038,-6.175]],"c":true},"ix":2},"nm":"Path 41","mn":"ADBE Vector Shape - Group","hd":false},{"ind":41,"ty":"sh","ix":42,"ks":{"a":0,"k":{"i":[[0,0],[-1.014,-0.829],[0,0],[2.058,1.352],[0.154,0.061],[0.154,0.123],[0,0],[0,0],[0,0],[0,0]],"o":[[0.983,0.707],[0,0],[-0.676,-0.522],[-0.092,-0.061],[-0.123,-0.092],[0,0],[0,0],[0,0],[0,0],[0,0]],"v":[[242.657,-8.986],[245.652,-6.682],[247.542,-10.322],[243.441,-13.133],[243.072,-13.317],[242.657,-13.64],[242.657,-20.69],[238.648,-20.69],[238.648,21.289],[242.657,21.289]],"c":true},"ix":2},"nm":"Path 42","mn":"ADBE Vector Shape - Group","hd":false},{"ind":42,"ty":"sh","ix":43,"ks":{"a":0,"k":{"i":[[0,0],[0.86,-4.731],[0,0],[-0.369,3.195],[-0.215,2.365]],"o":[[-0.461,5.929],[0,0],[0.338,-2.089],[0.399,-3.226],[0,0]],"v":[[234.547,-13.409],[232.566,2.58],[235.745,3.226],[236.805,-4.7],[237.727,-13.087]],"c":true},"ix":2},"nm":"Path 43","mn":"ADBE Vector Shape - Group","hd":false},{"ind":43,"ty":"sh","ix":44,"ks":{"a":0,"k":{"i":[[0,0],[0,0],[0,0],[0,0],[0,0],[0,0],[0.338,-0.276],[1.106,0],[0,0],[0,0],[0,0],[-0.737,0.676],[0,1.782],[0,0]],"o":[[0,0],[0,0],[0,0],[0,0],[0,0],[0,0.799],[-0.307,0.246],[0,0],[0,0],[0,0],[1.874,0],[0.737,-0.676],[0,0],[0,0]],"v":[[247.91,-0.507],[247.91,21.105],[252.012,21.105],[252.012,13.87],[267.172,13.87],[267.172,15.391],[266.665,17.004],[264.545,17.372],[260.168,17.372],[260.813,20.828],[266.204,20.828],[270.121,19.814],[271.227,16.128],[271.227,-0.507]],"c":true},"ix":2},"nm":"Path 44","mn":"ADBE Vector Shape - Group","hd":false},{"ind":44,"ty":"sh","ix":45,"ks":{"a":0,"k":{"i":[[0,0],[0,0],[0,0],[0,0]],"o":[[0,0],[0,0],[0,0],[0,0]],"v":[[267.172,2.673],[267.172,5.207],[252.012,5.207],[252.012,2.673]],"c":true},"ix":2},"nm":"Path 45","mn":"ADBE Vector Shape - Group","hd":false},{"ind":45,"ty":"sh","ix":46,"ks":{"a":0,"k":{"i":[[0,0],[0,0],[0,0],[0,0]],"o":[[0,0],[0,0],[0,0],[0,0]],"v":[[252.012,10.783],[252.012,8.248],[267.172,8.248],[267.172,10.783]],"c":true},"ix":2},"nm":"Path 46","mn":"ADBE Vector Shape - Group","hd":false},{"ty":"mm","mm":1,"nm":"Merge Paths 1","mn":"ADBE Vector Filter - Merge","hd":false},{"ty":"fl","c":{"a":0,"k":[1,1,1,1],"ix":4},"o":{"a":0,"k":100,"ix":5},"r":1,"bm":0,"nm":"Fill 1","mn":"ADBE Vector Graphic - Fill","hd":false},{"ty":"tr","p":{"a":0,"k":[0,0],"ix":2},"a":{"a":0,"k":[0,0],"ix":1},"s":{"a":0,"k":[300,300],"ix":3},"r":{"a":0,"k":0,"ix":6},"o":{"a":0,"k":100,"ix":7},"sk":{"a":0,"k":0,"ix":4},"sa":{"a":0,"k":0,"ix":5},"nm":"Transform"}],"nm":"text","np":48,"cix":2,"bm":0,"ix":1,"mn":"ADBE Vector Group","hd":false}],"ip":0,"op":300,"st":0,"bm":0},{"ddd":0,"ind":2,"ty":0,"nm":"icon_shake_hands","refId":"comp_0","sr":1,"ks":{"o":{"a":0,"k":100,"ix":11},"r":{"a":0,"k":0,"ix":10},"p":{"a":0,"k":[420,288,0],"ix":2,"l":2},"a":{"a":0,"k":[204,204,0],"ix":1,"l":2},"s":{"a":0,"k":[100,100,100],"ix":6,"l":2}},"ao":0,"w":408,"h":408,"ip":0,"op":300,"st":0,"bm":0},{"ddd":0,"ind":3,"ty":4,"nm":"Rectangle 1158","sr":1,"ks":{"o":{"a":0,"k":100,"ix":11},"r":{"a":0,"k":0,"ix":10},"p":{"a":0,"k":[1350,288,0],"ix":2,"l":2},"a":{"a":0,"k":[0,0,0],"ix":1,"l":2},"s":{"a":0,"k":[100,100,100],"ix":6,"l":2}},"ao":0,"shapes":[{"ty":"gr","it":[{"ty":"rc","d":1,"s":{"a":0,"k":[898,190],"ix":2},"p":{"a":0,"k":[0,0],"ix":3},"r":{"a":0,"k":2000,"ix":4},"nm":"Rectangle Path 1","mn":"ADBE Vector Shape - Rect","hd":false},{"ty":"st","c":{"a":0,"k":[1,1,1,0.5],"ix":3},"o":{"a":0,"k":50,"ix":4},"w":{"a":0,"k":2,"ix":5},"lc":1,"lj":1,"ml":4,"bm":0,"nm":"Stroke 1","mn":"ADBE Vector Graphic - Stroke","hd":false},{"ty":"fl","c":{"a":0,"k":[0,0,0,0.20000000298],"ix":4},"o":{"a":0,"k":20,"ix":5},"r":1,"bm":0,"nm":"Fill 1","mn":"ADBE Vector Graphic - Fill","hd":false},{"ty":"tr","p":{"a":0,"k":[0,0],"ix":2},"a":{"a":0,"k":[0,0],"ix":1},"s":{"a":0,"k":[300,300],"ix":3},"r":{"a":0,"k":0,"ix":6},"o":{"a":0,"k":100,"ix":7},"sk":{"a":0,"k":0,"ix":4},"sa":{"a":0,"k":0,"ix":5},"nm":"Transform"}],"nm":"Rectangle 1158","np":3,"cix":2,"bm":0,"ix":1,"mn":"ADBE Vector Group","hd":false}],"ip":0,"op":300,"st":0,"bm":0}],"markers":[]}