{"v":"5.8.1","fr":60,"ip":0,"op":480,"w":56,"h":56,"nm":"lottie_illustration_talk_pigeon_static","ddd":0,"assets":[{"id":"comp_0","nm":"gugu","fr":60,"layers":[{"ddd":0,"ind":1,"ty":0,"nm":"eye","refId":"comp_1","sr":1,"ks":{"o":{"a":0,"k":100,"ix":11},"r":{"a":0,"k":0,"ix":10},"p":{"a":1,"k":[{"i":{"x":0.25,"y":1},"o":{"x":0.33,"y":0},"t":60,"s":[28,28,0],"e":[28,28.75,0],"to":[0,0.125,0],"ti":[0,0.208,0]},{"i":{"x":0.25,"y":1},"o":{"x":0.33,"y":0},"t":78,"s":[28,28.75,0],"e":[28,26.75,0],"to":[0,-0.208,0],"ti":[0,0,0]},{"i":{"x":0.25,"y":1},"o":{"x":0.33,"y":0},"t":96,"s":[28,26.75,0],"e":[28,28.75,0],"to":[0,0,0],"ti":[0,-0.208,0]},{"i":{"x":0.25,"y":1},"o":{"x":0.33,"y":0},"t":112,"s":[28,28.75,0],"e":[28,28,0],"to":[0,0.208,0],"ti":[0,0.125,0]},{"t":130}],"ix":2,"l":2},"a":{"a":0,"k":[28,28,0],"ix":1,"l":2},"s":{"a":0,"k":[100,100,100],"ix":6,"l":2}},"ao":0,"w":56,"h":56,"ip":0,"op":480,"st":0,"bm":0},{"ddd":0,"ind":2,"ty":4,"nm":"Vector 4","sr":1,"ks":{"o":{"a":0,"k":100,"ix":11},"r":{"a":0,"k":0,"ix":10},"p":{"a":0,"k":[50.179,31.514,0],"ix":2,"l":2},"a":{"a":0,"k":[0,0,0],"ix":1,"l":2},"s":{"a":0,"k":[-100,100,100],"ix":6,"l":2}},"ao":0,"shapes":[{"ty":"gr","it":[{"ind":0,"ty":"sh","ix":1,"ks":{"a":1,"k":[{"i":{"x":0.25,"y":1},"o":{"x":0.33,"y":0},"t":60,"s":[{"i":[[0,0],[1.348,1.193],[0,0],[-2.101,-0.13],[0,0]],"o":[[-2.321,-0.186],[-1.742,-1.612],[0,0],[4.534,0.377],[0,0]],"v":[[2.573,4.037],[-2.901,1.467],[-4.464,-1.486],[-2.326,-2.749],[4.469,-4.037]],"c":false}],"e":[{"i":[[0,0],[2.092,1.269],[0,0],[-2.795,-0.14],[0,0]],"o":[[-2.321,-0.186],[-2.158,-1.231],[0,0],[4.534,0.377],[0,0]],"v":[[3.505,4.803],[-2.782,3.17],[-4.47,0.405],[-1.707,-1.546],[4.464,-3.272]],"c":false}]},{"i":{"x":0.25,"y":1},"o":{"x":0.33,"y":0},"t":78,"s":[{"i":[[0,0],[2.092,1.269],[0,0],[-2.795,-0.14],[0,0]],"o":[[-2.321,-0.186],[-2.158,-1.231],[0,0],[4.534,0.377],[0,0]],"v":[[3.505,4.803],[-2.782,3.17],[-4.47,0.405],[-1.707,-1.546],[4.464,-3.272]],"c":false}],"e":[{"i":[[0,0],[1.348,1.193],[0,0],[-2.014,-1.484],[0,0]],"o":[[-3.006,0.074],[-2.095,-2.449],[0,0],[3.33,2.423],[0,0]],"v":[[3.916,4.068],[-1.651,1.279],[-3.996,-4.611],[-0.795,-5.186],[3.782,-3.568]],"c":false}]},{"i":{"x":0.25,"y":1},"o":{"x":0.33,"y":0},"t":96,"s":[{"i":[[0,0],[1.348,1.193],[0,0],[-2.014,-1.484],[0,0]],"o":[[-3.006,0.074],[-2.095,-2.449],[0,0],[3.33,2.423],[0,0]],"v":[[3.916,4.068],[-1.651,1.279],[-3.996,-4.611],[-0.795,-5.186],[3.782,-3.568]],"c":false}],"e":[{"i":[[0,0],[2.092,1.269],[0,0],[-2.795,-0.14],[0,0]],"o":[[-2.321,-0.186],[-2.158,-1.231],[0,0],[4.534,0.377],[0,0]],"v":[[3.505,4.803],[-2.782,3.17],[-4.47,0.405],[-1.707,-1.546],[4.464,-3.272]],"c":false}]},{"i":{"x":0.25,"y":1},"o":{"x":0.33,"y":0},"t":112,"s":[{"i":[[0,0],[2.092,1.269],[0,0],[-2.795,-0.14],[0,0]],"o":[[-2.321,-0.186],[-2.158,-1.231],[0,0],[4.534,0.377],[0,0]],"v":[[3.505,4.803],[-2.782,3.17],[-4.47,0.405],[-1.707,-1.546],[4.464,-3.272]],"c":false}],"e":[{"i":[[0,0],[1.348,1.193],[0,0],[-2.101,-0.13],[0,0]],"o":[[-2.321,-0.186],[-1.742,-1.612],[0,0],[4.534,0.377],[0,0]],"v":[[2.573,4.037],[-2.901,1.467],[-4.464,-1.486],[-2.326,-2.749],[4.469,-4.037]],"c":false}]},{"t":130}],"ix":2},"nm":"Path 1","mn":"ADBE Vector Shape - Group","hd":false},{"ty":"st","c":{"a":0,"k":[0.180392156863,0.180392156863,0.180392156863,1],"ix":3},"o":{"a":0,"k":100,"ix":4},"w":{"a":0,"k":1.167,"ix":5},"lc":2,"lj":2,"bm":0,"nm":"Stroke 1","mn":"ADBE Vector Graphic - Stroke","hd":false},{"ty":"fl","c":{"a":0,"k":[1,1,1,1],"ix":4},"o":{"a":0,"k":100,"ix":5},"r":1,"bm":0,"nm":"Fill 1","mn":"ADBE Vector Graphic - Fill","hd":false},{"ty":"tr","p":{"a":0,"k":[0,0],"ix":2},"a":{"a":0,"k":[0,0],"ix":1},"s":{"a":0,"k":[100,100],"ix":3},"r":{"a":0,"k":0,"ix":6},"o":{"a":0,"k":100,"ix":7},"sk":{"a":0,"k":0,"ix":4},"sa":{"a":0,"k":0,"ix":5},"nm":"Transform"}],"nm":"Vector","np":3,"cix":2,"bm":0,"ix":1,"mn":"ADBE Vector Group","hd":false}],"ip":0,"op":480,"st":0,"bm":0},{"ddd":0,"ind":3,"ty":4,"nm":"Vector","sr":1,"ks":{"o":{"a":0,"k":100,"ix":11},"r":{"a":0,"k":0,"ix":10},"p":{"a":0,"k":[5.309,31.451,0],"ix":2,"l":2},"a":{"a":0,"k":[0,0,0],"ix":1,"l":2},"s":{"a":0,"k":[100,100,100],"ix":6,"l":2}},"ao":0,"shapes":[{"ty":"gr","it":[{"ind":0,"ty":"sh","ix":1,"ks":{"a":1,"k":[{"i":{"x":0.25,"y":1},"o":{"x":0.33,"y":0},"t":60,"s":[{"i":[[0,0],[1.348,1.193],[0,0],[-2.101,-0.13],[0,0]],"o":[[-2.321,-0.186],[-1.742,-1.612],[0,0],[4.534,0.377],[0,0]],"v":[[2.573,4.037],[-2.901,1.467],[-4.464,-1.486],[-2.326,-2.749],[4.469,-4.037]],"c":false}],"e":[{"i":[[0,0],[2.092,1.269],[0,0],[-2.795,-0.14],[0,0]],"o":[[-2.321,-0.186],[-2.158,-1.231],[0,0],[4.534,0.377],[0,0]],"v":[[2.601,4.787],[-2.748,3.154],[-4.436,0.389],[-1.673,-1.561],[4.498,-3.287]],"c":false}]},{"i":{"x":0.25,"y":1},"o":{"x":0.33,"y":0},"t":78,"s":[{"i":[[0,0],[2.092,1.269],[0,0],[-2.795,-0.14],[0,0]],"o":[[-2.321,-0.186],[-2.158,-1.231],[0,0],[4.534,0.377],[0,0]],"v":[[2.601,4.787],[-2.748,3.154],[-4.436,0.389],[-1.673,-1.561],[4.498,-3.287]],"c":false}],"e":[{"i":[[0,0],[1.348,1.193],[0,0],[-2.014,-1.484],[0,0]],"o":[[-3.006,0.074],[-2.095,-2.449],[0,0],[3.33,2.423],[0,0]],"v":[[3.916,4.068],[-1.651,1.279],[-3.996,-4.611],[-0.795,-5.186],[3.782,-3.568]],"c":false}]},{"i":{"x":0.25,"y":1},"o":{"x":0.33,"y":0},"t":96,"s":[{"i":[[0,0],[1.348,1.193],[0,0],[-2.014,-1.484],[0,0]],"o":[[-3.006,0.074],[-2.095,-2.449],[0,0],[3.33,2.423],[0,0]],"v":[[3.916,4.068],[-1.651,1.279],[-3.996,-4.611],[-0.795,-5.186],[3.782,-3.568]],"c":false}],"e":[{"i":[[0,0],[2.092,1.269],[0,0],[-2.795,-0.14],[0,0]],"o":[[-2.321,-0.186],[-2.158,-1.231],[0,0],[4.534,0.377],[0,0]],"v":[[2.601,4.787],[-2.748,3.154],[-4.436,0.389],[-1.673,-1.561],[4.498,-3.287]],"c":false}]},{"i":{"x":0.25,"y":1},"o":{"x":0.33,"y":0},"t":112,"s":[{"i":[[0,0],[2.092,1.269],[0,0],[-2.795,-0.14],[0,0]],"o":[[-2.321,-0.186],[-2.158,-1.231],[0,0],[4.534,0.377],[0,0]],"v":[[2.601,4.787],[-2.748,3.154],[-4.436,0.389],[-1.673,-1.561],[4.498,-3.287]],"c":false}],"e":[{"i":[[0,0],[1.348,1.193],[0,0],[-2.101,-0.13],[0,0]],"o":[[-2.321,-0.186],[-1.742,-1.612],[0,0],[4.534,0.377],[0,0]],"v":[[2.573,4.037],[-2.901,1.467],[-4.464,-1.486],[-2.326,-2.749],[4.469,-4.037]],"c":false}]},{"t":130}],"ix":2},"nm":"Path 1","mn":"ADBE Vector Shape - Group","hd":false},{"ty":"st","c":{"a":0,"k":[0.180392156863,0.180392156863,0.180392156863,1],"ix":3},"o":{"a":0,"k":100,"ix":4},"w":{"a":0,"k":1.167,"ix":5},"lc":2,"lj":2,"bm":0,"nm":"Stroke 1","mn":"ADBE Vector Graphic - Stroke","hd":false},{"ty":"fl","c":{"a":0,"k":[1,1,1,1],"ix":4},"o":{"a":0,"k":100,"ix":5},"r":1,"bm":0,"nm":"Fill 1","mn":"ADBE Vector Graphic - Fill","hd":false},{"ty":"tr","p":{"a":0,"k":[0,0],"ix":2},"a":{"a":0,"k":[0,0],"ix":1},"s":{"a":0,"k":[100,100],"ix":3},"r":{"a":0,"k":0,"ix":6},"o":{"a":0,"k":100,"ix":7},"sk":{"a":0,"k":0,"ix":4},"sa":{"a":0,"k":0,"ix":5},"nm":"Transform"}],"nm":"Vector","np":3,"cix":2,"bm":0,"ix":1,"mn":"ADBE Vector Group","hd":false}],"ip":0,"op":480,"st":0,"bm":0},{"ddd":0,"ind":4,"ty":4,"nm":"Vector","sr":1,"ks":{"o":{"a":0,"k":100,"ix":11},"r":{"a":0,"k":0,"ix":10},"p":{"a":1,"k":[{"i":{"x":0.25,"y":1},"o":{"x":0.33,"y":0},"t":60,"s":[16.292,13.68,0],"e":[16.292,13.93,0],"to":[0,0.042,0],"ti":[0,0.167,0]},{"i":{"x":0.25,"y":1},"o":{"x":0.33,"y":0},"t":78,"s":[16.292,13.93,0],"e":[16.292,12.68,0],"to":[0,-0.167,0],"ti":[0,0,0]},{"i":{"x":0.25,"y":1},"o":{"x":0.33,"y":0},"t":96,"s":[16.292,12.68,0],"e":[16.292,13.93,0],"to":[0,0,0],"ti":[0,-0.167,0]},{"i":{"x":0.25,"y":1},"o":{"x":0.33,"y":0},"t":112,"s":[16.292,13.93,0],"e":[16.292,13.68,0],"to":[0,0.167,0],"ti":[0,0.042,0]},{"t":130}],"ix":2,"l":2},"a":{"a":0,"k":[0,0,0],"ix":1,"l":2},"s":{"a":0,"k":[100,100,100],"ix":6,"l":2}},"ao":0,"shapes":[{"ty":"gr","it":[{"ind":0,"ty":"sh","ix":1,"ks":{"a":0,"k":{"i":[[0,0],[0.175,0.118],[0.347,1.227],[-1.526,-0.569],[0,0],[0.036,0.047],[-2.266,0.423],[-0.247,-0.056],[-0.922,-1.099],[-0.243,-0.356]],"o":[[-0.186,-0.098],[-0.701,-0.456],[-0.158,-0.37],[1.526,0.569],[0,0],[-0.43,-0.585],[0.249,-0.042],[1.907,0.406],[0.28,0.328],[0,0]],"v":[[-2.039,4.305],[-2.581,3.981],[-4.8,1.374],[-3.256,0.275],[-0.089,0.804],[-0.143,0.732],[-1.17,-4.278],[-0.418,-4.256],[4.062,-1.116],[4.847,-0.09]],"c":false},"ix":2},"nm":"Path 1","mn":"ADBE Vector Shape - Group","hd":false},{"ty":"st","c":{"a":0,"k":[0.180392156863,0.180392156863,0.180392156863,1],"ix":3},"o":{"a":0,"k":100,"ix":4},"w":{"a":0,"k":1.167,"ix":5},"lc":2,"lj":2,"bm":0,"nm":"Stroke 1","mn":"ADBE Vector Graphic - Stroke","hd":false},{"ty":"fl","c":{"a":0,"k":[1,1,1,1],"ix":4},"o":{"a":0,"k":100,"ix":5},"r":1,"bm":0,"nm":"Fill 1","mn":"ADBE Vector Graphic - Fill","hd":false},{"ty":"tr","p":{"a":0,"k":[0,0],"ix":2},"a":{"a":0,"k":[0,0],"ix":1},"s":{"a":0,"k":[100,100],"ix":3},"r":{"a":0,"k":0,"ix":6},"o":{"a":0,"k":100,"ix":7},"sk":{"a":0,"k":0,"ix":4},"sa":{"a":0,"k":0,"ix":5},"nm":"Transform"}],"nm":"Vector","np":3,"cix":2,"bm":0,"ix":1,"mn":"ADBE Vector Group","hd":false}],"ip":0,"op":480,"st":0,"bm":0},{"ddd":0,"ind":5,"ty":4,"nm":"Vector","sr":1,"ks":{"o":{"a":0,"k":100,"ix":11},"r":{"a":0,"k":0,"ix":10},"p":{"a":0,"k":[27.885,46.989,0],"ix":2,"l":2},"a":{"a":0,"k":[0,18.248,0],"ix":1,"l":2},"s":{"a":1,"k":[{"i":{"x":[0.25,0.25,0.25],"y":[1,1,1]},"o":{"x":[0.33,0.33,0.33],"y":[0,0,0]},"t":60,"s":[100,100,100],"e":[99,96,100]},{"i":{"x":[0.25,0.25,0.25],"y":[1,1,1]},"o":{"x":[0.33,0.33,0.33],"y":[0,0,0]},"t":78,"s":[99,96,100],"e":[99,102,100]},{"i":{"x":[0.25,0.25,0.25],"y":[1,1,1]},"o":{"x":[0.33,0.33,0.33],"y":[0,0,0]},"t":96,"s":[99,102,100],"e":[99,96,100]},{"i":{"x":[0.25,0.25,0.25],"y":[1,1,1]},"o":{"x":[0.33,0.33,0.33],"y":[0,0,0]},"t":112,"s":[99,96,100],"e":[100,100,100]},{"t":130}],"ix":6,"l":2}},"ao":0,"shapes":[{"ty":"gr","it":[{"ind":0,"ty":"sh","ix":1,"ks":{"a":0,"k":{"i":[[4.12,4.88],[5.915,0],[3.513,-4.055],[0,-5.774],[-3.182,-1.864],[-6.568,0],[-3.473,2.179],[0,4.802]],"o":[[-3.43,-4.059],[-5.954,0],[-4.168,4.807],[0,4.725],[3.957,2.318],[6.469,0],[2.884,-1.813],[0,-5.809]],"v":[[14.274,-11.38],[0.171,-18.248],[-14.15,-11.39],[-20.604,5.759],[-15.51,15.346],[0.895,18.248],[16.117,15.57],[20.604,5.979]],"c":true},"ix":2},"nm":"Path 1","mn":"ADBE Vector Shape - Group","hd":false},{"ty":"st","c":{"a":0,"k":[0.180392156863,0.180392156863,0.180392156863,1],"ix":3},"o":{"a":0,"k":100,"ix":4},"w":{"a":0,"k":1.167,"ix":5},"lc":1,"lj":1,"ml":4,"bm":0,"nm":"Stroke 1","mn":"ADBE Vector Graphic - Stroke","hd":false},{"ty":"fl","c":{"a":0,"k":[1,1,1,1],"ix":4},"o":{"a":0,"k":100,"ix":5},"r":1,"bm":0,"nm":"Fill 1","mn":"ADBE Vector Graphic - Fill","hd":false},{"ty":"tr","p":{"a":0,"k":[0,0],"ix":2},"a":{"a":0,"k":[0,0],"ix":1},"s":{"a":0,"k":[100,100],"ix":3},"r":{"a":0,"k":0,"ix":6},"o":{"a":0,"k":100,"ix":7},"sk":{"a":0,"k":0,"ix":4},"sa":{"a":0,"k":0,"ix":5},"nm":"Transform"}],"nm":"Vector","np":3,"cix":2,"bm":0,"ix":1,"mn":"ADBE Vector Group","hd":false}],"ip":0,"op":480,"st":0,"bm":0}]},{"id":"comp_1","nm":"eye","fr":60,"layers":[{"ddd":0,"ind":1,"ty":4,"nm":"Vector","sr":1,"ks":{"o":{"a":0,"k":100,"ix":11},"r":{"a":0,"k":0,"ix":10},"p":{"a":0,"k":[39.473,26.819,0],"ix":2,"l":2},"a":{"a":0,"k":[0,0,0],"ix":1,"l":2},"s":{"a":0,"k":[100,100,100],"ix":6,"l":2}},"ao":0,"shapes":[{"ty":"gr","it":[{"ind":0,"ty":"sh","ix":1,"ks":{"a":0,"k":{"i":[[-1.652,0],[0,1.658],[1.652,0],[0,-1.658]],"o":[[1.652,0],[0,-1.658],[-1.652,0],[0,1.658]],"v":[[0,3.001],[2.992,0],[0,-3.001],[-2.992,0]],"c":true},"ix":2},"nm":"Path 1","mn":"ADBE Vector Shape - Group","hd":false},{"ty":"fl","c":{"a":0,"k":[0.976470589638,0.847058832645,0.898039221764,1],"ix":4},"o":{"a":0,"k":100,"ix":5},"r":1,"bm":0,"nm":"Fill 1","mn":"ADBE Vector Graphic - Fill","hd":false},{"ty":"tr","p":{"a":0,"k":[0,0],"ix":2},"a":{"a":0,"k":[0,0],"ix":1},"s":{"a":0,"k":[100,100],"ix":3},"r":{"a":0,"k":0,"ix":6},"o":{"a":0,"k":100,"ix":7},"sk":{"a":0,"k":0,"ix":4},"sa":{"a":0,"k":0,"ix":5},"nm":"Transform"}],"nm":"Vector","np":2,"cix":2,"bm":0,"ix":1,"mn":"ADBE Vector Group","hd":false}],"ip":0,"op":480,"st":0,"bm":0},{"ddd":0,"ind":2,"ty":4,"nm":"Vector","sr":1,"ks":{"o":{"a":0,"k":100,"ix":11},"r":{"a":0,"k":0,"ix":10},"p":{"a":0,"k":[16.292,26.819,0],"ix":2,"l":2},"a":{"a":0,"k":[0,0,0],"ix":1,"l":2},"s":{"a":0,"k":[100,100,100],"ix":6,"l":2}},"ao":0,"shapes":[{"ty":"gr","it":[{"ind":0,"ty":"sh","ix":1,"ks":{"a":0,"k":{"i":[[-1.652,0],[0,1.658],[1.652,0],[0,-1.658]],"o":[[1.652,0],[0,-1.658],[-1.652,0],[0,1.658]],"v":[[0,3.001],[2.992,0],[0,-3.001],[-2.992,0]],"c":true},"ix":2},"nm":"Path 1","mn":"ADBE Vector Shape - Group","hd":false},{"ty":"fl","c":{"a":0,"k":[0.976470589638,0.847058832645,0.898039221764,1],"ix":4},"o":{"a":0,"k":100,"ix":5},"r":1,"bm":0,"nm":"Fill 1","mn":"ADBE Vector Graphic - Fill","hd":false},{"ty":"tr","p":{"a":0,"k":[0,0],"ix":2},"a":{"a":0,"k":[0,0],"ix":1},"s":{"a":0,"k":[100,100],"ix":3},"r":{"a":0,"k":0,"ix":6},"o":{"a":0,"k":100,"ix":7},"sk":{"a":0,"k":0,"ix":4},"sa":{"a":0,"k":0,"ix":5},"nm":"Transform"}],"nm":"Vector","np":2,"cix":2,"bm":0,"ix":1,"mn":"ADBE Vector Group","hd":false}],"ip":0,"op":480,"st":0,"bm":0},{"ddd":0,"ind":3,"ty":4,"nm":"Vector","sr":1,"ks":{"o":{"a":0,"k":100,"ix":11},"r":{"a":0,"k":0,"ix":10},"p":{"a":0,"k":[35.868,23.49,0],"ix":2,"l":2},"a":{"a":0,"k":[0,0,0],"ix":1,"l":2},"s":{"a":0,"k":[100,100,100],"ix":6,"l":2}},"ao":0,"shapes":[{"ty":"gr","it":[{"ind":0,"ty":"sh","ix":1,"ks":{"a":0,"k":{"i":[[-0.215,-0.148],[-0.082,-0.249],[0,0],[0.977,-0.012],[0,0],[0,0],[-0.31,0.856],[-0.215,0.148],[-0.26,-0.01]],"o":[[0.215,0.148],[0.309,0.856],[0,0],[0,0],[-0.977,-0.012],[0,0],[0.084,-0.247],[0.215,-0.148],[0.261,-0.012]],"v":[[0.734,-1.563],[1.191,-0.951],[1.252,0.766],[0.028,1.774],[-0.027,1.774],[-1.252,0.763],[-1.19,-0.951],[-0.73,-1.56],[0.001,-1.773]],"c":true},"ix":2},"nm":"Path 1","mn":"ADBE Vector Shape - Group","hd":false},{"ty":"fl","c":{"a":0,"k":[0.180392156863,0.180392156863,0.180392156863,1],"ix":4},"o":{"a":0,"k":100,"ix":5},"r":1,"bm":0,"nm":"Fill 1","mn":"ADBE Vector Graphic - Fill","hd":false},{"ty":"tr","p":{"a":0,"k":[0,0],"ix":2},"a":{"a":0,"k":[0,0],"ix":1},"s":{"a":0,"k":[100,100],"ix":3},"r":{"a":0,"k":0,"ix":6},"o":{"a":0,"k":100,"ix":7},"sk":{"a":0,"k":0,"ix":4},"sa":{"a":0,"k":0,"ix":5},"nm":"Transform"}],"nm":"Vector","np":2,"cix":2,"bm":0,"ix":1,"mn":"ADBE Vector Group","hd":false}],"ip":0,"op":480,"st":0,"bm":0},{"ddd":0,"ind":4,"ty":4,"nm":"Vector","sr":1,"ks":{"o":{"a":0,"k":100,"ix":11},"r":{"a":0,"k":0,"ix":10},"p":{"a":0,"k":[20.065,23.517,0],"ix":2,"l":2},"a":{"a":0,"k":[0,0,0],"ix":1,"l":2},"s":{"a":0,"k":[100,100,100],"ix":6,"l":2}},"ao":0,"shapes":[{"ty":"gr","it":[{"ind":0,"ty":"sh","ix":1,"ks":{"a":0,"k":{"i":[[-0.216,-0.149],[-0.094,-0.246],[0,0],[0.992,-0.012],[0,0],[0,0],[-0.315,0.869],[-0.216,0.149],[-0.262,0]],"o":[[0.216,0.149],[0.315,0.869],[0,0],[0,0],[-0.991,-0.012],[0,0],[0.094,-0.246],[0.216,-0.149],[0.262,0]],"v":[[0.734,-1.572],[1.209,-0.966],[1.272,0.774],[0.028,1.801],[-0.029,1.801],[-1.272,0.774],[-1.209,-0.966],[-0.734,-1.572],[0,-1.801]],"c":true},"ix":2},"nm":"Path 1","mn":"ADBE Vector Shape - Group","hd":false},{"ty":"fl","c":{"a":0,"k":[0.180392156863,0.180392156863,0.180392156863,1],"ix":4},"o":{"a":0,"k":100,"ix":5},"r":1,"bm":0,"nm":"Fill 1","mn":"ADBE Vector Graphic - Fill","hd":false},{"ty":"tr","p":{"a":0,"k":[0,0],"ix":2},"a":{"a":0,"k":[0,0],"ix":1},"s":{"a":0,"k":[100,100],"ix":3},"r":{"a":0,"k":0,"ix":6},"o":{"a":0,"k":100,"ix":7},"sk":{"a":0,"k":0,"ix":4},"sa":{"a":0,"k":0,"ix":5},"nm":"Transform"}],"nm":"Vector","np":2,"cix":2,"bm":0,"ix":1,"mn":"ADBE Vector Group","hd":false}],"ip":0,"op":480,"st":0,"bm":0},{"ddd":0,"ind":5,"ty":4,"nm":"Vector","sr":1,"ks":{"o":{"a":0,"k":100,"ix":11},"r":{"a":0,"k":0,"ix":10},"p":{"a":0,"k":[28.046,26.376,0],"ix":2,"l":2},"a":{"a":0,"k":[0,0,0],"ix":1,"l":2},"s":{"a":0,"k":[100,100,100],"ix":6,"l":2}},"ao":0,"shapes":[{"ty":"gr","it":[{"ind":0,"ty":"sh","ix":1,"ks":{"a":0,"k":{"i":[[-0.237,-0.001],[0,-0.843],[0.959,-0.015],[0.626,-0.512],[0.675,0.574],[0,0],[0,0.843],[-0.969,0],[-0.24,-0.099],[-0.248,0.165],[-0.415,-0.279],[-0.243,-0.219]],"o":[[0.973,0],[0,0.83],[0,0],[-0.626,0.512],[-0.675,-0.574],[-0.955,-0.015],[0,-0.843],[0.259,0],[0.215,-0.207],[0.599,-0.404],[0.272,0.182],[0.222,-0.083]],"v":[[2.282,-2.236],[3.897,-0.711],[2.313,0.812],[1.152,2.528],[-1.11,2.528],[-2.275,0.812],[-3.897,-0.711],[-2.241,-2.236],[-1.486,-2.087],[-0.792,-2.646],[0.813,-2.713],[1.586,-2.111]],"c":true},"ix":2},"nm":"Path 1","mn":"ADBE Vector Shape - Group","hd":false},{"ty":"st","c":{"a":0,"k":[0.180392156863,0.180392156863,0.180392156863,1],"ix":3},"o":{"a":0,"k":100,"ix":4},"w":{"a":0,"k":1.167,"ix":5},"lc":2,"lj":2,"bm":0,"nm":"Stroke 1","mn":"ADBE Vector Graphic - Stroke","hd":false},{"ty":"fl","c":{"a":0,"k":[1,0.889705896378,0.5,1],"ix":4},"o":{"a":0,"k":100,"ix":5},"r":1,"bm":0,"nm":"Fill 1","mn":"ADBE Vector Graphic - Fill","hd":false},{"ty":"tr","p":{"a":0,"k":[0,0],"ix":2},"a":{"a":0,"k":[0,0],"ix":1},"s":{"a":0,"k":[100,100],"ix":3},"r":{"a":0,"k":0,"ix":6},"o":{"a":0,"k":100,"ix":7},"sk":{"a":0,"k":0,"ix":4},"sa":{"a":0,"k":0,"ix":5},"nm":"Transform"}],"nm":"Vector","np":3,"cix":2,"bm":0,"ix":1,"mn":"ADBE Vector Group","hd":false}],"ip":0,"op":480,"st":0,"bm":0}]}],"layers":[{"ddd":0,"ind":2,"ty":0,"nm":"gugu","refId":"comp_0","sr":1,"ks":{"o":{"a":0,"k":100,"ix":11},"r":{"a":0,"k":0,"ix":10},"p":{"a":0,"k":[28,38.875,0],"ix":2,"l":2},"a":{"a":0,"k":[28,38.875,0],"ix":1,"l":2},"s":{"a":1,"k":[{"i":{"x":[0.25,0.25,0.25],"y":[1,1,1]},"o":{"x":[0.33,0.33,0.33],"y":[0,0,0]},"t":60,"s":[97,97,100],"e":[96,96,100]},{"i":{"x":[0.25,0.25,0.25],"y":[1,1,1]},"o":{"x":[0.33,0.33,0.33],"y":[0,0,0]},"t":78,"s":[96,96,100],"e":[100,100,100]},{"i":{"x":[0.25,0.25,0.25],"y":[1,1,1]},"o":{"x":[0.33,0.33,0.33],"y":[0,0,0]},"t":96,"s":[100,100,100],"e":[96,96,100]},{"i":{"x":[0.25,0.25,0.25],"y":[1,1,1]},"o":{"x":[0.33,0.33,0.33],"y":[0,0,0]},"t":112,"s":[96,96,100],"e":[97,97,100]},{"t":130}],"ix":6,"l":2}},"ao":0,"w":56,"h":56,"ip":0,"op":480,"st":0,"bm":0}],"markers":[]}