{"v":"5.7.11","fr":60,"ip":0,"op":360,"w":140,"h":60,"nm":"notification_motion_cat_dark","ddd":0,"assets":[],"layers":[{"ddd":0,"ind":1,"ty":4,"nm":"“notification_text”轮廓","sr":1,"ks":{"o":{"a":0,"k":100,"ix":11},"r":{"a":0,"k":0,"ix":10},"p":{"a":0,"k":[41.25,31.25,0],"ix":2,"l":2},"a":{"a":0,"k":[5.5,30.25,0],"ix":1,"l":2},"s":{"a":1,"k":[{"i":{"x":[0.667,0.667,0.667],"y":[1,1,1]},"o":{"x":[0.817,0.817,0.333],"y":[0,0,0]},"t":54,"s":[0,0,100]},{"i":{"x":[0.667,0.667,0.667],"y":[1,1,1]},"o":{"x":[0.333,0.333,0.333],"y":[0,0,0]},"t":79,"s":[102,102,100]},{"i":{"x":[0.667,0.667,0.667],"y":[1,1,1]},"o":{"x":[0.333,0.333,0.333],"y":[0,0,0]},"t":89,"s":[90,90,100]},{"i":{"x":[0.674,0.674,0.674],"y":[1,1,1]},"o":{"x":[0.305,0.305,0.305],"y":[0,0,0]},"t":105,"s":[95,95,100]},{"i":{"x":[0.833,0.833,0.833],"y":[1,1,1]},"o":{"x":[0.167,0.167,0.167],"y":[0,0,0]},"t":212,"s":[95,95,100]},{"t":235,"s":[0,0,100]}],"ix":6,"l":2}},"ao":0,"shapes":[{"ty":"gr","it":[{"ind":0,"ty":"sh","ix":1,"ks":{"a":0,"k":{"i":[[0.601,0],[0,0],[0,1.119],[0,0],[0,0],[0,0],[-0.359,0],[0,0],[-0.119,0.266],[-0.066,1.641],[0,0],[0.306,-0.426]],"o":[[0,0],[-1,0],[0,0],[0,0],[0,0],[0,0.467],[0,0],[0.281,0],[0.147,-0.347],[0,0],[-0.12,2.026],[-0.294,0.374]],"v":[[37.219,8.79],[35.74,8.79],[34.24,7.111],[34.24,-8.91],[35.6,-8.91],[35.6,6.831],[36.139,7.531],[36.999,7.531],[37.6,7.131],[37.919,4.15],[39.199,4.551],[38.561,8.23]],"c":true},"ix":2},"nm":"路径 1","mn":"ADBE Vector Shape - Group","hd":false},{"ind":1,"ty":"sh","ix":2,"ks":{"a":0,"k":{"i":[[-0.747,0.253],[0,0],[0.8,-0.227],[0,0],[1.066,0],[0,0],[0,0],[-0.254,0],[0,0.547],[0,0],[1.04,-0.213],[0,0],[-0.907,0.2],[0,0],[-0.507,0.906],[0,0],[0,0],[0,0],[0,0],[0.987,-1.347],[0,0]],"o":[[0,0],[-0.653,0.213],[0,0],[0,1.081],[0,0],[0,0],[0.96,0.066],[0.439,0],[0,0],[-0.507,0.12],[0,0],[0.866,-0.16],[0,0],[0.786,-1.027],[0,0],[0,0],[0,0],[0,0],[-0.426,0.907],[0,0],[0.707,-0.187]],"v":[[33.061,-1.15],[33.061,0.251],[30.88,0.911],[30.88,7.23],[29.281,8.85],[27.38,8.85],[27.079,7.59],[28.9,7.689],[29.561,6.87],[29.561,1.271],[27.24,1.771],[26.9,0.391],[29.561,-0.15],[29.561,-4.23],[31.499,-7.13],[27.38,-7.13],[27.38,-8.41],[32.999,-8.41],[32.999,-7.21],[30.88,-3.829],[30.88,-0.49]],"c":true},"ix":2},"nm":"路径 2","mn":"ADBE Vector Shape - Group","hd":false},{"ind":2,"ty":"sh","ix":3,"ks":{"a":0,"k":{"i":[[0,0],[0,0],[0,0],[0,0]],"o":[[0,0],[0,0],[0,0],[0,0]],"v":[[22.999,4.57],[24.96,4.57],[24.96,-6.27],[22.999,-6.27]],"c":true},"ix":2},"nm":"路径 3","mn":"ADBE Vector Shape - Group","hd":false},{"ind":3,"ty":"sh","ix":4,"ks":{"a":0,"k":{"i":[[0,0],[0,0],[0,0],[0,0],[0,0],[0,0],[0,0],[0,0]],"o":[[0,0],[0,0],[0,0],[0,0],[0,0],[0,0],[0,0],[0,0]],"v":[[26.259,-7.549],[26.259,7.111],[24.96,7.111],[24.96,5.85],[22.999,5.85],[22.999,7.59],[21.68,7.59],[21.68,-7.549]],"c":true},"ix":2},"nm":"路径 4","mn":"ADBE Vector Shape - Group","hd":false},{"ind":4,"ty":"sh","ix":5,"ks":{"a":0,"k":{"i":[[0,0],[0,0],[0,0],[0,0]],"o":[[0,0],[0,0],[0,0],[0,0]],"v":[[6.46,7.111],[15.499,7.111],[15.499,5.751],[6.46,5.751]],"c":true},"ix":2},"nm":"路径 5","mn":"ADBE Vector Shape - Group","hd":false},{"ind":5,"ty":"sh","ix":6,"ks":{"a":0,"k":{"i":[[0,0]],"o":[[0,0]],"v":[[6.46,5.751]],"c":false},"ix":2},"nm":"路径 6","mn":"ADBE Vector Shape - Group","hd":false},{"ind":6,"ty":"sh","ix":7,"ks":{"a":0,"k":{"i":[[0,0],[0,0],[0,0],[0,0]],"o":[[0,0],[0,0],[0,0],[0,0]],"v":[[15.499,0.911],[6.46,0.911],[6.46,2.251],[15.499,2.251]],"c":true},"ix":2},"nm":"路径 7","mn":"ADBE Vector Shape - Group","hd":false},{"ind":7,"ty":"sh","ix":8,"ks":{"a":0,"k":{"i":[[0,0]],"o":[[0,0]],"v":[[15.499,2.251]],"c":false},"ix":2},"nm":"路径 8","mn":"ADBE Vector Shape - Group","hd":false},{"ind":8,"ty":"sh","ix":9,"ks":{"a":0,"k":{"i":[[0,0],[0,0],[0,0],[0,0]],"o":[[0,0],[0,0],[0,0],[0,0]],"v":[[6.46,4.631],[15.499,4.631],[15.499,3.37],[6.46,3.37]],"c":true},"ix":2},"nm":"路径 9","mn":"ADBE Vector Shape - Group","hd":false},{"ind":9,"ty":"sh","ix":10,"ks":{"a":0,"k":{"i":[[0,0]],"o":[[0,0]],"v":[[6.46,3.37]],"c":false},"ix":2},"nm":"路径 10","mn":"ADBE Vector Shape - Group","hd":false},{"ind":10,"ty":"sh","ix":11,"ks":{"a":0,"k":{"i":[[0,0],[0,0],[-0.334,0.786],[2.281,0],[0,0],[-3.747,0.76],[0,0],[2.559,-0.2],[0.24,-0.6],[0,0],[0,0],[0,0],[0.346,-0.587],[0,0],[0,0],[0,0],[0.333,-0.387],[0,0],[0,0],[0,0],[0,0],[0,0],[0,0],[0,0],[0,0],[1.161,-0.787],[0,0],[-1.401,1.653],[0,0],[0,0],[0,0],[-0.252,0.427],[0,0]],"o":[[0,0],[0.08,-0.187],[-1.96,0.12],[0,0],[5.667,0],[0,0],[-1.854,0.413],[-0.148,0.44],[0,0],[0,0],[0,0],[-0.16,0.32],[0,0],[0,0],[0,0],[-0.401,0.533],[0,0],[0,0],[0,0],[0,0],[0,0],[0,0],[0,0],[0,0],[-1.093,0.987],[0,0],[2.2,-1.493],[0,0],[0,0],[0,0],[0.333,-0.48],[0,0],[0,0]],"v":[[2.521,-5.529],[8.861,-5.529],[9.48,-6.99],[3.12,-6.809],[2.7,-8.01],[16.82,-9.15],[17.48,-8.01],[10.861,-7.089],[10.281,-5.529],[17.719,-5.529],[17.719,-4.29],[9.699,-4.29],[8.941,-2.93],[18.88,-2.93],[18.88,-1.649],[8.061,-1.649],[6.96,-0.27],[16.88,-0.27],[16.88,9.15],[15.499,9.15],[15.499,8.29],[6.46,8.29],[6.46,9.15],[5.079,9.15],[5.079,1.65],[1.7,4.311],[0.92,3.07],[6.32,-1.649],[1.441,-1.649],[1.441,-2.93],[7.32,-2.93],[8.199,-4.29],[2.521,-4.29]],"c":true},"ix":2},"nm":"路径 11","mn":"ADBE Vector Shape - Group","hd":false},{"ind":11,"ty":"sh","ix":12,"ks":{"a":0,"k":{"i":[[0,0],[0,0],[0,0],[0,0]],"o":[[0,0],[0,0],[0,0],[0,0]],"v":[[-13.54,7.111],[-4.501,7.111],[-4.501,5.751],[-13.54,5.751]],"c":true},"ix":2},"nm":"路径 12","mn":"ADBE Vector Shape - Group","hd":false},{"ind":12,"ty":"sh","ix":13,"ks":{"a":0,"k":{"i":[[0,0]],"o":[[0,0]],"v":[[-13.54,5.751]],"c":false},"ix":2},"nm":"路径 13","mn":"ADBE Vector Shape - Group","hd":false},{"ind":13,"ty":"sh","ix":14,"ks":{"a":0,"k":{"i":[[0,0],[0,0],[0,0],[0,0]],"o":[[0,0],[0,0],[0,0],[0,0]],"v":[[-4.501,0.911],[-13.54,0.911],[-13.54,2.251],[-4.501,2.251]],"c":true},"ix":2},"nm":"路径 14","mn":"ADBE Vector Shape - Group","hd":false},{"ind":14,"ty":"sh","ix":15,"ks":{"a":0,"k":{"i":[[0,0]],"o":[[0,0]],"v":[[-4.501,2.251]],"c":false},"ix":2},"nm":"路径 15","mn":"ADBE Vector Shape - Group","hd":false},{"ind":15,"ty":"sh","ix":16,"ks":{"a":0,"k":{"i":[[0,0],[0,0],[0,0],[0,0]],"o":[[0,0],[0,0],[0,0],[0,0]],"v":[[-13.54,4.631],[-4.501,4.631],[-4.501,3.37],[-13.54,3.37]],"c":true},"ix":2},"nm":"路径 16","mn":"ADBE Vector Shape - Group","hd":false},{"ind":16,"ty":"sh","ix":17,"ks":{"a":0,"k":{"i":[[0,0]],"o":[[0,0]],"v":[[-13.54,3.37]],"c":false},"ix":2},"nm":"路径 17","mn":"ADBE Vector Shape - Group","hd":false},{"ind":17,"ty":"sh","ix":18,"ks":{"a":0,"k":{"i":[[0,0],[0,0],[-0.333,0.786],[2.28,0],[0,0],[-3.747,0.76],[0,0],[2.56,-0.2],[0.239,-0.6],[0,0],[0,0],[0,0],[0.347,-0.587],[0,0],[0,0],[0,0],[0.334,-0.387],[0,0],[0,0],[0,0],[0,0],[0,0],[0,0],[0,0],[0,0],[1.16,-0.787],[0,0],[-1.401,1.653],[0,0],[0,0],[0,0],[-0.253,0.427],[0,0]],"o":[[0,0],[0.08,-0.187],[-1.96,0.12],[0,0],[5.667,0],[0,0],[-1.854,0.413],[-0.146,0.44],[0,0],[0,0],[0,0],[-0.16,0.32],[0,0],[0,0],[0,0],[-0.4,0.533],[0,0],[0,0],[0,0],[0,0],[0,0],[0,0],[0,0],[0,0],[-1.093,0.987],[0,0],[2.2,-1.493],[0,0],[0,0],[0,0],[0.333,-0.48],[0,0],[0,0]],"v":[[-17.48,-5.529],[-11.141,-5.529],[-10.521,-6.99],[-16.88,-6.809],[-17.301,-8.01],[-3.18,-9.15],[-2.52,-8.01],[-9.141,-7.089],[-9.719,-5.529],[-2.281,-5.529],[-2.281,-4.29],[-10.301,-4.29],[-11.061,-2.93],[-1.12,-2.93],[-1.12,-1.649],[-11.941,-1.649],[-13.04,-0.27],[-3.12,-0.27],[-3.12,9.15],[-4.501,9.15],[-4.501,8.29],[-13.54,8.29],[-13.54,9.15],[-14.921,9.15],[-14.921,1.65],[-18.301,4.311],[-19.081,3.07],[-13.68,-1.649],[-18.561,-1.649],[-18.561,-2.93],[-12.68,-2.93],[-11.801,-4.29],[-17.48,-4.29]],"c":true},"ix":2},"nm":"路径 18","mn":"ADBE Vector Shape - Group","hd":false},{"ind":18,"ty":"sh","ix":19,"ks":{"a":0,"k":{"i":[[-1.213,2.253],[0,0],[0,0],[0,0],[0,0],[0,0],[0,0],[0,0],[0,0],[0,0],[0,0],[0,0],[0,0],[0,0],[0,0],[0,0],[-0.574,1.626],[0,0],[0.746,-1.174],[0,0],[0,0],[0,0],[-3.414,-1.787],[0,0],[1.427,2.706],[0,0],[0,0],[0,0],[0,0],[0,0],[3.8,-2.066],[0,0]],"o":[[0,0],[0,0],[0,0],[0,0],[0,0],[0,0],[0,0],[0,0],[0,0],[0,0],[0,0],[0,0],[0,0],[0,0],[0,0],[0.759,-1.32],[0,0],[-0.573,1.44],[0,0],[0,0],[0,0],[1.413,2.267],[0,0],[-3.533,-2.172],[0,0],[0,0],[0,0],[0,0],[0,0],[-1.28,2.826],[0,0],[3.613,-1.786]],"v":[[-31.96,0.951],[-38.641,0.951],[-38.641,-0.43],[-30.66,-0.43],[-30.66,-5.449],[-37.861,-5.449],[-37.861,-6.829],[-30.66,-6.829],[-30.66,-9.13],[-29.18,-9.13],[-29.18,-6.829],[-21.82,-6.829],[-21.82,-5.449],[-29.18,-5.449],[-29.18,-0.43],[-27.18,-0.43],[-25.18,-4.85],[-23.781,-4.35],[-25.76,-0.43],[-21.24,-0.43],[-21.24,0.951],[-27.921,0.951],[-20.68,7.031],[-21.661,8.27],[-29.1,0.951],[-29.18,0.951],[-29.18,9.09],[-30.66,9.09],[-30.66,0.951],[-30.781,0.951],[-38.4,8.29],[-39.199,7.01]],"c":true},"ix":2},"nm":"路径 19","mn":"ADBE Vector Shape - Group","hd":false},{"ind":19,"ty":"sh","ix":20,"ks":{"a":0,"k":{"i":[[0,0],[-0.613,-1.253],[0,0],[0.72,1.053]],"o":[[0.641,1],[0,0],[-0.547,-1.213],[0,0]],"v":[[-34.861,-4.669],[-32.98,-1.29],[-34.219,-0.669],[-36.12,-4.07]],"c":true},"ix":2},"nm":"路径 20","mn":"ADBE Vector Shape - Group","hd":false},{"ty":"mm","mm":1,"nm":"合并路径 1","mn":"ADBE Vector Filter - Merge","hd":false},{"ty":"fl","c":{"a":0,"k":[0.6,0.6,0.6,1],"ix":4},"o":{"a":0,"k":100,"ix":5},"r":1,"bm":0,"nm":"填充 1","mn":"ADBE Vector Graphic - Fill","hd":false},{"ty":"tr","p":{"a":0,"k":[55.92,14.87],"ix":2},"a":{"a":0,"k":[0,0],"ix":1},"s":{"a":0,"k":[100,100],"ix":3},"r":{"a":0,"k":0,"ix":6},"o":{"a":0,"k":100,"ix":7},"sk":{"a":0,"k":0,"ix":4},"sa":{"a":0,"k":0,"ix":5},"nm":"Transform"}],"nm":"组 1","np":22,"cix":2,"bm":0,"ix":1,"mn":"ADBE Vector Group","hd":false},{"ty":"gr","it":[{"ind":0,"ty":"sh","ix":1,"ks":{"a":0,"k":{"i":[[0,0],[0,-4.962],[0,0],[3.161,-2.299],[-0.169,-0.52],[-0.835,0],[0,0],[0,4.963],[0,0],[4.963,0]],"o":[[-4.962,0],[0,0],[0,3.909],[-0.676,0.491],[0.169,0.52],[0,0],[4.963,0],[0,0],[0,-4.962],[0,0]],"v":[[-32.543,-14],[-41.543,-5],[-41.543,1.267],[-46.591,11.181],[-47.157,12.923],[-45.674,14],[38.457,14],[47.457,5],[47.457,-5],[38.457,-14]],"c":true},"ix":2},"nm":"路径 1","mn":"ADBE Vector Shape - Group","hd":false},{"ind":1,"ty":"sh","ix":2,"ks":{"a":0,"k":{"i":[[5.514,0],[0,0],[0.349,1.075],[-0.913,0.664],[0,3.589],[0,0],[-5.514,0],[0,0],[0,-5.514],[0,0]],"o":[[0,0],[-1.13,0],[-0.349,-1.073],[2.903,-2.111],[0,0],[0,-5.514],[0,0],[5.514,0],[0,0],[0,5.514]],"v":[[38.457,15],[-45.674,15],[-48.108,13.232],[-47.179,10.372],[-42.543,1.267],[-42.543,-5],[-32.543,-15],[38.457,-15],[48.457,-5],[48.457,5]],"c":true},"ix":2},"nm":"路径 2","mn":"ADBE Vector Shape - Group","hd":false},{"ty":"mm","mm":1,"nm":"合并路径 1","mn":"ADBE Vector Filter - Merge","hd":false},{"ty":"fl","c":{"a":0,"k":[0.6,0.6,0.6,1],"ix":4},"o":{"a":0,"k":100,"ix":5},"r":1,"bm":0,"nm":"填充 1","mn":"ADBE Vector Graphic - Fill","hd":false},{"ty":"tr","p":{"a":0,"k":[53.543,15],"ix":2},"a":{"a":0,"k":[0,0],"ix":1},"s":{"a":0,"k":[100,100],"ix":3},"r":{"a":0,"k":0,"ix":6},"o":{"a":0,"k":100,"ix":7},"sk":{"a":0,"k":0,"ix":4},"sa":{"a":0,"k":0,"ix":5},"nm":"Transform"}],"nm":"组 2","np":4,"cix":2,"bm":0,"ix":2,"mn":"ADBE Vector Group","hd":false},{"ty":"gr","it":[{"ind":0,"ty":"sh","ix":1,"ks":{"a":0,"k":{"i":[[0,0],[-5.247,0],[0,0],[0,-5.247],[0,0],[5.247,0],[0,0],[0,0],[-1.613,1.173],[0,3.762]],"o":[[0,-5.247],[0,0],[5.247,0],[0,0],[0,5.247],[0,0],[0,0],[-1.994,0],[3.042,-2.213],[0,0]],"v":[[-41.773,-5],[-32.273,-14.5],[38.728,-14.5],[48.228,-5],[48.228,5],[38.728,14.5],[-42.273,14.5],[-45.404,14.5],[-46.615,10.776],[-41.773,1.267]],"c":true},"ix":2},"nm":"路径 1","mn":"ADBE Vector Shape - Group","hd":false},{"ty":"fl","c":{"a":0,"k":[0.082352941176,0.082352941176,0.082352941176,1],"ix":4},"o":{"a":0,"k":100,"ix":5},"r":1,"bm":0,"nm":"填充 1","mn":"ADBE Vector Graphic - Fill","hd":false},{"ty":"tr","p":{"a":0,"k":[53.272,15],"ix":2},"a":{"a":0,"k":[0,0],"ix":1},"s":{"a":0,"k":[100,100],"ix":3},"r":{"a":0,"k":0,"ix":6},"o":{"a":0,"k":100,"ix":7},"sk":{"a":0,"k":0,"ix":4},"sa":{"a":0,"k":0,"ix":5},"nm":"Transform"}],"nm":"组 3","np":2,"cix":2,"bm":0,"ix":3,"mn":"ADBE Vector Group","hd":false}],"ip":0,"op":360,"st":0,"bm":0},{"ddd":0,"ind":2,"ty":4,"nm":"“notification_motion_cat”轮廓","sr":1,"ks":{"o":{"a":0,"k":100,"ix":11},"r":{"a":0,"k":0,"ix":10},"p":{"a":0,"k":[24.5,36,0],"ix":2,"l":2},"a":{"a":0,"k":[24,24,0],"ix":1,"l":2},"s":{"a":0,"k":[100,100,100],"ix":6,"l":2}},"ao":0,"shapes":[{"ty":"gr","it":[{"ind":0,"ty":"sh","ix":1,"ks":{"a":0,"k":{"i":[[0,0],[0,0],[0,0],[0,0]],"o":[[0,0],[0,0],[0,0],[0,0]],"v":[[11.75,-0.25],[-0.5,-0.375],[-0.5,48.5],[11.75,48.5]],"c":true},"ix":2},"nm":"路径 1","mn":"ADBE Vector Shape - Group","hd":false},{"ty":"st","c":{"a":0,"k":[0.180000005984,0.180000005984,0.180000005984,1],"ix":3},"o":{"a":0,"k":100,"ix":4},"w":{"a":0,"k":0,"ix":5},"lc":1,"lj":1,"ml":4,"bm":0,"nm":"描边 1","mn":"ADBE Vector Graphic - Stroke","hd":false},{"ty":"fl","c":{"a":0,"k":[0.082352941176,0.082352941176,0.082352941176,1],"ix":4},"o":{"a":0,"k":100,"ix":5},"r":1,"bm":0,"nm":"填充 1","mn":"ADBE Vector Graphic - Fill","hd":false},{"ty":"tr","p":{"a":0,"k":[0,0],"ix":2},"a":{"a":0,"k":[0,0],"ix":1},"s":{"a":0,"k":[100,100],"ix":3},"r":{"a":0,"k":0,"ix":6},"o":{"a":0,"k":100,"ix":7},"sk":{"a":0,"k":0,"ix":4},"sa":{"a":0,"k":0,"ix":5},"nm":"Transform"}],"nm":"形状 1","np":3,"cix":2,"bm":0,"ix":1,"mn":"ADBE Vector Group","hd":false},{"ty":"gr","it":[{"ty":"gr","it":[{"ind":0,"ty":"sh","ix":1,"ks":{"a":0,"k":{"i":[[0.201,0.446],[0.248,-0.039],[0.171,-0.145],[-0.414,-0.035],[-0.545,-0.069],[0.208,0.575]],"o":[[-0.103,-0.229],[-1.052,0.163],[-0.213,0.18],[0.378,0.031],[0.545,0.069],[-0.137,-0.379]],"v":[[1.982,-0.935],[1.394,-1.258],[-2.539,-0.518],[-2.432,0.71],[1.719,1.228],[2.638,0.611]],"c":true},"ix":2},"nm":"路径 1","mn":"ADBE Vector Shape - Group","hd":false},{"ind":1,"ty":"sh","ix":2,"ks":{"a":0,"k":{"i":[[0.056,-0.028],[0,0],[0,0],[0.092,0.024],[0.053,0.078],[0,0],[0,0],[-0.007,0.087],[-0.058,0.064],[0,0],[0,0],[-0.102,0.005],[-0.076,-0.068],[0,0],[-0.022,-0.059],[0.009,-0.063],[0.037,-0.051]],"o":[[0,0],[0,0],[-0.084,0.043],[-0.091,-0.024],[0,0],[0,0],[-0.049,-0.072],[0.006,-0.088],[0,0],[0,0],[0.07,-0.075],[0.102,-0.005],[0,0],[0.047,0.042],[0.022,0.059],[-0.009,0.062],[-0.036,0.051]],"v":[[0.334,-2.874],[0.334,-2.874],[-2.637,-1.364],[-2.909,-1.334],[-3.132,-1.492],[-3.213,-1.611],[-3.213,-1.612],[-3.278,-1.857],[-3.178,-2.091],[-1.093,-4.353],[-1.093,-4.354],[-0.826,-4.478],[-0.549,-4.379],[0.419,-3.506],[0.523,-3.352],[0.543,-3.167],[0.475,-2.995]],"c":true},"ix":2},"nm":"路径 2","mn":"ADBE Vector Shape - Group","hd":false},{"ind":2,"ty":"sh","ix":3,"ks":{"a":0,"k":{"i":[[0,0],[0,0],[0,0],[-0.251,0.229],[0,0],[0.384,0.215]],"o":[[0,0],[0,0],[0.244,0.237],[0,0],[0.327,-0.296],[0,0]],"v":[[-2.097,2.109],[-2.721,2.871],[-0.54,4.991],[0.341,5.006],[0.718,4.664],[0.601,3.625]],"c":true},"ix":2},"nm":"路径 3","mn":"ADBE Vector Shape - Group","hd":false},{"ty":"st","c":{"a":0,"k":[0.886274569642,0.596078431373,0.596078431373,1],"ix":3},"o":{"a":0,"k":100,"ix":4},"w":{"a":0,"k":0.195,"ix":5},"lc":1,"lj":1,"ml":4,"bm":0,"nm":"描边 1","mn":"ADBE Vector Graphic - Stroke","hd":false},{"ty":"fl","c":{"a":0,"k":[0.886274569642,0.596078431373,0.596078431373,1],"ix":4},"o":{"a":0,"k":100,"ix":5},"r":1,"bm":0,"nm":"填充 1","mn":"ADBE Vector Graphic - Fill","hd":false},{"ty":"tr","p":{"a":0,"k":[36.368,23.614],"ix":2},"a":{"a":0,"k":[0,0],"ix":1},"s":{"a":0,"k":[100,100],"ix":3},"r":{"a":0,"k":0,"ix":6},"o":{"a":1,"k":[{"i":{"x":[0.833],"y":[0.833]},"o":{"x":[0.167],"y":[0.167]},"t":62,"s":[100]},{"i":{"x":[0.833],"y":[0.833]},"o":{"x":[0.167],"y":[0.167]},"t":68,"s":[0]},{"i":{"x":[0.833],"y":[0.833]},"o":{"x":[0.167],"y":[0.167]},"t":76,"s":[0]},{"i":{"x":[0.833],"y":[0.833]},"o":{"x":[0.167],"y":[0.167]},"t":82,"s":[100]},{"i":{"x":[0.833],"y":[0.833]},"o":{"x":[0.167],"y":[0.167]},"t":90,"s":[0]},{"t":96,"s":[100]}],"ix":7},"sk":{"a":0,"k":0,"ix":4},"sa":{"a":0,"k":0,"ix":5},"nm":"Transform"}],"nm":"dot","np":5,"cix":2,"bm":0,"ix":1,"mn":"ADBE Vector Group","hd":false},{"ty":"gr","it":[{"ty":"gr","it":[{"ind":0,"ty":"sh","ix":1,"ks":{"a":0,"k":{"i":[[0.319,0.259],[0,0],[0.157,0.4],[-0.237,0.292],[-0.463,-0.027],[-0.313,-0.254],[0,0],[-0.101,-0.417],[0.242,-0.299],[0.402,0.056]],"o":[[0,0],[-0.32,-0.259],[-0.157,-0.4],[0.24,-0.297],[0.461,0.027],[0,0],[0.3,0.255],[0.105,0.43],[-0.239,0.295],[-0.404,-0.055]],"v":[[-0.751,0.988],[-0.751,0.988],[-1.53,-0.059],[-1.454,-1.142],[-0.327,-1.531],[0.921,-1.077],[0.948,-1.057],[1.586,0.016],[1.405,1.173],[0.395,1.501]],"c":true},"ix":2},"nm":"Path 1","mn":"ADBE Vector Shape - Group","hd":false},{"ind":1,"ty":"sh","ix":2,"ks":{"a":0,"k":{"i":[[0,0],[0,0],[0,0]],"o":[[0,0],[0,0],[0,0]],"v":[[-0.265,0.387],[-0.265,0.387],[-0.203,0.311]],"c":false},"ix":2},"nm":"Path 2","mn":"ADBE Vector Shape - Group","hd":false},{"ind":2,"ty":"sh","ix":3,"ks":{"a":0,"k":{"i":[[0,0],[0,0],[0,0]],"o":[[0,0],[0,0],[0,0]],"v":[[-0.265,0.387],[-0.265,0.387],[-0.203,0.311]],"c":false},"ix":2},"nm":"Path 3","mn":"ADBE Vector Shape - Group","hd":false},{"ind":3,"ty":"sh","ix":4,"ks":{"a":0,"k":{"i":[[0,0],[0.408,0.331]],"o":[[-0.064,0.079],[0,0]],"v":[[0.728,0.626],[-0.203,0.311]],"c":false},"ix":2},"nm":"Path 4","mn":"ADBE Vector Shape - Group","hd":false},{"ind":4,"ty":"sh","ix":5,"ks":{"a":0,"k":{"i":[[0,0],[0.028,-0.007],[0.034,-0.001],[0.092,0.025],[0.216,0.175]],"o":[[-0.026,0.033],[-0.03,0.008],[-0.07,0],[-0.186,-0.051],[0,0]],"v":[[0.803,0.686],[0.711,0.742],[0.613,0.755],[0.366,0.717],[-0.265,0.387]],"c":false},"ix":2},"nm":"Path 5","mn":"ADBE Vector Shape - Group","hd":false},{"ind":5,"ty":"sh","ix":6,"ks":{"a":0,"k":{"i":[[0,0],[0,0],[0,0]],"o":[[0.001,0],[0,0],[0,0]],"v":[[0.803,0.686],[0.804,0.686],[0.728,0.626]],"c":false},"ix":2},"nm":"Path 6","mn":"ADBE Vector Shape - Group","hd":false},{"ind":6,"ty":"sh","ix":7,"ks":{"a":0,"k":{"i":[[0,0],[0,0]],"o":[[0,0],[0,0]],"v":[[0.803,0.686],[0.728,0.626]],"c":false},"ix":2},"nm":"Path 7","mn":"ADBE Vector Shape - Group","hd":false},{"ind":7,"ty":"sh","ix":8,"ks":{"a":0,"k":{"i":[[0,0],[0,0]],"o":[[0,0],[0,0]],"v":[[0.434,-0.478],[-0.203,0.311]],"c":false},"ix":2},"nm":"Path 8","mn":"ADBE Vector Shape - Group","hd":false},{"ind":8,"ty":"sh","ix":9,"ks":{"a":0,"k":{"i":[[0,0],[0.239,0.03],[0.095,-0.012],[0.04,-0.015],[0.029,-0.036],[0,0],[0.002,-0.016],[-0.001,-0.015],[-0.01,-0.034],[-0.05,-0.092],[-0.225,-0.182]],"o":[[-0.197,-0.159],[-0.121,-0.016],[-0.047,0.005],[-0.038,0.014],[0,0],[-0.018,0.022],[-0.003,0.017],[0.002,0.03],[0.02,0.069],[0.101,0.184],[0,0]],"v":[[0.434,-0.478],[-0.282,-0.753],[-0.614,-0.758],[-0.746,-0.728],[-0.853,-0.656],[-0.854,-0.655],[-0.88,-0.592],[-0.882,-0.545],[-0.862,-0.448],[-0.755,-0.202],[-0.265,0.387]],"c":false},"ix":2},"nm":"Path 9","mn":"ADBE Vector Shape - Group","hd":false},{"ind":9,"ty":"sh","ix":10,"ks":{"a":0,"k":{"i":[[0,0],[0,0]],"o":[[0,0],[0,0]],"v":[[0.434,-0.478],[0.728,0.626]],"c":false},"ix":2},"nm":"Path 10","mn":"ADBE Vector Shape - Group","hd":false},{"ind":10,"ty":"sh","ix":11,"ks":{"a":0,"k":{"i":[[0,0],[0,0],[-0.066,-0.215],[-0.001,-0.094],[0.054,-0.066]],"o":[[0,0],[0.187,0.153],[0.034,0.108],[0.001,0.088],[0,0]],"v":[[0.434,-0.478],[0.435,-0.478],[0.816,0.128],[0.87,0.436],[0.803,0.686]],"c":false},"ix":2},"nm":"Path 11","mn":"ADBE Vector Shape - Group","hd":false},{"ty":"mm","mm":1,"nm":"Merge Paths 1","mn":"ADBE Vector Filter - Merge","hd":false},{"ty":"st","c":{"a":0,"k":[0.258999992819,0.258999992819,0.258999992819,1],"ix":3},"o":{"a":0,"k":100,"ix":4},"w":{"a":0,"k":0.195,"ix":5},"lc":1,"lj":1,"ml":4,"bm":0,"nm":"Stroke 1","mn":"ADBE Vector Graphic - Stroke","hd":false},{"ty":"fl","c":{"a":0,"k":[0.258999992819,0.258999992819,0.258999992819,1],"ix":4},"o":{"a":0,"k":100,"ix":5},"r":1,"bm":0,"nm":"Fill 1","mn":"ADBE Vector Graphic - Fill","hd":false},{"ty":"tr","p":{"a":0,"k":[14.113,39.815],"ix":2},"a":{"a":0,"k":[0,0],"ix":1},"s":{"a":0,"k":[100,100],"ix":3},"r":{"a":0,"k":0,"ix":6},"o":{"a":0,"k":100,"ix":7},"sk":{"a":0,"k":0,"ix":4},"sa":{"a":0,"k":0,"ix":5},"nm":"Transform"}],"nm":"Group 3","np":14,"cix":2,"bm":0,"ix":1,"mn":"ADBE Vector Group","hd":false},{"ty":"gr","it":[{"ind":0,"ty":"sh","ix":1,"ks":{"a":0,"k":{"i":[[-0.4,1.103],[0,0],[0,0],[0,0],[0,0],[0.902,-0.661],[1.416,-0.042],[0,0],[0,0],[-0.814,0.536]],"o":[[0,0],[0,0],[0,0],[0,0],[-0.428,1.266],[-0.924,0.678],[0,0],[0,0],[1.228,-0.014],[0.835,-0.551]],"v":[[2.059,-1.962],[2.059,-1.962],[2.06,-1.964],[2.11,-2.109],[2.847,-1.87],[0.846,1.021],[-2.667,2.107],[-2.847,2.109],[-2.847,1.338],[0.213,0.52]],"c":true},"ix":2},"nm":"Path 1","mn":"ADBE Vector Shape - Group","hd":false},{"ty":"st","c":{"a":0,"k":[0.258999992819,0.258999992819,0.258999992819,1],"ix":3},"o":{"a":0,"k":100,"ix":4},"w":{"a":0,"k":0.195,"ix":5},"lc":1,"lj":1,"ml":4,"bm":0,"nm":"Stroke 1","mn":"ADBE Vector Graphic - Stroke","hd":false},{"ty":"fl","c":{"a":0,"k":[0.258999992819,0.258999992819,0.258999992819,1],"ix":4},"o":{"a":0,"k":100,"ix":5},"r":1,"bm":0,"nm":"Fill 1","mn":"ADBE Vector Graphic - Fill","hd":false},{"ty":"tr","p":{"a":0,"k":[15.948,39.702],"ix":2},"a":{"a":0,"k":[0,0],"ix":1},"s":{"a":0,"k":[100,100],"ix":3},"r":{"a":0,"k":0,"ix":6},"o":{"a":0,"k":100,"ix":7},"sk":{"a":0,"k":0,"ix":4},"sa":{"a":0,"k":0,"ix":5},"nm":"Transform"}],"nm":"Group 4","np":3,"cix":2,"bm":0,"ix":2,"mn":"ADBE Vector Group","hd":false},{"ty":"gr","it":[{"ind":0,"ty":"sh","ix":1,"ks":{"a":0,"k":{"i":[[0,0],[0,0],[0,0],[0,0]],"o":[[0,0],[0,0],[0,0],[0,0]],"v":[[-0.387,-15.883],[0.387,-15.883],[0.387,15.883],[-0.387,15.883]],"c":true},"ix":2},"nm":"Path 1","mn":"ADBE Vector Shape - Group","hd":false},{"ty":"st","c":{"a":0,"k":[0.258999992819,0.258999992819,0.258999992819,1],"ix":3},"o":{"a":0,"k":100,"ix":4},"w":{"a":0,"k":0.195,"ix":5},"lc":1,"lj":1,"ml":4,"bm":0,"nm":"Stroke 1","mn":"ADBE Vector Graphic - Stroke","hd":false},{"ty":"fl","c":{"a":0,"k":[0.258999992819,0.258999992819,0.258999992819,1],"ix":4},"o":{"a":0,"k":100,"ix":5},"r":1,"bm":0,"nm":"Fill 1","mn":"ADBE Vector Graphic - Fill","hd":false},{"ty":"tr","p":{"a":0,"k":[12.858,26.017],"ix":2},"a":{"a":0,"k":[0,0],"ix":1},"s":{"a":0,"k":[100,100],"ix":3},"r":{"a":0,"k":0,"ix":6},"o":{"a":0,"k":100,"ix":7},"sk":{"a":0,"k":0,"ix":4},"sa":{"a":0,"k":0,"ix":5},"nm":"Transform"}],"nm":"Group 5","np":3,"cix":2,"bm":0,"ix":3,"mn":"ADBE Vector Group","hd":false},{"ty":"gr","it":[{"ind":0,"ty":"sh","ix":1,"ks":{"a":0,"k":{"i":[[-0.231,-0.26],[0.243,-0.823],[0.316,0.032],[-0.167,0.465]],"o":[[0.229,0.262],[-0.244,0.824],[-0.316,-0.031],[0.168,-0.464]],"v":[[7.613,2.083],[7.471,3.794],[6.633,5.395],[5.167,2.995]],"c":true},"ix":2},"nm":"Path 1","mn":"ADBE Vector Shape - Group","hd":false},{"ind":1,"ty":"sh","ix":2,"ks":{"a":0,"k":{"i":[[0.341,0.068],[0.591,-0.622],[-0.186,-0.257],[-0.319,0.378]],"o":[[-0.342,-0.068],[-0.591,0.622],[0.185,0.259],[0.319,-0.378]],"v":[[-5.277,-5.359],[-6.689,-4.381],[-7.656,-2.857],[-4.846,-2.786]],"c":true},"ix":2},"nm":"Path 2","mn":"ADBE Vector Shape - Group","hd":false},{"ty":"mm","mm":1,"nm":"Merge Paths 1","mn":"ADBE Vector Filter - Merge","hd":false},{"ty":"fl","c":{"a":0,"k":[0.885999971278,0.596000043084,0.596000043084,1],"ix":4},"o":{"a":0,"k":100,"ix":5},"r":1,"bm":0,"nm":"Fill 1","mn":"ADBE Vector Graphic - Fill","hd":false},{"ty":"tr","p":{"a":0,"k":[21.799,14.103],"ix":2},"a":{"a":0,"k":[0,0],"ix":1},"s":{"a":0,"k":[100,100],"ix":3},"r":{"a":0,"k":0,"ix":6},"o":{"a":0,"k":100,"ix":7},"sk":{"a":0,"k":0,"ix":4},"sa":{"a":0,"k":0,"ix":5},"nm":"Transform"}],"nm":"Group 7","np":4,"cix":2,"bm":0,"ix":4,"mn":"ADBE Vector Group","hd":false},{"ty":"gr","it":[{"ind":0,"ty":"sh","ix":1,"ks":{"a":0,"k":{"i":[[0,0],[0.481,-0.139],[0.443,0.235],[0.157,0.477],[-0.218,0.451],[0,0],[0,0],[-0.115,0.037],[-0.11,-0.051],[-0.046,-0.111],[0.04,-0.114],[0,0],[0,0],[-0.057,-0.241],[-0.206,-0.136],[-0.244,0.043],[-0.147,0.199],[0,0],[0,0],[-0.116,0.037],[-0.109,-0.051],[-0.047,-0.111],[0.041,-0.114],[0,0]],"o":[[-0.25,0.434],[-0.482,0.139],[-0.444,-0.234],[-0.156,-0.476],[0,0],[0,0],[0.061,-0.105],[0.115,-0.036],[0.11,0.051],[0.047,0.112],[0,0],[0,0],[-0.125,0.214],[0.057,0.241],[0.207,0.136],[0.244,-0.043],[0,0],[0,0],[0.061,-0.105],[0.115,-0.037],[0.11,0.051],[0.046,0.112],[0,0],[0,0]],"v":[[1.648,0.842],[0.507,1.736],[-0.936,1.587],[-1.872,0.479],[-1.775,-0.967],[-1.708,-1.096],[-1.406,-1.618],[-1.133,-1.839],[-0.783,-1.816],[-0.54,-1.564],[-0.529,-1.214],[-0.566,-1.135],[-0.868,-0.611],[-0.975,0.098],[-0.564,0.684],[0.137,0.829],[0.747,0.452],[0.809,0.357],[1.111,-0.165],[1.385,-0.385],[1.734,-0.363],[1.978,-0.111],[1.986,0.24],[1.949,0.318]],"c":true},"ix":2},"nm":"Path 1","mn":"ADBE Vector Shape - Group","hd":false},{"ty":"st","c":{"a":0,"k":[0.258999992819,0.258999992819,0.258999992819,1],"ix":3},"o":{"a":0,"k":100,"ix":4},"w":{"a":0,"k":0.5,"ix":5},"lc":1,"lj":1,"ml":4,"bm":0,"nm":"Stroke 1","mn":"ADBE Vector Graphic - Stroke","hd":false},{"ty":"fl","c":{"a":0,"k":[0.258999992819,0.258999992819,0.258999992819,1],"ix":4},"o":{"a":0,"k":100,"ix":5},"r":1,"bm":0,"nm":"Fill 1","mn":"ADBE Vector Graphic - Fill","hd":false},{"ty":"tr","p":{"a":0,"k":[15.992,27.564],"ix":2},"a":{"a":0,"k":[0,0],"ix":1},"s":{"a":0,"k":[100,100],"ix":3},"r":{"a":0,"k":0,"ix":6},"o":{"a":0,"k":100,"ix":7},"sk":{"a":0,"k":0,"ix":4},"sa":{"a":0,"k":0,"ix":5},"nm":"Transform"}],"nm":"Group 8","np":3,"cix":2,"bm":0,"ix":5,"mn":"ADBE Vector Group","hd":false},{"ty":"gr","it":[{"ind":0,"ty":"sh","ix":1,"ks":{"a":0,"k":{"i":[[0,0],[0.179,-0.129],[0.217,-0.044],[0.215,0.048],[0.177,0.132],[0.023,0.119],[-0.063,0.103],[-0.116,0.034],[-0.108,-0.053],[0,0],[-0.14,0.027],[-0.089,0.112],[0,0],[0,0],[-0.116,0.036],[-0.109,-0.051],[-0.047,-0.112],[0.041,-0.114],[0,0],[0,0]],"o":[[-0.11,0.191],[-0.179,0.129],[-0.216,0.045],[-0.216,-0.048],[-0.096,-0.073],[-0.022,-0.118],[0.063,-0.102],[0.116,-0.034],[0,0],[0.123,0.071],[0.141,-0.026],[0,0],[0,0],[0.06,-0.104],[0.115,-0.037],[0.11,0.05],[0.046,0.111],[0,0],[0,0],[0,0]],"v":[[0.999,0.338],[0.559,0.824],[-0.04,1.087],[-0.695,1.082],[-1.29,0.81],[-1.475,0.513],[-1.413,0.169],[-1.135,-0.043],[-0.786,-0.013],[-0.654,0.072],[-0.245,0.141],[0.111,-0.074],[0.16,-0.146],[0.581,-0.876],[0.855,-1.095],[1.204,-1.073],[1.447,-0.821],[1.456,-0.471],[1.419,-0.391],[0.999,0.338]],"c":true},"ix":2},"nm":"Path 1","mn":"ADBE Vector Shape - Group","hd":false},{"ty":"st","c":{"a":0,"k":[0.258999992819,0.258999992819,0.258999992819,1],"ix":3},"o":{"a":0,"k":100,"ix":4},"w":{"a":0,"k":0.5,"ix":5},"lc":1,"lj":1,"ml":4,"bm":0,"nm":"Stroke 1","mn":"ADBE Vector Graphic - Stroke","hd":false},{"ty":"fl","c":{"a":0,"k":[0.258999992819,0.258999992819,0.258999992819,1],"ix":4},"o":{"a":0,"k":100,"ix":5},"r":1,"bm":0,"nm":"Fill 1","mn":"ADBE Vector Graphic - Fill","hd":false},{"ty":"tr","p":{"a":0,"k":[13.914,26.846],"ix":2},"a":{"a":0,"k":[0,0],"ix":1},"s":{"a":0,"k":[100,100],"ix":3},"r":{"a":0,"k":0,"ix":6},"o":{"a":0,"k":100,"ix":7},"sk":{"a":0,"k":0,"ix":4},"sa":{"a":0,"k":0,"ix":5},"nm":"Transform"}],"nm":"Group 9","np":3,"cix":2,"bm":0,"ix":6,"mn":"ADBE Vector Group","hd":false},{"ty":"gr","it":[{"ind":0,"ty":"sh","ix":1,"ks":{"a":0,"k":{"i":[[-0.249,-0.145],[0,0],[-0.077,-0.143],[0.054,-0.094],[0.161,-0.005],[0.25,0.144],[0.067,0.136],[-0.058,0.099],[-0.148,0.01]],"o":[[0,0],[0.25,0.144],[0.076,0.142],[-0.055,0.094],[-0.162,0.005],[-0.249,-0.145],[-0.066,-0.133],[0.056,-0.098],[0.152,-0.009]],"v":[[0.207,-0.388],[0.207,-0.388],[0.69,0.057],[0.71,0.415],[0.389,0.578],[-0.238,0.383],[-0.7,-0.05],[-0.702,-0.401],[-0.398,-0.574]],"c":true},"ix":2},"nm":"Path 1","mn":"ADBE Vector Shape - Group","hd":false},{"ty":"st","c":{"a":0,"k":[0.258999992819,0.258999992819,0.258999992819,1],"ix":3},"o":{"a":0,"k":100,"ix":4},"w":{"a":0,"k":0.5,"ix":5},"lc":1,"lj":1,"ml":4,"bm":0,"nm":"Stroke 1","mn":"ADBE Vector Graphic - Stroke","hd":false},{"ty":"fl","c":{"a":0,"k":[0.258999992819,0.258999992819,0.258999992819,1],"ix":4},"o":{"a":0,"k":100,"ix":5},"r":1,"bm":0,"nm":"Fill 1","mn":"ADBE Vector Graphic - Fill","hd":false},{"ty":"tr","p":{"a":0,"k":[15.291,25.766],"ix":2},"a":{"a":0,"k":[0,0],"ix":1},"s":{"a":0,"k":[100,100],"ix":3},"r":{"a":0,"k":0,"ix":6},"o":{"a":0,"k":100,"ix":7},"sk":{"a":0,"k":0,"ix":4},"sa":{"a":0,"k":0,"ix":5},"nm":"Transform"}],"nm":"Group 10","np":3,"cix":2,"bm":0,"ix":7,"mn":"ADBE Vector Group","hd":false},{"ty":"gr","it":[{"ind":0,"ty":"sh","ix":1,"ks":{"a":0,"k":{"i":[[0.114,0.016],[0.099,0.059],[0.059,0.222],[-0.115,0.199],[-0.222,0.06],[-0.2,-0.114],[-0.07,-0.091],[-0.03,-0.111],[0.014,-0.114],[0.058,-0.1],[0.091,-0.07],[0.111,-0.029]],"o":[[-0.114,-0.016],[-0.199,-0.116],[-0.059,-0.223],[0.115,-0.199],[0.222,-0.061],[0.1,0.057],[0.071,0.09],[0.031,0.111],[-0.015,0.114],[-0.057,0.099],[-0.091,0.07],[-0.111,0.029]],"v":[[-0.107,0.874],[-0.428,0.762],[-0.831,0.234],[-0.743,-0.424],[-0.217,-0.829],[0.441,-0.746],[0.7,-0.522],[0.852,-0.217],[0.876,0.123],[0.766,0.447],[0.54,0.703],[0.234,0.853]],"c":true},"ix":2},"nm":"Path 1","mn":"ADBE Vector Shape - Group","hd":false},{"ty":"st","c":{"a":0,"k":[0.258999992819,0.258999992819,0.258999992819,1],"ix":3},"o":{"a":0,"k":100,"ix":4},"w":{"a":0,"k":0.5,"ix":5},"lc":1,"lj":1,"ml":4,"bm":0,"nm":"Stroke 1","mn":"ADBE Vector Graphic - Stroke","hd":false},{"ty":"fl","c":{"a":0,"k":[0.258999992819,0.258999992819,0.258999992819,1],"ix":4},"o":{"a":0,"k":100,"ix":5},"r":1,"bm":0,"nm":"Fill 1","mn":"ADBE Vector Graphic - Fill","hd":false},{"ty":"tr","p":{"a":0,"k":[21.253,29.617],"ix":2},"a":{"a":0,"k":[0,0],"ix":1},"s":{"a":0,"k":[100,100],"ix":3},"r":{"a":0,"k":0,"ix":6},"o":{"a":0,"k":100,"ix":7},"sk":{"a":0,"k":0,"ix":4},"sa":{"a":0,"k":0,"ix":5},"nm":"Transform"}],"nm":"Group 11","np":3,"cix":2,"bm":0,"ix":8,"mn":"ADBE Vector Group","hd":false},{"ty":"gr","it":[{"ind":0,"ty":"sh","ix":1,"ks":{"a":0,"k":{"i":[[-0.441,-0.259],[-0.253,-0.034],[-0.247,0.065],[-0.203,0.155],[-0.127,0.222],[-0.033,0.254],[0.067,0.247],[0.156,0.202],[0.222,0.126],[0.494,-0.134],[0.256,-0.443],[-0.131,-0.495]],"o":[[0.22,0.129],[0.253,0.035],[0.247,-0.066],[0.203,-0.156],[0.128,-0.221],[0.033,-0.253],[-0.067,-0.246],[-0.157,-0.202],[-0.445,-0.253],[-0.493,0.134],[-0.256,0.443],[0.131,0.494]],"v":[[-0.955,1.696],[-0.238,1.944],[0.52,1.898],[1.201,1.564],[1.702,0.993],[1.946,0.274],[1.894,-0.483],[1.556,-1.162],[0.982,-1.659],[-0.483,-1.845],[-1.653,-0.944],[-1.848,0.52]],"c":true},"ix":2},"nm":"Path 1","mn":"ADBE Vector Shape - Group","hd":false},{"ty":"fl","c":{"a":0,"k":[0.885999971278,0.596000043084,0.596000043084,1],"ix":4},"o":{"a":0,"k":100,"ix":5},"r":1,"bm":0,"nm":"Fill 1","mn":"ADBE Vector Graphic - Fill","hd":false},{"ty":"tr","p":{"a":0,"k":[22.243,32.979],"ix":2},"a":{"a":0,"k":[0,0],"ix":1},"s":{"a":0,"k":[100,100],"ix":3},"r":{"a":0,"k":0,"ix":6},"o":{"a":0,"k":100,"ix":7},"sk":{"a":0,"k":0,"ix":4},"sa":{"a":0,"k":0,"ix":5},"nm":"Transform"}],"nm":"Group 12","np":2,"cix":2,"bm":0,"ix":9,"mn":"ADBE Vector Group","hd":false},{"ty":"gr","it":[{"ind":0,"ty":"sh","ix":1,"ks":{"a":0,"k":{"i":[[0,0],[0.12,-0.011],[0.081,-0.089],[0,-0.121],[-0.082,-0.089],[0,0],[0,0],[-0.12,0.012],[-0.081,0.089],[0,0.12],[0.08,0.089],[0,0]],"o":[[-0.096,-0.073],[-0.121,0.011],[-0.081,0.09],[0,0.121],[0,0],[0,0],[0.096,0.072],[0.12,-0.011],[0.081,-0.089],[0,-0.12],[0,0],[0,0]],"v":[[-1.997,-0.932],[-2.334,-1.027],[-2.648,-0.872],[-2.774,-0.544],[-2.646,-0.217],[-2.582,-0.16],[0.531,2.197],[0.867,2.29],[1.179,2.135],[1.305,1.81],[1.18,1.484],[1.116,1.424]],"c":true},"ix":2},"nm":"Path 1","mn":"ADBE Vector Shape - Group","hd":false},{"ind":1,"ty":"sh","ix":2,"ks":{"a":0,"k":{"i":[[0.109,0.053],[0,0],[0,0],[0.108,-0.053],[0.043,-0.112],[-0.044,-0.113],[-0.109,-0.053],[0,0],[0,0],[-0.109,0.053],[-0.044,0.113],[0.044,0.113]],"o":[[0,0],[0,0],[-0.117,-0.033],[-0.109,0.054],[-0.044,0.113],[0.044,0.112],[0,0],[0,0],[0.116,0.034],[0.108,-0.054],[0.044,-0.113],[-0.044,-0.113]],"v":[[2.491,-1.139],[2.409,-1.171],[-1.43,-2.27],[-1.779,-2.238],[-2.015,-1.979],[-2.015,-1.628],[-1.778,-1.37],[-1.697,-1.339],[2.143,-0.24],[2.493,-0.271],[2.73,-0.529],[2.729,-0.882]],"c":true},"ix":2},"nm":"Path 2","mn":"ADBE Vector Shape - Group","hd":false},{"ty":"mm","mm":1,"nm":"Merge Paths 1","mn":"ADBE Vector Filter - Merge","hd":false},{"ty":"st","c":{"a":0,"k":[0.258999992819,0.258999992819,0.258999992819,1],"ix":3},"o":{"a":0,"k":100,"ix":4},"w":{"a":0,"k":0.5,"ix":5},"lc":1,"lj":1,"ml":4,"bm":0,"nm":"Stroke 1","mn":"ADBE Vector Graphic - Stroke","hd":false},{"ty":"fl","c":{"a":0,"k":[0.258999992819,0.258999992819,0.258999992819,1],"ix":4},"o":{"a":0,"k":100,"ix":5},"r":1,"bm":0,"nm":"Fill 1","mn":"ADBE Vector Graphic - Fill","hd":false},{"ty":"tr","p":{"a":0,"k":[28.805,34.883],"ix":2},"a":{"a":0,"k":[0,0],"ix":1},"s":{"a":0,"k":[100,100],"ix":3},"r":{"a":0,"k":0,"ix":6},"o":{"a":0,"k":100,"ix":7},"sk":{"a":0,"k":0,"ix":4},"sa":{"a":0,"k":0,"ix":5},"nm":"Transform"}],"nm":"Group 13","np":5,"cix":2,"bm":0,"ix":10,"mn":"ADBE Vector Group","hd":false},{"ty":"gr","it":[{"ind":0,"ty":"sh","ix":1,"ks":{"a":0,"k":{"i":[[0,0],[0.037,0.052],[0.053,0.034],[0.063,0.012],[0.063,-0.013],[0.052,-0.037],[0.035,-0.054],[0.011,-0.062],[-0.014,-0.062],[3.37,-4.161],[5.691,3.09],[0.121,-0.037],[0.06,-0.111],[-0.034,-0.121],[-0.109,-0.063],[-3.471,4.159],[1.362,5.168]],"o":[[-0.014,-0.062],[-0.036,-0.052],[-0.054,-0.034],[-0.062,-0.011],[-0.062,0.014],[-0.052,0.036],[-0.034,0.054],[-0.011,0.063],[1.117,5.06],[-3.202,3.56],[-0.112,-0.058],[-0.12,0.038],[-0.061,0.111],[0.034,0.122],[6.061,3.292],[3.172,-3.821],[0,0]],"v":[[8.551,-0.443],[8.184,-2.057],[8.048,-2.188],[7.87,-2.257],[7.682,-2.253],[7.508,-2.176],[7.378,-2.04],[7.309,-1.863],[7.314,-1.674],[5.225,12.434],[-8.493,11.734],[-8.857,11.702],[-9.139,11.932],[-9.18,12.296],[-8.956,12.583],[5.984,13.036],[8.258,-1.883]],"c":true},"ix":2},"nm":"Path 1","mn":"ADBE Vector Shape - Group","hd":false},{"ind":1,"ty":"sh","ix":2,"ks":{"a":0,"k":{"i":[[-0.312,-1.159],[0,0],[0,0],[-0.02,-0.079],[0,0],[-0.018,-0.057],[0,0],[0.037,0.017],[0,0],[-0.606,-0.222],[-0.397,-0.185],[-0.225,-0.13],[-0.244,-0.172],[-0.319,-0.254],[0,0],[-0.102,-0.083],[0,0],[0,0],[-0.026,0.006],[0,0],[-0.129,0.046],[0,0],[-0.151,0.059],[0,0],[0,0],[-0.438,-0.255],[1.345,-2.329],[0.124,-0.033],[0.111,0.064],[0.034,0.124],[-0.063,0.111],[0.352,0.203],[1.02,-0.394],[0,0],[0.127,-0.045],[0.296,0.171],[0,0],[0.129,0.106],[0,0],[0,0],[0.209,0.147],[0.218,0.128],[0.226,0.104],[0.426,0.157],[0,0],[0.181,0.096],[0.157,0.58],[0,0],[0,0],[0,0],[0.144,0.084],[2.279,-2.752],[0.056,-0.03],[0.064,-0.006],[0.062,0.019],[0.049,0.041],[0.03,0.057],[0.006,0.064],[-0.02,0.06],[-0.041,0.049],[0,0],[-0.819,-0.472]],"o":[[0,0],[0,0],[0.023,0.093],[0,0],[0.021,0.072],[0,0],[0.015,0.037],[0,0],[0.182,0.075],[0.509,0.194],[0.266,0.126],[0.227,0.131],[0.285,0.198],[0,0],[0.128,0.104],[0,0],[0,0],[-0.068,-0.039],[0,0],[0.133,-0.032],[0,0],[0.12,-0.043],[0,0],[0,0],[1.265,-0.479],[1.072,0.617],[-0.065,0.111],[-0.123,0.032],[-0.11,-0.064],[-0.033,-0.123],[1.075,-1.86],[-0.077,-0.045],[0,0],[-0.159,0.061],[-0.693,0.249],[0,0],[-0.136,-0.098],[0,0],[0,0],[-0.201,-0.157],[-0.207,-0.146],[-0.217,-0.123],[-0.413,-0.19],[0,0],[-0.193,-0.068],[-0.248,-0.143],[0,0],[0,0],[0,0],[-0.281,-1.126],[-0.177,-0.101],[-0.041,0.05],[-0.056,0.03],[-0.063,0.006],[-0.061,-0.019],[-0.05,-0.041],[-0.03,-0.056],[-0.006,-0.063],[0.019,-0.062],[0,0],[2.412,-2.838],[0.435,0.251]],"v":[[-3.48,-14.691],[-3.318,-14.055],[-2.924,-12.368],[-2.859,-12.113],[-2.792,-11.865],[-2.732,-11.671],[-2.704,-11.594],[-2.715,-11.551],[-2.568,-11.486],[-1.456,-11.068],[-0.128,-10.518],[0.609,-10.137],[1.316,-9.682],[2.204,-9.014],[2.449,-8.814],[3.152,-8.234],[3.411,-8.031],[3.57,-7.921],[3.527,-7.975],[3.551,-7.98],[3.943,-8.098],[4.07,-8.141],[4.473,-8.292],[5.975,-8.896],[6.447,-9.079],[8.786,-9.438],[7.467,-1.594],[7.173,-1.37],[6.807,-1.419],[6.581,-1.712],[6.628,-2.079],[8.303,-8.6],[6.525,-8.07],[4.822,-7.389],[4.398,-7.23],[3.085,-7.081],[2.941,-7.176],[2.542,-7.482],[1.837,-8.064],[1.378,-8.432],[0.762,-8.889],[0.126,-9.299],[-0.54,-9.641],[-1.799,-10.161],[-2.674,-10.486],[-3.238,-10.732],[-3.753,-11.702],[-3.9,-12.288],[-4.223,-13.68],[-4.292,-13.965],[-4.988,-15.883],[-8.995,-11.84],[-9.141,-11.719],[-9.324,-11.665],[-9.512,-11.684],[-9.678,-11.773],[-9.799,-11.921],[-9.852,-12.104],[-9.831,-12.292],[-9.74,-12.458],[-9.098,-13.227],[-4.505,-16.723]],"c":true},"ix":2},"nm":"Path 2","mn":"ADBE Vector Shape - Group","hd":false},{"ty":"mm","mm":1,"nm":"Merge Paths 1","mn":"ADBE Vector Filter - Merge","hd":false},{"ty":"st","c":{"a":0,"k":[0.258999992819,0.258999992819,0.258999992819,1],"ix":3},"o":{"a":0,"k":100,"ix":4},"w":{"a":0,"k":0.5,"ix":5},"lc":1,"lj":1,"ml":4,"bm":0,"nm":"Stroke 1","mn":"ADBE Vector Graphic - Stroke","hd":false},{"ty":"fl","c":{"a":0,"k":[0.258999992819,0.258999992819,0.258999992819,1],"ix":4},"o":{"a":0,"k":100,"ix":5},"r":1,"bm":0,"nm":"Fill 1","mn":"ADBE Vector Graphic - Fill","hd":false},{"ty":"tr","p":{"a":0,"k":[22.428,22.612],"ix":2},"a":{"a":0,"k":[0,0],"ix":1},"s":{"a":0,"k":[100,100],"ix":3},"r":{"a":0,"k":0,"ix":6},"o":{"a":0,"k":100,"ix":7},"sk":{"a":0,"k":0,"ix":4},"sa":{"a":0,"k":0,"ix":5},"nm":"Transform"}],"nm":"Group 14","np":5,"cix":2,"bm":0,"ix":11,"mn":"ADBE Vector Group","hd":false},{"ty":"gr","it":[{"ind":0,"ty":"sh","ix":1,"ks":{"a":0,"k":{"i":[[0,0],[1.689,-0.748],[0,0],[0,0]],"o":[[0,0],[-1.69,0.748],[0,0],[0,0]],"v":[[2.83,-0.763],[0.364,2.63],[-2.83,3.394],[-2.544,-3.394]],"c":true},"ix":2},"nm":"Path 1","mn":"ADBE Vector Shape - Group","hd":false},{"ty":"fl","c":{"a":0,"k":[0.898000021542,0.898000021542,0.898000021542,1],"ix":4},"o":{"a":0,"k":100,"ix":5},"r":1,"bm":0,"nm":"Fill 1","mn":"ADBE Vector Graphic - Fill","hd":false},{"ty":"tr","p":{"a":0,"k":[15.834,37.939],"ix":2},"a":{"a":0,"k":[0,0],"ix":1},"s":{"a":0,"k":[100,100],"ix":3},"r":{"a":0,"k":0,"ix":6},"o":{"a":0,"k":100,"ix":7},"sk":{"a":0,"k":0,"ix":4},"sa":{"a":0,"k":0,"ix":5},"nm":"Transform"}],"nm":"Group 15","np":2,"cix":2,"bm":0,"ix":12,"mn":"ADBE Vector Group","hd":false},{"ty":"gr","it":[{"ind":0,"ty":"sh","ix":1,"ks":{"a":0,"k":{"i":[[0,0],[0,0],[0,0],[0,0],[0,0],[-0.3,-1.282],[3.372,-5.125],[0,0],[0,0],[0,0]],"o":[[0,0],[0,0],[0,0],[0,0],[0,0],[0.35,1.497],[-6.131,9.316],[0,0],[0,0],[0,0]],"v":[[-4.802,-18.779],[-2.865,-13.543],[3.273,-9.978],[8.489,-11.494],[7.384,-4.786],[8.436,-2.72],[6.437,9.463],[-9.721,9.184],[-9.809,-13.741],[-6.051,-18.587]],"c":true},"ix":2},"nm":"Path 1","mn":"ADBE Vector Shape - Group","hd":false},{"ty":"fl","c":{"a":0,"k":[0.838999968884,0.838999968884,0.838999968884,1],"ix":4},"o":{"a":0,"k":100,"ix":5},"r":1,"bm":0,"nm":"Fill 1","mn":"ADBE Vector Graphic - Fill","hd":false},{"ty":"tr","p":{"a":0,"k":[22.726,24.669],"ix":2},"a":{"a":0,"k":[0,0],"ix":1},"s":{"a":0,"k":[100,100],"ix":3},"r":{"a":0,"k":0,"ix":6},"o":{"a":0,"k":100,"ix":7},"sk":{"a":0,"k":0,"ix":4},"sa":{"a":0,"k":0,"ix":5},"nm":"Transform"}],"nm":"Group 16","np":2,"cix":2,"bm":0,"ix":13,"mn":"ADBE Vector Group","hd":false},{"ty":"tr","p":{"a":0,"k":[25.74,23.843],"ix":2},"a":{"a":0,"k":[25.74,23.843],"ix":1},"s":{"a":0,"k":[100,100],"ix":3},"r":{"a":0,"k":0,"ix":6},"o":{"a":0,"k":100,"ix":7},"sk":{"a":0,"k":0,"ix":4},"sa":{"a":0,"k":0,"ix":5},"nm":"Transform"}],"nm":"Group 1","np":13,"cix":2,"bm":0,"ix":2,"mn":"ADBE Vector Group","hd":false},{"ty":"tr","p":{"a":1,"k":[{"i":{"x":0.833,"y":0.833},"o":{"x":0.167,"y":0.167},"t":23,"s":[-14.455,41.617],"to":[4.479,0],"ti":[-4.479,0]},{"i":{"x":0.235,"y":0.235},"o":{"x":0.167,"y":0.167},"t":50,"s":[12.42,41.617],"to":[0,0],"ti":[0,0]},{"i":{"x":0,"y":1},"o":{"x":0.333,"y":0},"t":229,"s":[12.42,41.617],"to":[-5.312,0],"ti":[5.312,0]},{"t":263,"s":[-19.455,41.617]}],"ix":2},"a":{"a":0,"k":[12.92,41.617],"ix":1},"s":{"a":0,"k":[100,100],"ix":3},"r":{"a":1,"k":[{"i":{"x":[0.833],"y":[0.833]},"o":{"x":[0.167],"y":[0.167]},"t":36,"s":[-19]},{"i":{"x":[0.833],"y":[0.833]},"o":{"x":[0.167],"y":[0.167]},"t":62,"s":[0]},{"i":{"x":[0.833],"y":[0.833]},"o":{"x":[0.167],"y":[0.167]},"t":220,"s":[0]},{"t":253,"s":[-19]}],"ix":6},"o":{"a":0,"k":100,"ix":7},"sk":{"a":0,"k":0,"ix":4},"sa":{"a":0,"k":0,"ix":5},"nm":"Transform"}],"nm":"组 1","np":2,"cix":2,"bm":0,"ix":2,"mn":"ADBE Vector Group","hd":false}],"ip":0,"op":360,"st":0,"bm":0}],"markers":[]}