{"v":"5.8.1","fr":60,"ip":0,"op":120,"w":64,"h":64,"nm":"Lottie_video_playing_light","ddd":0,"assets":[{"id":"comp_0","nm":"Icons / Live / live_icon_music playing","fr":60,"layers":[{"ddd":0,"ind":1,"ty":4,"nm":"Rectangle 3 Copy","sr":1,"ks":{"o":{"a":0,"k":100,"ix":11},"r":{"a":0,"k":0,"ix":10},"p":{"a":0,"k":[10.5,33,0],"ix":2,"l":2},"a":{"a":0,"k":[0,0,0],"ix":1,"l":2},"s":{"a":0,"k":[100,100,100],"ix":6,"l":2}},"ao":0,"shapes":[{"ty":"gr","it":[{"ty":"rc","d":2,"s":{"a":1,"k":[{"i":{"x":[0.9,0.9],"y":[1,1]},"o":{"x":[0.1,0.1],"y":[0,0]},"t":0,"s":[6,15],"e":[6,30]},{"i":{"x":[0.9,0.9],"y":[1,1]},"o":{"x":[0.1,0.1],"y":[0,0]},"t":10,"s":[6,30],"e":[6,10]},{"i":{"x":[0.9,0.9],"y":[1,1]},"o":{"x":[0.1,0.1],"y":[0,0]},"t":20,"s":[6,10],"e":[6,15]},{"i":{"x":[0.9,0.9],"y":[1,1]},"o":{"x":[0.1,0.1],"y":[0,0]},"t":30,"s":[6,15],"e":[6,30]},{"i":{"x":[0.9,0.9],"y":[1,1]},"o":{"x":[0.1,0.1],"y":[0,0]},"t":40,"s":[6,30],"e":[6,10]},{"i":{"x":[0.9,0.9],"y":[1,1]},"o":{"x":[0.1,0.1],"y":[0,0]},"t":50,"s":[6,10],"e":[6,15]},{"i":{"x":[0.9,0.9],"y":[1,1]},"o":{"x":[0.1,0.1],"y":[0,0]},"t":60,"s":[6,15],"e":[6,30]},{"i":{"x":[0.9,0.9],"y":[1,1]},"o":{"x":[0.1,0.1],"y":[0,0]},"t":70,"s":[6,30],"e":[6,10]},{"i":{"x":[0.9,0.9],"y":[1,1]},"o":{"x":[0.1,0.1],"y":[0,0]},"t":80,"s":[6,10],"e":[6,30]},{"i":{"x":[0.9,0.9],"y":[1,1]},"o":{"x":[0.1,0.1],"y":[0,0]},"t":90,"s":[6,30],"e":[6,15]},{"i":{"x":[0.9,0.9],"y":[1,1]},"o":{"x":[0.1,0.1],"y":[0,0]},"t":100,"s":[6,15],"e":[6,24]},{"i":{"x":[0.9,0.9],"y":[1,1]},"o":{"x":[0.1,0.1],"y":[0,0]},"t":110,"s":[6,24],"e":[6,15]},{"t":120}],"ix":2},"p":{"a":1,"k":[{"i":{"x":0.9,"y":1},"o":{"x":0.1,"y":0},"t":0,"s":[0,0],"e":[0,-7.5],"to":[0,-1.25],"ti":[0,-0.383]},{"i":{"x":0.9,"y":1},"o":{"x":0.1,"y":0},"t":10,"s":[0,-7.5],"e":[0,2.3],"to":[0,0.383],"ti":[0,-1.25]},{"i":{"x":0.9,"y":1},"o":{"x":0.1,"y":0},"t":20,"s":[0,2.3],"e":[0,0],"to":[0,1.25],"ti":[0,1.633]},{"i":{"x":0.9,"y":1},"o":{"x":0.1,"y":0},"t":30,"s":[0,0],"e":[0,-7.5],"to":[0,-1.633],"ti":[0,-0.383]},{"i":{"x":0.9,"y":1},"o":{"x":0.1,"y":0},"t":40,"s":[0,-7.5],"e":[0,2.3],"to":[0,0.383],"ti":[0,-1.25]},{"i":{"x":0.9,"y":1},"o":{"x":0.1,"y":0},"t":50,"s":[0,2.3],"e":[0,0],"to":[0,1.25],"ti":[0,1.633]},{"i":{"x":0.9,"y":1},"o":{"x":0.1,"y":0},"t":60,"s":[0,0],"e":[0,-7.5],"to":[0,-1.633],"ti":[0,-0.383]},{"i":{"x":0.9,"y":1},"o":{"x":0.1,"y":0},"t":70,"s":[0,-7.5],"e":[0,2.3],"to":[0,0.383],"ti":[0,0]},{"i":{"x":0.9,"y":1},"o":{"x":0.1,"y":0},"t":80,"s":[0,2.3],"e":[0,-7.5],"to":[0,0],"ti":[0,0.383]},{"i":{"x":0.9,"y":1},"o":{"x":0.1,"y":0},"t":90,"s":[0,-7.5],"e":[0,0],"to":[0,-0.383],"ti":[0,-0.5]},{"i":{"x":0.9,"y":1},"o":{"x":0.1,"y":0},"t":100,"s":[0,0],"e":[0,-4.5],"to":[0,0.5],"ti":[0,0]},{"i":{"x":0.9,"y":1},"o":{"x":0.1,"y":0},"t":110,"s":[0,-4.5],"e":[0,0],"to":[0,0],"ti":[0,-0.75]},{"t":120}],"ix":3},"r":{"a":0,"k":3,"ix":4},"nm":"Rectangle Path 1","mn":"ADBE Vector Shape - Rect","hd":false},{"ty":"fl","c":{"a":0,"k":[0.077000021935,0.769999980927,0.736269831657,1],"ix":4},"o":{"a":0,"k":100,"ix":5},"r":1,"bm":0,"nm":"Fill 1","mn":"ADBE Vector Graphic - Fill","hd":false},{"ty":"tr","p":{"a":0,"k":[0,0],"ix":2},"a":{"a":0,"k":[0,0],"ix":1},"s":{"a":0,"k":[100,100],"ix":3},"r":{"a":0,"k":0,"ix":6},"o":{"a":0,"k":100,"ix":7},"sk":{"a":0,"k":0,"ix":4},"sa":{"a":0,"k":0,"ix":5},"nm":"Transform"}],"nm":"Rectangle 3 Copy","np":2,"cix":2,"bm":0,"ix":1,"mn":"ADBE Vector Group","hd":false}],"ip":0,"op":300,"st":0,"bm":0},{"ddd":0,"ind":2,"ty":4,"nm":"Rectangle 3","sr":1,"ks":{"o":{"a":0,"k":100,"ix":11},"r":{"a":0,"k":0,"ix":10},"p":{"a":0,"k":[37.5,35.068,0],"ix":2,"l":2},"a":{"a":0,"k":[0,0,0],"ix":1,"l":2},"s":{"a":0,"k":[100,100,100],"ix":6,"l":2}},"ao":0,"shapes":[{"ty":"gr","it":[{"ty":"rc","d":1,"s":{"a":1,"k":[{"i":{"x":[0.9,0.9],"y":[1,1]},"o":{"x":[0.1,0.1],"y":[0,0]},"t":0,"s":[6,22.5],"e":[6,30]},{"i":{"x":[0.9,0.9],"y":[1,1]},"o":{"x":[0.1,0.1],"y":[0,0]},"t":10,"s":[6,30],"e":[6,15]},{"i":{"x":[0.9,0.9],"y":[1,1]},"o":{"x":[0.1,0.1],"y":[0,0]},"t":20,"s":[6,15],"e":[6,22.5]},{"i":{"x":[0.9,0.9],"y":[1,1]},"o":{"x":[0.1,0.1],"y":[0,0]},"t":30,"s":[6,22.5],"e":[6,30]},{"i":{"x":[0.9,0.9],"y":[1,1]},"o":{"x":[0.1,0.1],"y":[0,0]},"t":40,"s":[6,30],"e":[6,10]},{"i":{"x":[0.9,0.9],"y":[1,1]},"o":{"x":[0.1,0.1],"y":[0,0]},"t":50,"s":[6,10],"e":[6,22.5]},{"i":{"x":[0.9,0.9],"y":[1,1]},"o":{"x":[0.1,0.1],"y":[0,0]},"t":60,"s":[6,22.5],"e":[6,30]},{"i":{"x":[0.9,0.9],"y":[1,1]},"o":{"x":[0.1,0.1],"y":[0,0]},"t":70,"s":[6,30],"e":[6,15]},{"i":{"x":[0.9,0.9],"y":[1,1]},"o":{"x":[0.1,0.1],"y":[0,0]},"t":80,"s":[6,15],"e":[6,22.5]},{"i":{"x":[0.9,0.9],"y":[1,1]},"o":{"x":[0.1,0.1],"y":[0,0]},"t":90,"s":[6,22.5],"e":[6,30]},{"i":{"x":[0.9,0.9],"y":[1,1]},"o":{"x":[0.1,0.1],"y":[0,0]},"t":100,"s":[6,30],"e":[6,10]},{"i":{"x":[0.9,0.9],"y":[1,1]},"o":{"x":[0.1,0.1],"y":[0,0]},"t":110,"s":[6,10],"e":[6,22.5]},{"t":120}],"ix":2},"p":{"a":1,"k":[{"i":{"x":0.9,"y":1},"o":{"x":0.1,"y":0},"t":0,"s":[0,-5.5],"e":[0,-9],"to":[0,-0.583],"ti":[0,-0.583]},{"i":{"x":0.9,"y":1},"o":{"x":0.1,"y":0},"t":10,"s":[0,-9],"e":[0,-2],"to":[0,0.583],"ti":[0,-0.583]},{"i":{"x":0.9,"y":1},"o":{"x":0.1,"y":0},"t":20,"s":[0,-2],"e":[0,-5.5],"to":[0,0.583],"ti":[0,1.167]},{"i":{"x":0.9,"y":1},"o":{"x":0.1,"y":0},"t":30,"s":[0,-5.5],"e":[0,-9],"to":[0,-1.167],"ti":[0,-1.083]},{"i":{"x":0.9,"y":1},"o":{"x":0.1,"y":0},"t":40,"s":[0,-9],"e":[0,1],"to":[0,1.083],"ti":[0,-0.583]},{"i":{"x":0.9,"y":1},"o":{"x":0.1,"y":0},"t":50,"s":[0,1],"e":[0,-5.5],"to":[0,0.583],"ti":[0,1.667]},{"i":{"x":0.9,"y":1},"o":{"x":0.1,"y":0},"t":60,"s":[0,-5.5],"e":[0,-9],"to":[0,-1.667],"ti":[0,-0.583]},{"i":{"x":0.9,"y":1},"o":{"x":0.1,"y":0},"t":70,"s":[0,-9],"e":[0,-2],"to":[0,0.583],"ti":[0,-0.583]},{"i":{"x":0.9,"y":1},"o":{"x":0.1,"y":0},"t":80,"s":[0,-2],"e":[0,-5.5],"to":[0,0.583],"ti":[0,1.167]},{"i":{"x":0.9,"y":1},"o":{"x":0.1,"y":0},"t":90,"s":[0,-5.5],"e":[0,-9],"to":[0,-1.167],"ti":[0,-1.083]},{"i":{"x":0.9,"y":1},"o":{"x":0.1,"y":0},"t":100,"s":[0,-9],"e":[0,1],"to":[0,1.083],"ti":[0,-0.583]},{"i":{"x":0.9,"y":1},"o":{"x":0.1,"y":0},"t":110,"s":[0,1],"e":[0,-5.5],"to":[0,0.583],"ti":[0,1.083]},{"t":120}],"ix":3},"r":{"a":0,"k":3,"ix":4},"nm":"Rectangle Path 1","mn":"ADBE Vector Shape - Rect","hd":false},{"ty":"fl","c":{"a":0,"k":[0.077000021935,0.769999980927,0.736269831657,1],"ix":4},"o":{"a":0,"k":100,"ix":5},"r":1,"bm":0,"nm":"Fill 1","mn":"ADBE Vector Graphic - Fill","hd":false},{"ty":"tr","p":{"a":0,"k":[0.019,0.025],"ix":2},"a":{"a":0,"k":[0,0],"ix":1},"s":{"a":0,"k":[100,100],"ix":3},"r":{"a":0,"k":0,"ix":6},"o":{"a":0,"k":100,"ix":7},"sk":{"a":0,"k":0,"ix":4},"sa":{"a":0,"k":0,"ix":5},"nm":"Transform"}],"nm":"Rectangle 3","np":2,"cix":2,"bm":0,"ix":1,"mn":"ADBE Vector Group","hd":false}],"ip":0,"op":300,"st":0,"bm":0},{"ddd":0,"ind":3,"ty":4,"nm":"Rectangle 3","sr":1,"ks":{"o":{"a":0,"k":100,"ix":11},"r":{"a":0,"k":0,"ix":10},"p":{"a":0,"k":[24,25.5,0],"ix":2,"l":2},"a":{"a":0,"k":[0,0,0],"ix":1,"l":2},"s":{"a":0,"k":[100,100,100],"ix":6,"l":2}},"ao":0,"shapes":[{"ty":"gr","it":[{"ty":"rc","d":1,"s":{"a":1,"k":[{"i":{"x":[0.9,0.9],"y":[1,1]},"o":{"x":[0.1,0.1],"y":[0,0]},"t":0,"s":[6,30],"e":[6,10]},{"i":{"x":[0.9,0.9],"y":[1,1]},"o":{"x":[0.1,0.1],"y":[0,0]},"t":10,"s":[6,10],"e":[6,30]},{"i":{"x":[0.9,0.9],"y":[1,1]},"o":{"x":[0.1,0.1],"y":[0,0]},"t":20,"s":[6,30],"e":[6,30]},{"i":{"x":[0.9,0.9],"y":[1,1]},"o":{"x":[0.1,0.1],"y":[0,0]},"t":30,"s":[6,30],"e":[6,10]},{"i":{"x":[0.9,0.9],"y":[1,1]},"o":{"x":[0.1,0.1],"y":[0,0]},"t":40,"s":[6,10],"e":[6,25]},{"i":{"x":[0.9,0.9],"y":[1,1]},"o":{"x":[0.1,0.1],"y":[0,0]},"t":50,"s":[6,25],"e":[6,30]},{"i":{"x":[0.9,0.9],"y":[1,1]},"o":{"x":[0.1,0.1],"y":[0,0]},"t":60,"s":[6,30],"e":[6,10]},{"i":{"x":[0.9,0.9],"y":[1,1]},"o":{"x":[0.1,0.1],"y":[0,0]},"t":70,"s":[6,10],"e":[6,20]},{"i":{"x":[0.9,0.9],"y":[1,1]},"o":{"x":[0.1,0.1],"y":[0,0]},"t":80,"s":[6,20],"e":[6,10]},{"i":{"x":[0.9,0.9],"y":[1,1]},"o":{"x":[0.1,0.1],"y":[0,0]},"t":90,"s":[6,10],"e":[6,30]},{"i":{"x":[0.9,0.9],"y":[1,1]},"o":{"x":[0.1,0.1],"y":[0,0]},"t":100,"s":[6,30],"e":[6,20]},{"i":{"x":[0.9,0.9],"y":[1,1]},"o":{"x":[0.1,0.1],"y":[0,0]},"t":110,"s":[6,20],"e":[6,30]},{"t":120}],"ix":2},"p":{"a":1,"k":[{"i":{"x":0.9,"y":1},"o":{"x":0.1,"y":0},"t":0,"s":[0,0],"e":[0,10],"to":[0,1.667],"ti":[0,0]},{"i":{"x":0.9,"y":1},"o":{"x":0.1,"y":0},"t":10,"s":[0,10],"e":[0,0],"to":[0,0],"ti":[0,1.667]},{"i":{"x":0.9,"y":0.9},"o":{"x":0.1,"y":0.1},"t":20,"s":[0,0],"e":[0,0],"to":[0,0],"ti":[0,0]},{"i":{"x":0.9,"y":1},"o":{"x":0.1,"y":0},"t":30,"s":[0,0],"e":[0,10],"to":[0,1.667],"ti":[0,-0.5]},{"i":{"x":0.9,"y":1},"o":{"x":0.1,"y":0},"t":40,"s":[0,10],"e":[0,3],"to":[0,0.5],"ti":[0,1.667]},{"i":{"x":0.9,"y":1},"o":{"x":0.1,"y":0},"t":50,"s":[0,3],"e":[0,0],"to":[0,-1.667],"ti":[0,-1.167]},{"i":{"x":0.9,"y":1},"o":{"x":0.1,"y":0},"t":60,"s":[0,0],"e":[0,10],"to":[0,1.167],"ti":[0,-0.833]},{"i":{"x":0.9,"y":1},"o":{"x":0.1,"y":0},"t":70,"s":[0,10],"e":[0,5],"to":[0,0.833],"ti":[0,0]},{"i":{"x":0.9,"y":1},"o":{"x":0.1,"y":0},"t":80,"s":[0,5],"e":[0,10],"to":[0,0],"ti":[0,0.833]},{"i":{"x":0.9,"y":1},"o":{"x":0.1,"y":0},"t":90,"s":[0,10],"e":[0,0],"to":[0,-0.833],"ti":[0,0.833]},{"i":{"x":0.9,"y":1},"o":{"x":0.1,"y":0},"t":100,"s":[0,0],"e":[0,5],"to":[0,-0.833],"ti":[0,0]},{"i":{"x":0.9,"y":1},"o":{"x":0.1,"y":0},"t":110,"s":[0,5],"e":[0,0],"to":[0,0],"ti":[0,0.833]},{"t":120}],"ix":3},"r":{"a":0,"k":3,"ix":4},"nm":"Rectangle Path 1","mn":"ADBE Vector Shape - Rect","hd":false},{"ty":"fl","c":{"a":0,"k":[0.077000021935,0.769999980927,0.736269831657,1],"ix":4},"o":{"a":0,"k":100,"ix":5},"r":1,"bm":0,"nm":"Fill 1","mn":"ADBE Vector Graphic - Fill","hd":false},{"ty":"tr","p":{"a":0,"k":[0,0],"ix":2},"a":{"a":0,"k":[0,0],"ix":1},"s":{"a":0,"k":[100,100],"ix":3},"r":{"a":0,"k":0,"ix":6},"o":{"a":0,"k":100,"ix":7},"sk":{"a":0,"k":0,"ix":4},"sa":{"a":0,"k":0,"ix":5},"nm":"Transform"}],"nm":"Rectangle 3","np":2,"cix":2,"bm":0,"ix":1,"mn":"ADBE Vector Group","hd":false}],"ip":0,"op":300,"st":0,"bm":0},{"ddd":0,"ind":4,"ty":4,"nm":"Icons / Live / live_icon_music playing","sr":1,"ks":{"o":{"a":0,"k":100,"ix":11},"r":{"a":0,"k":0,"ix":10},"p":{"a":0,"k":[24,24,0],"ix":2,"l":2},"a":{"a":0,"k":[0,0,0],"ix":1,"l":2},"s":{"a":0,"k":[100,100,100],"ix":6,"l":2}},"ao":0,"shapes":[{"ty":"gr","it":[{"ty":"rc","d":1,"s":{"a":0,"k":[48,48],"ix":2},"p":{"a":0,"k":[0,0],"ix":3},"r":{"a":0,"k":0,"ix":4},"nm":"Rectangle Path 1","mn":"ADBE Vector Shape - Rect","hd":false},{"ty":"tr","p":{"a":0,"k":[0,0],"ix":2},"a":{"a":0,"k":[0,0],"ix":1},"s":{"a":0,"k":[100,100],"ix":3},"r":{"a":0,"k":0,"ix":6},"o":{"a":0,"k":100,"ix":7},"sk":{"a":0,"k":0,"ix":4},"sa":{"a":0,"k":0,"ix":5},"nm":"Transform"}],"nm":"Icons / Live / live_icon_music playing","np":1,"cix":2,"bm":0,"ix":1,"mn":"ADBE Vector Group","hd":false}],"ip":0,"op":300,"st":0,"bm":0}]}],"layers":[{"ddd":0,"ind":1,"ty":3,"nm":"▽ Lottie","sr":1,"ks":{"o":{"a":0,"k":100,"ix":11},"r":{"a":0,"k":0,"ix":10},"p":{"a":0,"k":[32,32,0],"ix":2,"l":2},"a":{"a":0,"k":[32,32,0],"ix":1,"l":2},"s":{"a":0,"k":[100,100,100],"ix":6,"l":2}},"ao":0,"ip":0,"op":120,"st":0,"bm":0},{"ddd":0,"ind":2,"ty":0,"nm":"Icons / Live / live_icon_music playing","parent":1,"refId":"comp_0","sr":1,"ks":{"o":{"a":0,"k":100,"ix":11},"r":{"a":0,"k":0,"ix":10},"p":{"a":0,"k":[32,32,0],"ix":2,"l":2},"a":{"a":0,"k":[24,24,0],"ix":1,"l":2},"s":{"a":0,"k":[101,101,100],"ix":6,"l":2}},"ao":0,"w":48,"h":48,"ip":0,"op":300,"st":0,"bm":0},{"ddd":0,"ind":3,"ty":4,"nm":"Oval 3","parent":1,"sr":1,"ks":{"o":{"a":0,"k":100,"ix":11},"r":{"a":0,"k":0,"ix":10},"p":{"a":0,"k":[32,32,0],"ix":2,"l":2},"a":{"a":0,"k":[0,0,0],"ix":1,"l":2},"s":{"a":0,"k":[100,100,100],"ix":6,"l":2}},"ao":0,"shapes":[{"ty":"gr","it":[{"d":1,"ty":"el","s":{"a":0,"k":[64,64],"ix":2},"p":{"a":0,"k":[0,0],"ix":3},"nm":"Ellipse Path 1","mn":"ADBE Vector Shape - Ellipse","hd":false},{"ty":"fl","c":{"a":0,"k":[0,0,0,0.300000011921],"ix":4},"o":{"a":0,"k":30,"ix":5},"r":1,"bm":0,"nm":"Fill 1","mn":"ADBE Vector Graphic - Fill","hd":false},{"ty":"tr","p":{"a":0,"k":[0,0],"ix":2},"a":{"a":0,"k":[0,0],"ix":1},"s":{"a":0,"k":[100,100],"ix":3},"r":{"a":0,"k":0,"ix":6},"o":{"a":0,"k":100,"ix":7},"sk":{"a":0,"k":0,"ix":4},"sa":{"a":0,"k":0,"ix":5},"nm":"Transform"}],"nm":"Oval 3","np":2,"cix":2,"bm":0,"ix":1,"mn":"ADBE Vector Group","hd":false}],"ip":0,"op":120,"st":0,"bm":0}],"markers":[]}