{"v":"5.7.8","fr":30,"ip":0,"op":45,"w":418,"h":250,"nm":"带手势 new","ddd":0,"assets":[],"layers":[{"ddd":0,"ind":1,"ty":4,"nm":"shape","sr":1,"ks":{"o":{"a":1,"k":[{"i":{"x":[0.697],"y":[1]},"o":{"x":[1],"y":[0]},"t":5,"s":[0]},{"i":{"x":[0.833],"y":[1]},"o":{"x":[0.167],"y":[0]},"t":8,"s":[60]},{"i":{"x":[0.833],"y":[0.833]},"o":{"x":[0.167],"y":[0.167]},"t":27,"s":[60]},{"t":30,"s":[0]}],"ix":11},"r":{"a":0,"k":0,"ix":10},"p":{"a":0,"k":[207.5,116.5,0],"ix":2,"l":2},"a":{"a":0,"k":[-41.818,31.409,0],"ix":1,"l":2},"s":{"a":0,"k":[110,110,100],"ix":6,"l":2}},"ao":0,"shapes":[{"ty":"gr","it":[{"ind":0,"ty":"sh","ix":1,"ks":{"a":1,"k":[{"i":{"x":0.445,"y":1},"o":{"x":0.187,"y":0},"t":5,"s":[{"i":[[13,0],[0,-15.125],[0,-22],[-14.5,0],[0,15.5],[0,20.5]],"o":[[-13,0],[0,27],[0,15],[14.5,0],[0,-15.5],[0,-17.625]],"v":[[-41.75,41],[-68.625,68.5],[-69.5,73],[-40.875,99.875],[-13,72.75],[-13.125,69]],"c":true}]},{"t":27,"s":[{"i":[[13,0],[0,-15.125],[0,-22],[-14.5,0],[0,15.5],[0,20.5]],"o":[[-13,0],[0,27],[0,15],[14.5,0],[0,-15.5],[0,-17.625]],"v":[[-41.625,-27.409],[-68.5,0.091],[-69.5,73],[-40.875,99.875],[-13,72.75],[-13,0.591]],"c":true}]}],"ix":2},"nm":"路径 1","mn":"ADBE Vector Shape - Group","hd":false},{"ty":"gf","o":{"a":0,"k":100,"ix":10},"r":1,"bm":0,"g":{"p":3,"k":{"a":0,"k":[0,1,1,1,0.5,1,1,1,1,1,1,1,0,1,0.5,0.5,1,0],"ix":9}},"s":{"a":0,"k":[-41.52,3.748],"ix":5},"e":{"a":0,"k":[-40.825,93.686],"ix":6},"t":1,"nm":"Gradient","mn":"ADBE Vector Graphic - G-Fill","hd":false},{"ty":"tr","p":{"a":0,"k":[0,0],"ix":2},"a":{"a":0,"k":[0,0],"ix":1},"s":{"a":0,"k":[100,100],"ix":3},"r":{"a":0,"k":0,"ix":6},"o":{"a":0,"k":100,"ix":7},"sk":{"a":0,"k":0,"ix":4},"sa":{"a":0,"k":0,"ix":5},"nm":"Transform"}],"nm":"shape","np":3,"cix":2,"bm":0,"ix":1,"mn":"ADBE Vector Group","hd":false}],"ip":0,"op":45,"st":0,"bm":0},{"ddd":0,"ind":4,"ty":4,"nm":"hand","sr":1,"ks":{"o":{"a":1,"k":[{"i":{"x":[0.833],"y":[0.833]},"o":{"x":[0.167],"y":[0.167]},"t":5,"s":[100]},{"i":{"x":[0.833],"y":[0.833]},"o":{"x":[0.167],"y":[0.167]},"t":29,"s":[100]},{"t":34,"s":[0]}],"ix":11},"r":{"a":0,"k":0,"ix":10},"p":{"a":1,"k":[{"i":{"x":0.355,"y":1},"o":{"x":0.158,"y":0},"t":5,"s":[86,125,0],"to":[-0.5,-25.083,0],"ti":[0,16.333,0]},{"t":27,"s":[86,30,0]}],"ix":2,"l":2},"a":{"a":0,"k":[209,110,0],"ix":1,"l":2},"s":{"a":0,"k":[97,97,100],"ix":6,"l":2}},"ao":0,"shapes":[{"ind":0,"ty":"sh","ix":1,"ks":{"a":0,"k":{"i":[[0,0],[0,0],[1.643,-2.985],[-4.866,-1.981],[-5.835,-1.168],[-18.172,-4.937],[0,0],[-1.768,2.123],[0,0],[0.902,1.433],[0.767,0.922],[2.197,4.535],[6.416,7.437],[2.662,1.763],[3.431,-3.43],[-1.775,-1.775],[0,0],[3.43,-3.43],[-1.774,-1.775],[0,0],[3.43,-3.43],[-1.775,-1.775],[0,0],[0.468,0.251],[2.676,2.742],[2.186,-2.505],[-8.91,-7.211]],"o":[[0,0],[-5.084,-1.258],[-0.898,1.631],[5.557,2.263],[8.906,1.782],[0,0],[2.122,1.77],[0,0],[1.084,-1.301],[-0.89,-1.415],[-4.271,-5.137],[-2.198,-4.535],[-6.415,-7.437],[-2.661,-1.762],[-1.716,1.716],[0,0],[-3.548,-3.548],[-1.716,1.716],[0,0],[-3.548,-3.548],[-1.716,1.716],[0,0],[-0.571,-0.57],[0,0],[-2.676,-2.741],[-3.211,3.678],[7.463,6.041]],"v":[[321.341,143.599],[312.715,141.465],[300.527,144.977],[303.403,152.437],[318.707,157.55],[351.017,165.412],[351.38,165.716],[358.426,165.077],[378.144,141.399],[378.476,136.821],[375.712,132.798],[369.698,122.646],[360.22,108.717],[348.265,97.747],[335.359,96.276],[335.466,102.595],[338.393,105.32],[324.116,103.665],[324.222,109.984],[327.268,112.81],[312.873,111.054],[312.979,117.373],[314.263,118.656],[312.715,117.438],[293.945,101.896],[284.93,100.997],[292.939,121.024]],"c":true},"ix":2},"nm":"Path 1","mn":"ADBE Vector Shape - Group","hd":false},{"ty":"fl","c":{"a":0,"k":[1,1,1,1],"ix":4},"o":{"a":0,"k":100,"ix":5},"r":1,"bm":0,"nm":"Fill 1","mn":"ADBE Vector Graphic - Fill","hd":false}],"ip":0,"op":45,"st":0,"bm":0},{"ddd":0,"ind":6,"ty":4,"nm":"text","sr":1,"ks":{"o":{"a":0,"k":100,"ix":11},"r":{"a":0,"k":0,"ix":10},"p":{"a":0,"k":[209,139.5,0],"ix":2,"l":2},"a":{"a":0,"k":[209,110,0],"ix":1,"l":2},"s":{"a":0,"k":[100,100,100],"ix":6,"l":2}},"ao":0,"shapes":[{"ty":"gr","it":[{"ind":0,"ty":"sh","ix":1,"ks":{"a":0,"k":{"i":[[0,0],[0,0],[0,0],[0,0]],"o":[[0,0],[0,0],[0,0],[0,0]],"v":[[45.72,-16.36],[60.88,-16.36],[60.88,-11.76],[45.72,-11.76]],"c":true},"ix":2},"nm":"Path 1","mn":"ADBE Vector Shape - Group","hd":false},{"ind":1,"ty":"sh","ix":2,"ks":{"a":0,"k":{"i":[[0,0],[0.133,-4.693],[0.24,-2.693],[0.347,-0.773],[0.747,-0.347],[1.253,-0.053],[1.387,0.187],[0,0],[-1.12,0],[-0.32,0.427],[-0.133,1.307],[-0.08,3.147],[0,2.827],[0,0],[0.373,-2.667],[0.96,-2.16],[2.027,-2.56],[0,0],[-0.613,0.88],[0,0],[0,0],[2.507,-0.507],[0.507,-0.16],[0,0],[-0.187,0.24],[-0.24,0.453],[-0.72,2.027],[-0.613,2],[0,0],[0,0],[0,0],[0,0],[0,0],[0.853,-2.267],[0.533,-1.12],[0,0],[0,0],[0.72,1.573],[0,0],[-1.787,-4.64],[-0.48,1.573],[-0.213,2.133],[-0.133,3.387],[0,0],[0,0],[0,0],[0,0],[0,0],[0.08,-2.773]],"o":[[-0.027,3.867],[-0.133,4.693],[-0.133,1.387],[-0.347,0.773],[-0.72,0.373],[-1.653,0.053],[0,0],[1.52,0.267],[0.88,0],[0.32,-0.453],[0.213,-2.053],[0.107,-3.173],[0,0],[-0.213,4.987],[-0.347,2.64],[-0.933,2.16],[0,0],[0.987,-1.147],[0,0],[0,0],[-5.173,1.173],[-0.773,0.133],[0,0],[0.507,-0.213],[0.213,-0.24],[0.427,-0.773],[0.747,-2.027],[0,0],[0,0],[0,0],[0,0],[0,0],[-0.56,1.84],[-0.827,2.267],[0,0],[0,0],[-0.773,-1.947],[0,0],[0.96,2.053],[0.853,-1.44],[0.48,-1.6],[0.24,-2.133],[0,0],[0,0],[0,0],[0,0],[0,0],[0,1.867],[0,0]],"v":[[80.08,-11.68],[79.84,1.16],[79.28,12.24],[78.56,15.48],[76.92,17.16],[73.96,17.8],[69.4,17.6],[68.44,12.76],[72.4,13.16],[74.2,12.52],[74.88,9.88],[75.32,2.08],[75.48,-6.92],[71.08,-6.92],[70.2,4.56],[68.24,11.76],[63.8,18.84],[59.64,15.92],[62.04,12.88],[59.24,14.32],[58.56,12.4],[47.04,14.92],[45.12,15.36],[43.76,10.48],[44.8,9.8],[45.48,8.76],[47.2,4.56],[49.24,-1.48],[44.08,-1.48],[44.08,-6.04],[61.96,-6.04],[61.96,-1.48],[54.28,-1.48],[52.16,4.68],[50.12,9.76],[52.56,9.24],[57,8.24],[54.76,2.96],[58.84,1.44],[62.96,11.48],[64.96,6.96],[66,1.36],[66.56,-6.92],[62.36,-6.92],[62.36,-11.68],[66.72,-11.68],[66.88,-18.64],[71.36,-18.64],[71.24,-11.68]],"c":true},"ix":2},"nm":"Path 2","mn":"ADBE Vector Shape - Group","hd":false},{"ind":2,"ty":"sh","ix":3,"ks":{"a":0,"k":{"i":[[0,0],[0,0],[0,0],[0,0]],"o":[[0,0],[0,0],[0,0],[0,0]],"v":[[19.44,9.16],[30.84,9.16],[30.84,7.2],[19.44,7.2]],"c":true},"ix":2},"nm":"Path 3","mn":"ADBE Vector Shape - Group","hd":false},{"ind":3,"ty":"sh","ix":4,"ks":{"a":0,"k":{"i":[[0,0]],"o":[[0,0]],"v":[[19.44,7.2]],"c":false},"ix":2},"nm":"Path 4","mn":"ADBE Vector Shape - Group","hd":false},{"ind":4,"ty":"sh","ix":5,"ks":{"a":0,"k":{"i":[[0,0],[-0.987,3.52],[-0.24,1.173],[0,0],[0.827,-3.093],[0.533,-2.107]],"o":[[0.4,-1.147],[0.987,-3.52],[0,0],[-0.347,1.147],[-0.8,3.093],[0,0]],"v":[[2.6,16.6],[4.68,9.6],[6.52,2.56],[11.36,3.8],[9.6,10.16],[7.6,17.96]],"c":true},"ix":2},"nm":"Path 5","mn":"ADBE Vector Shape - Group","hd":false},{"ind":5,"ty":"sh","ix":6,"ks":{"a":0,"k":{"i":[[0,0],[0,0],[0,0],[0,0]],"o":[[0,0],[0,0],[0,0],[0,0]],"v":[[19.44,4.16],[30.84,4.16],[30.84,2.4],[19.44,2.4]],"c":true},"ix":2},"nm":"Path 6","mn":"ADBE Vector Shape - Group","hd":false},{"ind":6,"ty":"sh","ix":7,"ks":{"a":0,"k":{"i":[[0,0],[0,0],[0,0],[0,0]],"o":[[0,0],[0,0],[0,0],[0,0]],"v":[[15.64,-1],[34.16,-1],[34.16,-2.84],[15.64,-2.84]],"c":true},"ix":2},"nm":"Path 7","mn":"ADBE Vector Shape - Group","hd":false},{"ind":7,"ty":"sh","ix":8,"ks":{"a":0,"k":{"i":[[0,0]],"o":[[0,0]],"v":[[15.64,-2.84]],"c":false},"ix":2},"nm":"Path 8","mn":"ADBE Vector Shape - Group","hd":false},{"ind":8,"ty":"sh","ix":9,"ks":{"a":0,"k":{"i":[[0,0],[0,0],[0,0],[0,0]],"o":[[0,0],[0,0],[0,0],[0,0]],"v":[[23.72,-8.52],[18.68,-8.52],[18.68,-6.32],[23.72,-6.32]],"c":true},"ix":2},"nm":"Path 9","mn":"ADBE Vector Shape - Group","hd":false},{"ind":9,"ty":"sh","ix":10,"ks":{"a":0,"k":{"i":[[0,0],[0,0],[0,0],[0,0],[0,0],[0,0]],"o":[[0,0],[0,0],[0,0],[0,0],[0,0],[0,0]],"v":[[30.6,-6.32],[30.6,-13.76],[18.68,-13.76],[18.68,-11.88],[27.8,-11.88],[27.8,-6.32]],"c":true},"ix":2},"nm":"Path 10","mn":"ADBE Vector Shape - Group","hd":false},{"ind":10,"ty":"sh","ix":11,"ks":{"a":0,"k":{"i":[[0,0],[0,0],[0,0],[0,0],[0.667,-0.747],[1.653,0],[0.453,0.027],[0.32,0.027],[0.213,0],[0,0],[-0.88,0],[-0.267,0.32],[0,0.773],[0,0],[0,0],[0,0],[0,0],[0,0],[0,0],[0,0],[0,0],[1.467,1.147],[0.933,0.667],[0,0],[-1.893,-1.493],[0,0],[0,0],[0,0],[0,0],[0,0]],"o":[[0,0],[0,0],[0,0],[0,1.733],[-0.667,0.773],[-0.613,0],[-0.453,-0.027],[-0.373,-0.053],[0,0],[1.12,0.187],[0.64,0],[0.267,-0.347],[0,0],[0,0],[0,0],[0,0],[0,0],[0,0],[0,0],[0,0],[-0.853,-0.773],[-1.44,-1.173],[0,0],[2.88,2.08],[0,0],[0,0],[0,0],[0,0],[0,0],[0,0]],"v":[[38.36,-6.32],[38.36,1.16],[35.08,1.16],[35.08,13.44],[34.08,17.16],[30.6,18.32],[29,18.28],[27.84,18.2],[26.96,18.12],[26.08,14.16],[29.08,14.44],[30.44,13.96],[30.84,12.28],[30.84,12.24],[19.44,12.24],[19.44,18.08],[14.84,18.08],[14.84,1.16],[11.32,1.16],[11.32,-3.44],[8.52,0.52],[5.04,-2.36],[1.48,-5.12],[4.16,-9.04],[11.32,-3.68],[11.32,-6.32],[14.12,-6.32],[14.12,-17.4],[35.16,-17.4],[35.16,-6.32]],"c":true},"ix":2},"nm":"Path 11","mn":"ADBE Vector Shape - Group","hd":false},{"ind":11,"ty":"sh","ix":12,"ks":{"a":0,"k":{"i":[[0,0],[1.893,1.333],[0,0],[0,0]],"o":[[-2.88,-2.373],[0,0],[0,0],[0,0]],"v":[[10.36,-8.8],[3.2,-14.36],[6.08,-18.08],[13.2,-12.68]],"c":true},"ix":2},"nm":"Path 12","mn":"ADBE Vector Shape - Group","hd":false},{"ind":12,"ty":"sh","ix":13,"ks":{"a":0,"k":{"i":[[0,0],[0,0],[0,0],[0,0],[0,0],[0,0],[0,0],[0,0],[0,0],[0,0],[0,0],[0,0]],"o":[[0,0],[0,0],[0,0],[0,0],[0,0],[0,0],[0,0],[0,0],[0,0],[0,0],[0,0],[0,0]],"v":[[-20.2,-2.92],[-20.2,12.12],[-3.6,12.12],[-3.6,16.92],[-39.36,16.92],[-39.36,12.12],[-25.72,12.12],[-25.72,-18.4],[-20.2,-18.4],[-20.2,-7.64],[-6,-7.64],[-6,-2.92]],"c":true},"ix":2},"nm":"Path 13","mn":"ADBE Vector Shape - Group","hd":false},{"ind":13,"ty":"sh","ix":14,"ks":{"a":0,"k":{"i":[[0,0],[0,0],[0,0],[0,0]],"o":[[0,0],[0,0],[0,0],[0,0]],"v":[[-67.12,6.08],[-60.24,6.08],[-60.24,-1.04],[-67.12,-1.04]],"c":true},"ix":2},"nm":"Path 14","mn":"ADBE Vector Shape - Group","hd":false},{"ind":14,"ty":"sh","ix":15,"ks":{"a":0,"k":{"i":[[0,0],[0,0],[0,0],[0,0]],"o":[[0,0],[0,0],[0,0],[0,0]],"v":[[-71.92,-5.72],[-55.56,-5.72],[-55.56,10.76],[-71.92,10.76]],"c":true},"ix":2},"nm":"Path 15","mn":"ADBE Vector Shape - Group","hd":false},{"ind":15,"ty":"sh","ix":16,"ks":{"a":0,"k":{"i":[[0,0],[0,0],[0.293,-0.72],[0.72,-0.293],[1.253,0],[1.467,0.133],[0,0],[-1.733,-0.053],[-0.213,0.267],[0,0.72],[0,0],[0,0],[0,0],[0,0],[0,0],[0,0],[-0.4,1.28],[0,0],[0.64,-1.333]],"o":[[0,0],[0,1.253],[-0.293,0.72],[-0.693,0.32],[-2,0],[0,0],[1.28,0.16],[0.613,0],[0.24,-0.293],[0,0],[0,0],[0,0],[0,0],[0,0],[0,0],[0.853,-1.947],[0,0],[-0.533,1.52],[0,0]],"v":[[-47.44,-14],[-47.44,13.08],[-47.88,16.04],[-49.4,17.56],[-52.32,18.04],[-57.52,17.84],[-58.44,13.04],[-53.92,13.36],[-52.68,12.96],[-52.32,11.44],[-52.32,-9.32],[-75.16,-9.32],[-75.16,18.04],[-80.08,18.04],[-80.08,-14],[-69.4,-14],[-67.52,-18.84],[-61.68,-18.28],[-63.44,-14]],"c":true},"ix":2},"nm":"Path 16","mn":"ADBE Vector Shape - Group","hd":false},{"ty":"mm","mm":1,"nm":"Merge Paths 1","mn":"ADBE Vector Filter - Merge","hd":false},{"ty":"fl","c":{"a":0,"k":[1,1,1,1],"ix":4},"o":{"a":0,"k":100,"ix":5},"r":1,"bm":0,"nm":"Fill 1","mn":"ADBE Vector Graphic - Fill","hd":false},{"ty":"tr","p":{"a":0,"k":[209.52,194.92],"ix":2},"a":{"a":0,"k":[0,0],"ix":1},"s":{"a":0,"k":[100,100],"ix":3},"r":{"a":0,"k":0,"ix":6},"o":{"a":0,"k":100,"ix":7},"sk":{"a":0,"k":0,"ix":4},"sa":{"a":0,"k":0,"ix":5},"nm":"Transform"}],"nm":"text","np":18,"cix":2,"bm":0,"ix":1,"mn":"ADBE Vector Group","hd":false}],"ip":0,"op":90,"st":0,"bm":0}],"markers":[]}