{"v":"5.1.9","fr":60,"ip":0,"op":360,"w":140,"h":60,"nm":"notification_motion_hamster","ddd":0,"assets":[],"layers":[{"ddd":0,"ind":1,"ty":4,"nm":"“notification_motion_hamster”轮廓","sr":1,"ks":{"o":{"a":0,"k":100,"ix":11},"r":{"a":0,"k":0,"ix":10},"p":{"a":0,"k":[11.75,54.75,0],"ix":2},"a":{"a":0,"k":[9.75,43.5,0],"ix":1},"s":{"a":0,"k":[100,100,100],"ix":6}},"ao":0,"shapes":[{"ty":"gr","it":[{"ind":0,"ty":"sh","ix":1,"ks":{"a":0,"k":{"i":[[0,0],[0,0],[0,0],[0,0]],"o":[[0,0],[0,0],[0,0],[0,0]],"v":[[12.188,-0.25],[-0.5,-0.375],[-0.5,48.5],[12.188,48.5]],"c":true},"ix":2},"nm":"路径 1","mn":"ADBE Vector Shape - Group","hd":false},{"ty":"st","c":{"a":0,"k":[0.180000005984,0.180000005984,0.180000005984,1],"ix":3},"o":{"a":0,"k":100,"ix":4},"w":{"a":0,"k":0,"ix":5},"lc":1,"lj":1,"ml":4,"nm":"描边 1","mn":"ADBE Vector Graphic - Stroke","hd":false},{"ty":"fl","c":{"a":0,"k":[1,1,1,1],"ix":4},"o":{"a":0,"k":100,"ix":5},"r":1,"nm":"填充 1","mn":"ADBE Vector Graphic - Fill","hd":false},{"ty":"tr","p":{"a":0,"k":[-1.25,0],"ix":2},"a":{"a":0,"k":[0,0],"ix":1},"s":{"a":0,"k":[100,100],"ix":3},"r":{"a":0,"k":0,"ix":6},"o":{"a":0,"k":100,"ix":7},"sk":{"a":0,"k":0,"ix":4},"sa":{"a":0,"k":0,"ix":5},"nm":"变换"}],"nm":"形状 1","np":3,"cix":2,"ix":1,"mn":"ADBE Vector Group","hd":false},{"ty":"gr","it":[{"ind":0,"ty":"sh","ix":1,"ks":{"a":0,"k":{"i":[[0,0],[0,0]],"o":[[0,0],[0,0]],"v":[[11.401,41.5],[11.401,12.038]],"c":false},"ix":2},"nm":"路径 1","mn":"ADBE Vector Shape - Group","hd":false},{"ty":"st","c":{"a":0,"k":[0.263428631951,0.263427644617,0.263428781547,1],"ix":3},"o":{"a":0,"k":100,"ix":4},"w":{"a":0,"k":0.762,"ix":5},"lc":2,"lj":2,"nm":"描边 1","mn":"ADBE Vector Graphic - Stroke","hd":false},{"ty":"tr","p":{"a":0,"k":[0,0],"ix":2},"a":{"a":0,"k":[0,0],"ix":1},"s":{"a":0,"k":[100,100],"ix":3},"r":{"a":0,"k":0,"ix":6},"o":{"a":1,"k":[{"i":{"x":[0.833],"y":[0.833]},"o":{"x":[0.167],"y":[0.167]},"n":["0p833_0p833_0p167_0p167"],"t":39,"s":[0],"e":[100]},{"i":{"x":[0.833],"y":[0.833]},"o":{"x":[0.167],"y":[0.167]},"n":["0p833_0p833_0p167_0p167"],"t":77,"s":[100],"e":[100]},{"i":{"x":[0.833],"y":[0.833]},"o":{"x":[0.167],"y":[0.167]},"n":["0p833_0p833_0p167_0p167"],"t":223,"s":[100],"e":[0]},{"t":238}],"ix":7},"sk":{"a":0,"k":0,"ix":4},"sa":{"a":0,"k":0,"ix":5},"nm":"变换"}],"nm":"line","np":2,"cix":2,"ix":2,"mn":"ADBE Vector Group","hd":false},{"ty":"gr","it":[{"ty":"gr","it":[{"ind":0,"ty":"sh","ix":1,"ks":{"a":0,"k":{"i":[[0,0],[-1.484,-0.026],[0.103,-0.474],[0.747,-0.234]],"o":[[0,0],[1.463,0.122],[-0.332,1.517],[0,0]],"v":[[-2.598,-1.094],[1.134,-2.263],[2.477,-0.678],[-0.757,2.289]],"c":false},"ix":2},"nm":"路径 1","mn":"ADBE Vector Shape - Group","hd":false},{"ty":"st","c":{"a":0,"k":[0.263428631951,0.263427644617,0.263428781547,1],"ix":3},"o":{"a":0,"k":100,"ix":4},"w":{"a":0,"k":1.5,"ix":5},"lc":2,"lj":2,"nm":"描边 1","mn":"ADBE Vector Graphic - Stroke","hd":false},{"ty":"tr","p":{"a":0,"k":[22.375,34.437],"ix":2},"a":{"a":0,"k":[0,0],"ix":1},"s":{"a":0,"k":[100,100],"ix":3},"r":{"a":0,"k":0,"ix":6},"o":{"a":0,"k":100,"ix":7},"sk":{"a":0,"k":0,"ix":4},"sa":{"a":0,"k":0,"ix":5},"nm":"变换"}],"nm":"组 2","np":2,"cix":2,"ix":1,"mn":"ADBE Vector Group","hd":false},{"ty":"gr","it":[{"ind":0,"ty":"sh","ix":1,"ks":{"a":0,"k":{"i":[[-0.105,-0.023],[-0.023,0.105],[0.104,0.023],[0.023,-0.105]],"o":[[0.104,0.023],[0.023,-0.105],[-0.105,-0.023],[-0.023,0.104]],"v":[[-0.042,0.19],[0.189,0.042],[0.042,-0.19],[-0.189,-0.041]],"c":true},"ix":2},"nm":"路径 1","mn":"ADBE Vector Shape - Group","hd":false},{"ty":"fl","c":{"a":0,"k":[1,0.999998922909,1,1],"ix":4},"o":{"a":0,"k":100,"ix":5},"r":1,"nm":"填充 1","mn":"ADBE Vector Graphic - Fill","hd":false},{"ty":"tr","p":{"a":0,"k":[18.161,17.595],"ix":2},"a":{"a":0,"k":[0,0],"ix":1},"s":{"a":0,"k":[100,100],"ix":3},"r":{"a":0,"k":0,"ix":6},"o":{"a":0,"k":100,"ix":7},"sk":{"a":0,"k":0,"ix":4},"sa":{"a":0,"k":0,"ix":5},"nm":"变换"}],"nm":"组 3","np":2,"cix":2,"ix":2,"mn":"ADBE Vector Group","hd":false},{"ty":"gr","it":[{"ind":0,"ty":"sh","ix":1,"ks":{"a":0,"k":{"i":[[-0.104,-0.023],[-0.023,0.105],[0.105,0.023],[0.023,-0.105]],"o":[[0.104,0.023],[0.023,-0.105],[-0.104,-0.023],[-0.023,0.104]],"v":[[-0.042,0.19],[0.189,0.042],[0.042,-0.19],[-0.189,-0.041]],"c":true},"ix":2},"nm":"路径 1","mn":"ADBE Vector Shape - Group","hd":false},{"ty":"fl","c":{"a":0,"k":[1,0.999998922909,1,1],"ix":4},"o":{"a":0,"k":100,"ix":5},"r":1,"nm":"填充 1","mn":"ADBE Vector Graphic - Fill","hd":false},{"ty":"tr","p":{"a":0,"k":[26.154,22.821],"ix":2},"a":{"a":0,"k":[0,0],"ix":1},"s":{"a":0,"k":[100,100],"ix":3},"r":{"a":0,"k":0,"ix":6},"o":{"a":0,"k":100,"ix":7},"sk":{"a":0,"k":0,"ix":4},"sa":{"a":0,"k":0,"ix":5},"nm":"变换"}],"nm":"组 4","np":2,"cix":2,"ix":3,"mn":"ADBE Vector Group","hd":false},{"ty":"gr","it":[{"ind":0,"ty":"sh","ix":1,"ks":{"a":0,"k":{"i":[[0.198,-0.454],[0.453,0.199],[-0.199,0.453],[-0.548,-0.219]],"o":[[-0.198,0.453],[-0.453,-0.199],[0.198,-0.453],[0.359,0.178]],"v":[[0.917,0.508],[-0.155,0.869],[-0.916,-0.192],[0.618,-0.849]],"c":true},"ix":2},"nm":"路径 1","mn":"ADBE Vector Shape - Group","hd":false},{"ty":"fl","c":{"a":0,"k":[0.263428631951,0.263427644617,0.263428781547,1],"ix":4},"o":{"a":0,"k":100,"ix":5},"r":1,"nm":"填充 1","mn":"ADBE Vector Graphic - Fill","hd":false},{"ty":"tr","p":{"a":0,"k":[25.944,23.163],"ix":2},"a":{"a":0,"k":[0,0],"ix":1},"s":{"a":0,"k":[100,100],"ix":3},"r":{"a":0,"k":0,"ix":6},"o":{"a":0,"k":100,"ix":7},"sk":{"a":0,"k":0,"ix":4},"sa":{"a":0,"k":0,"ix":5},"nm":"变换"}],"nm":"组 5","np":2,"cix":2,"ix":4,"mn":"ADBE Vector Group","hd":false},{"ty":"gr","it":[{"ind":0,"ty":"sh","ix":1,"ks":{"a":0,"k":{"i":[[0.104,-0.474],[0.569,0.124],[-0.103,0.473],[-0.474,-0.104]],"o":[[-0.104,0.474],[-0.569,-0.125],[0.105,-0.474],[0.473,0.104]],"v":[[0.958,0.339],[-0.156,0.891],[-0.959,0.02],[0.239,-0.911]],"c":true},"ix":2},"nm":"路径 1","mn":"ADBE Vector Shape - Group","hd":false},{"ty":"fl","c":{"a":0,"k":[0.263428631951,0.263427644617,0.263428781547,1],"ix":4},"o":{"a":0,"k":100,"ix":5},"r":1,"nm":"填充 1","mn":"ADBE Vector Graphic - Fill","hd":false},{"ty":"tr","p":{"a":0,"k":[18.215,18.073],"ix":2},"a":{"a":0,"k":[0,0],"ix":1},"s":{"a":0,"k":[100,100],"ix":3},"r":{"a":0,"k":0,"ix":6},"o":{"a":0,"k":100,"ix":7},"sk":{"a":0,"k":0,"ix":4},"sa":{"a":0,"k":0,"ix":5},"nm":"变换"}],"nm":"组 6","np":2,"cix":2,"ix":5,"mn":"ADBE Vector Group","hd":false},{"ty":"gr","it":[{"ind":0,"ty":"sh","ix":1,"ks":{"a":0,"k":{"i":[[-0.055,0.092],[0.092,0.056],[0.055,-0.093],[-0.092,-0.055]],"o":[[0.055,-0.092],[-0.092,-0.054],[-0.056,0.092],[0.093,0.055]],"v":[[0.167,0.1],[0.1,-0.167],[-0.166,-0.1],[-0.1,0.167]],"c":true},"ix":2},"nm":"路径 1","mn":"ADBE Vector Shape - Group","hd":false},{"ty":"st","c":{"a":0,"k":[0.263428631951,0.263427644617,0.263428781547,1],"ix":3},"o":{"a":0,"k":100,"ix":4},"w":{"a":0,"k":0.127,"ix":5},"lc":1,"lj":1,"ml":10,"nm":"描边 1","mn":"ADBE Vector Graphic - Stroke","hd":false},{"ty":"fl","c":{"a":0,"k":[0.263428631951,0.263427644617,0.263428781547,1],"ix":4},"o":{"a":0,"k":100,"ix":5},"r":1,"nm":"填充 1","mn":"ADBE Vector Graphic - Fill","hd":false},{"ty":"tr","p":{"a":0,"k":[22.035,21.22],"ix":2},"a":{"a":0,"k":[0,0],"ix":1},"s":{"a":0,"k":[100,100],"ix":3},"r":{"a":0,"k":0,"ix":6},"o":{"a":0,"k":100,"ix":7},"sk":{"a":0,"k":0,"ix":4},"sa":{"a":0,"k":0,"ix":5},"nm":"变换"}],"nm":"组 7","np":3,"cix":2,"ix":6,"mn":"ADBE Vector Group","hd":false},{"ty":"gr","it":[{"ind":0,"ty":"sh","ix":1,"ks":{"a":0,"k":{"i":[[0,0],[1.441,0.88]],"o":[[0,0],[0,0]],"v":[[1.412,1.041],[-1.412,-1.041]],"c":false},"ix":2},"nm":"路径 1","mn":"ADBE Vector Shape - Group","hd":false},{"ty":"st","c":{"a":0,"k":[0.263428631951,0.263427644617,0.263428781547,1],"ix":3},"o":{"a":0,"k":100,"ix":4},"w":{"a":0,"k":1,"ix":5},"lc":2,"lj":2,"nm":"描边 1","mn":"ADBE Vector Graphic - Stroke","hd":false},{"ty":"tr","p":{"a":0,"k":[27.536,26.794],"ix":2},"a":{"a":0,"k":[0,0],"ix":1},"s":{"a":0,"k":[100,100],"ix":3},"r":{"a":0,"k":0,"ix":6},"o":{"a":0,"k":100,"ix":7},"sk":{"a":0,"k":0,"ix":4},"sa":{"a":0,"k":0,"ix":5},"nm":"变换"}],"nm":"组 8","np":2,"cix":2,"ix":7,"mn":"ADBE Vector Group","hd":false},{"ty":"gr","it":[{"ind":0,"ty":"sh","ix":1,"ks":{"a":0,"k":{"i":[[0,0],[1.442,0.881]],"o":[[0,0],[0,0]],"v":[[1.413,1.041],[-1.413,-1.041]],"c":false},"ix":2},"nm":"路径 1","mn":"ADBE Vector Shape - Group","hd":false},{"ty":"st","c":{"a":0,"k":[0.263428631951,0.263427644617,0.263428781547,1],"ix":3},"o":{"a":0,"k":100,"ix":4},"w":{"a":0,"k":1,"ix":5},"lc":2,"lj":2,"nm":"描边 1","mn":"ADBE Vector Graphic - Stroke","hd":false},{"ty":"tr","p":{"a":0,"k":[26.727,28.367],"ix":2},"a":{"a":0,"k":[0,0],"ix":1},"s":{"a":0,"k":[100,100],"ix":3},"r":{"a":0,"k":0,"ix":6},"o":{"a":0,"k":100,"ix":7},"sk":{"a":0,"k":0,"ix":4},"sa":{"a":0,"k":0,"ix":5},"nm":"变换"}],"nm":"组 9","np":2,"cix":2,"ix":8,"mn":"ADBE Vector Group","hd":false},{"ty":"gr","it":[{"ind":0,"ty":"sh","ix":1,"ks":{"a":0,"k":{"i":[[0,0],[-0.656,-0.243]],"o":[[0.43,0.193],[0,0]],"v":[[-0.86,-0.387],[0.86,0.387]],"c":false},"ix":2},"nm":"路径 1","mn":"ADBE Vector Shape - Group","hd":false},{"ty":"st","c":{"a":0,"k":[0.263428631951,0.263427644617,0.263428781547,1],"ix":3},"o":{"a":0,"k":100,"ix":4},"w":{"a":0,"k":1,"ix":5},"lc":2,"lj":2,"nm":"描边 1","mn":"ADBE Vector Graphic - Stroke","hd":false},{"ty":"tr","p":{"a":0,"k":[13.749,18.045],"ix":2},"a":{"a":0,"k":[0,0],"ix":1},"s":{"a":0,"k":[100,100],"ix":3},"r":{"a":0,"k":0,"ix":6},"o":{"a":0,"k":100,"ix":7},"sk":{"a":0,"k":0,"ix":4},"sa":{"a":0,"k":0,"ix":5},"nm":"变换"}],"nm":"组 10","np":2,"cix":2,"ix":9,"mn":"ADBE Vector Group","hd":false},{"ty":"gr","it":[{"ind":0,"ty":"sh","ix":1,"ks":{"a":0,"k":{"i":[[0,0],[-0.851,-0.286]],"o":[[0.561,0.222],[0,0]],"v":[[-1.122,-0.445],[1.122,0.445]],"c":false},"ix":2},"nm":"路径 1","mn":"ADBE Vector Shape - Group","hd":false},{"ty":"st","c":{"a":0,"k":[0.263428631951,0.263427644617,0.263428781547,1],"ix":3},"o":{"a":0,"k":100,"ix":4},"w":{"a":0,"k":1,"ix":5},"lc":2,"lj":2,"nm":"描边 1","mn":"ADBE Vector Graphic - Stroke","hd":false},{"ty":"tr","p":{"a":0,"k":[13.296,19.813],"ix":2},"a":{"a":0,"k":[0,0],"ix":1},"s":{"a":0,"k":[100,100],"ix":3},"r":{"a":0,"k":0,"ix":6},"o":{"a":0,"k":100,"ix":7},"sk":{"a":0,"k":0,"ix":4},"sa":{"a":0,"k":0,"ix":5},"nm":"变换"}],"nm":"组 11","np":2,"cix":2,"ix":10,"mn":"ADBE Vector Group","hd":false},{"ty":"gr","it":[{"ind":0,"ty":"sh","ix":1,"ks":{"a":0,"k":{"i":[[0,0],[2.552,-1.832],[0,0]],"o":[[0,0],[-2.553,1.831],[0,0]],"v":[[4.649,-3.25],[1.711,1.419],[-4.649,2.592]],"c":false},"ix":2},"nm":"路径 1","mn":"ADBE Vector Shape - Group","hd":false},{"ty":"st","c":{"a":0,"k":[0.263428631951,0.263427644617,0.263428781547,1],"ix":3},"o":{"a":0,"k":100,"ix":4},"w":{"a":0,"k":1.5,"ix":5},"lc":2,"lj":2,"nm":"描边 1","mn":"ADBE Vector Graphic - Stroke","hd":false},{"ty":"tr","p":{"a":0,"k":[19.636,38.871],"ix":2},"a":{"a":0,"k":[0,0],"ix":1},"s":{"a":0,"k":[100,100],"ix":3},"r":{"a":0,"k":0,"ix":6},"o":{"a":0,"k":100,"ix":7},"sk":{"a":0,"k":0,"ix":4},"sa":{"a":0,"k":0,"ix":5},"nm":"变换"}],"nm":"组 12","np":2,"cix":2,"ix":11,"mn":"ADBE Vector Group","hd":false},{"ty":"gr","it":[{"ind":0,"ty":"sh","ix":1,"ks":{"a":0,"k":{"i":[[0,0],[6.273,1.46]],"o":[[-0.128,1.7],[0,0]],"v":[[4.54,-3.257],[-4.54,1.797]],"c":true},"ix":2},"nm":"路径 1","mn":"ADBE Vector Shape - Group","hd":false},{"ty":"fl","c":{"a":0,"k":[0.991293993183,0.873605945064,0.729157092525,1],"ix":4},"o":{"a":0,"k":100,"ix":5},"r":1,"nm":"填充 1","mn":"ADBE Vector Graphic - Fill","hd":false},{"ty":"tr","p":{"a":0,"k":[19.581,39.303],"ix":2},"a":{"a":0,"k":[0,0],"ix":1},"s":{"a":0,"k":[100,100],"ix":3},"r":{"a":0,"k":0,"ix":6},"o":{"a":0,"k":100,"ix":7},"sk":{"a":0,"k":0,"ix":4},"sa":{"a":0,"k":0,"ix":5},"nm":"变换"}],"nm":"组 13","np":2,"cix":2,"ix":12,"mn":"ADBE Vector Group","hd":false},{"ty":"gr","it":[{"ind":0,"ty":"sh","ix":1,"ks":{"a":0,"k":{"i":[[0,0],[-1.52,-0.106]],"o":[[0,0],[0,0]],"v":[[-1.553,0.469],[1.553,-0.363]],"c":false},"ix":2},"nm":"路径 1","mn":"ADBE Vector Shape - Group","hd":false},{"ty":"st","c":{"a":0,"k":[0.263428631951,0.263427644617,0.263428781547,1],"ix":3},"o":{"a":0,"k":100,"ix":4},"w":{"a":0,"k":1,"ix":5},"lc":2,"lj":2,"nm":"描边 1","mn":"ADBE Vector Graphic - Stroke","hd":false},{"ty":"tr","p":{"a":0,"k":[31.539,20.114],"ix":2},"a":{"a":0,"k":[0,0],"ix":1},"s":{"a":0,"k":[100,100],"ix":3},"r":{"a":0,"k":0,"ix":6},"o":{"a":0,"k":100,"ix":7},"sk":{"a":0,"k":0,"ix":4},"sa":{"a":0,"k":0,"ix":5},"nm":"变换"}],"nm":"组 14","np":2,"cix":2,"ix":13,"mn":"ADBE Vector Group","hd":false},{"ty":"gr","it":[{"ind":0,"ty":"sh","ix":1,"ks":{"a":0,"k":{"i":[[0,0],[0.122,-1.463],[0,0]],"o":[[0,0],[-0.704,0.045],[0,0]],"v":[[-0.404,-1.408],[0.445,1.138],[-0.567,1.408]],"c":false},"ix":2},"nm":"路径 1","mn":"ADBE Vector Shape - Group","hd":false},{"ty":"st","c":{"a":0,"k":[0.263428631951,0.263427644617,0.263428781547,1],"ix":3},"o":{"a":0,"k":100,"ix":4},"w":{"a":0,"k":1,"ix":5},"lc":2,"lj":2,"nm":"描边 1","mn":"ADBE Vector Graphic - Stroke","hd":false},{"ty":"tr","p":{"a":0,"k":[18.473,12.356],"ix":2},"a":{"a":0,"k":[0,0],"ix":1},"s":{"a":0,"k":[100,100],"ix":3},"r":{"a":0,"k":0,"ix":6},"o":{"a":0,"k":100,"ix":7},"sk":{"a":0,"k":0,"ix":4},"sa":{"a":0,"k":0,"ix":5},"nm":"变换"}],"nm":"组 15","np":2,"cix":2,"ix":14,"mn":"ADBE Vector Group","hd":false},{"ty":"gr","it":[{"ind":0,"ty":"sh","ix":1,"ks":{"a":0,"k":{"i":[[-1.211,-0.365],[-0.083,0.378],[1.463,0.122],[0.421,-0.106]],"o":[[0.272,-0.338],[0.103,-0.474],[-0.4,0.011],[-0.134,1.063]],"v":[[0.59,1.367],[1.24,0.218],[-0.102,-1.367],[-1.228,-1.217]],"c":true},"ix":2},"nm":"路径 1","mn":"ADBE Vector Shape - Group","hd":false},{"ty":"fl","c":{"a":0,"k":[0.991293993183,0.873605945064,0.729157092525,1],"ix":4},"o":{"a":0,"k":100,"ix":5},"r":1,"nm":"填充 1","mn":"ADBE Vector Graphic - Fill","hd":false},{"ty":"tr","p":{"a":0,"k":[23.36,33.784],"ix":2},"a":{"a":0,"k":[0,0],"ix":1},"s":{"a":0,"k":[100,100],"ix":3},"r":{"a":0,"k":0,"ix":6},"o":{"a":0,"k":100,"ix":7},"sk":{"a":0,"k":0,"ix":4},"sa":{"a":0,"k":0,"ix":5},"nm":"变换"}],"nm":"组 16","np":2,"cix":2,"ix":15,"mn":"ADBE Vector Group","hd":false},{"ty":"gr","it":[{"ind":0,"ty":"sh","ix":1,"ks":{"a":0,"k":{"i":[[0,0],[0,0]],"o":[[-3.037,1.311],[0,0]],"v":[[1.518,0.212],[-1.09,-1.523]],"c":false},"ix":2},"nm":"路径 1","mn":"ADBE Vector Shape - Group","hd":false},{"ty":"st","c":{"a":0,"k":[0.263428631951,0.263427644617,0.263428781547,1],"ix":3},"o":{"a":0,"k":100,"ix":4},"w":{"a":0,"k":1,"ix":5},"lc":2,"lj":2,"nm":"描边 1","mn":"ADBE Vector Graphic - Stroke","hd":false},{"ty":"tr","p":{"a":0,"k":[20.438,23.617],"ix":2},"a":{"a":0,"k":[0,0],"ix":1},"s":{"a":0,"k":[100,100],"ix":3},"r":{"a":0,"k":0,"ix":6},"o":{"a":0,"k":100,"ix":7},"sk":{"a":0,"k":0,"ix":4},"sa":{"a":0,"k":0,"ix":5},"nm":"变换"}],"nm":"组 17","np":2,"cix":2,"ix":16,"mn":"ADBE Vector Group","hd":false},{"ty":"gr","it":[{"ind":0,"ty":"sh","ix":1,"ks":{"a":0,"k":{"i":[[0,0],[-1.537,-0.007],[-3.201,0.067]],"o":[[0,0],[2.69,0.26],[0,0]],"v":[[-2.934,-1.939],[-0.939,-0.514],[2.934,1.872]],"c":false},"ix":2},"nm":"路径 1","mn":"ADBE Vector Shape - Group","hd":false},{"ty":"st","c":{"a":0,"k":[0.263428631951,0.263427644617,0.263428781547,1],"ix":3},"o":{"a":0,"k":100,"ix":4},"w":{"a":0,"k":1,"ix":5},"lc":2,"lj":2,"nm":"描边 1","mn":"ADBE Vector Graphic - Stroke","hd":false},{"ty":"tr","p":{"a":0,"k":[21.138,22.482],"ix":2},"a":{"a":0,"k":[0,0],"ix":1},"s":{"a":0,"k":[100,100],"ix":3},"r":{"a":0,"k":0,"ix":6},"o":{"a":0,"k":100,"ix":7},"sk":{"a":0,"k":0,"ix":4},"sa":{"a":0,"k":0,"ix":5},"nm":"变换"}],"nm":"组 18","np":2,"cix":2,"ix":17,"mn":"ADBE Vector Group","hd":false},{"ty":"gr","it":[{"ind":0,"ty":"sh","ix":1,"ks":{"a":0,"k":{"i":[[0,0],[-0.882,-2.776],[3.169,0.495]],"o":[[-0.21,0.054],[0.808,2.66],[0,0]],"v":[[-3.839,-2.139],[3.241,-2.219],[-1.905,4.5]],"c":false},"ix":2},"nm":"路径 1","mn":"ADBE Vector Shape - Group","hd":false},{"ty":"st","c":{"a":0,"k":[0.263428631951,0.263427644617,0.263428781547,1],"ix":3},"o":{"a":0,"k":100,"ix":4},"w":{"a":0,"k":1.5,"ix":5},"lc":2,"lj":2,"nm":"描边 1","mn":"ADBE Vector Graphic - Stroke","hd":false},{"ty":"tr","p":{"a":0,"k":[32.167,19.518],"ix":2},"a":{"a":0,"k":[0,0],"ix":1},"s":{"a":0,"k":[100,100],"ix":3},"r":{"a":0,"k":0,"ix":6},"o":{"a":0,"k":100,"ix":7},"sk":{"a":0,"k":0,"ix":4},"sa":{"a":0,"k":0,"ix":5},"nm":"变换"}],"nm":"组 19","np":2,"cix":2,"ix":18,"mn":"ADBE Vector Group","hd":false},{"ty":"gr","it":[{"ind":0,"ty":"sh","ix":1,"ks":{"a":0,"k":{"i":[[0,0],[-1.658,0.31],[-0.119,-0.82]],"o":[[-0.761,-3.297],[2.693,-0.503],[0,0]],"v":[[-2.777,3.424],[0.171,-2.948],[3.538,3.451]],"c":false},"ix":2},"nm":"路径 1","mn":"ADBE Vector Shape - Group","hd":false},{"ty":"st","c":{"a":0,"k":[0.263428631951,0.263427644617,0.263428781547,1],"ix":3},"o":{"a":0,"k":100,"ix":4},"w":{"a":0,"k":1.5,"ix":5},"lc":2,"lj":2,"nm":"描边 1","mn":"ADBE Vector Graphic - Stroke","hd":false},{"ty":"tr","p":{"a":0,"k":[18.308,10.018],"ix":2},"a":{"a":0,"k":[0,0],"ix":1},"s":{"a":0,"k":[100,100],"ix":3},"r":{"a":0,"k":0,"ix":6},"o":{"a":0,"k":100,"ix":7},"sk":{"a":0,"k":0,"ix":4},"sa":{"a":0,"k":0,"ix":5},"nm":"变换"}],"nm":"组 20","np":2,"cix":2,"ix":19,"mn":"ADBE Vector Group","hd":false},{"ty":"gr","it":[{"ind":0,"ty":"sh","ix":1,"ks":{"a":0,"k":{"i":[[0,0],[1.492,0.32]],"o":[[-0.84,-1.074],[0,0]],"v":[[1.654,0.927],[-1.654,-0.927]],"c":false},"ix":2},"nm":"路径 1","mn":"ADBE Vector Shape - Group","hd":false},{"ty":"st","c":{"a":0,"k":[0.263428631951,0.263427644617,0.263428781547,1],"ix":3},"o":{"a":0,"k":100,"ix":4},"w":{"a":0,"k":1.5,"ix":5},"lc":2,"lj":2,"nm":"描边 1","mn":"ADBE Vector Graphic - Stroke","hd":false},{"ty":"tr","p":{"a":0,"k":[14.013,16.138],"ix":2},"a":{"a":0,"k":[0,0],"ix":1},"s":{"a":0,"k":[100,100],"ix":3},"r":{"a":0,"k":0,"ix":6},"o":{"a":0,"k":100,"ix":7},"sk":{"a":0,"k":0,"ix":4},"sa":{"a":0,"k":0,"ix":5},"nm":"变换"}],"nm":"组 21","np":2,"cix":2,"ix":20,"mn":"ADBE Vector Group","hd":false},{"ty":"gr","it":[{"ind":0,"ty":"sh","ix":1,"ks":{"a":0,"k":{"i":[[0,0],[-1.398,2.301],[2.011,1.249],[1.498,0.418]],"o":[[3.241,0.62],[1.473,-2.645],[0,0],[0,0]],"v":[[-4.174,4.645],[2.701,2.284],[1.04,-4.644],[-0.661,-5.265]],"c":false},"ix":2},"nm":"路径 1","mn":"ADBE Vector Shape - Group","hd":false},{"ty":"st","c":{"a":0,"k":[0.263428631951,0.263427644617,0.263428781547,1],"ix":3},"o":{"a":0,"k":100,"ix":4},"w":{"a":0,"k":1.5,"ix":5},"lc":2,"lj":2,"nm":"描边 1","mn":"ADBE Vector Graphic - Stroke","hd":false},{"ty":"tr","p":{"a":0,"k":[28.748,29.923],"ix":2},"a":{"a":0,"k":[0,0],"ix":1},"s":{"a":0,"k":[100,100],"ix":3},"r":{"a":0,"k":0,"ix":6},"o":{"a":0,"k":100,"ix":7},"sk":{"a":0,"k":0,"ix":4},"sa":{"a":0,"k":0,"ix":5},"nm":"变换"}],"nm":"组 22","np":2,"cix":2,"ix":21,"mn":"ADBE Vector Group","hd":false},{"ty":"gr","it":[{"ind":0,"ty":"sh","ix":1,"ks":{"a":0,"k":{"i":[[0,0],[0.023,0.8]],"o":[[0.303,-0.927],[0,0]],"v":[[-0.245,1.29],[0.221,-1.29]],"c":false},"ix":2},"nm":"路径 1","mn":"ADBE Vector Shape - Group","hd":false},{"ty":"st","c":{"a":0,"k":[0.263428631951,0.263427644617,0.263428781547,1],"ix":3},"o":{"a":0,"k":100,"ix":4},"w":{"a":0,"k":1.5,"ix":5},"lc":2,"lj":2,"nm":"描边 1","mn":"ADBE Vector Graphic - Stroke","hd":false},{"ty":"tr","p":{"a":0,"k":[30.026,24.014],"ix":2},"a":{"a":0,"k":[0,0],"ix":1},"s":{"a":0,"k":[100,100],"ix":3},"r":{"a":0,"k":0,"ix":6},"o":{"a":0,"k":100,"ix":7},"sk":{"a":0,"k":0,"ix":4},"sa":{"a":0,"k":0,"ix":5},"nm":"变换"}],"nm":"组 23","np":2,"cix":2,"ix":22,"mn":"ADBE Vector Group","hd":false},{"ty":"gr","it":[{"ind":0,"ty":"sh","ix":1,"ks":{"a":0,"k":{"i":[[0.081,-0.371],[2.785,-0.868],[0,0],[1.022,5.429]],"o":[[-0.081,0.371],[-1.333,1.261],[0,0],[-0.059,-0.169]],"v":[[1.671,-2.806],[-1.958,1.916],[-2.126,3.122],[2.27,-2.908]],"c":true},"ix":2},"nm":"路径 1","mn":"ADBE Vector Shape - Group","hd":false},{"ty":"fl","c":{"a":0,"k":[0.991293993183,0.873605945064,0.729157092525,1],"ix":4},"o":{"a":0,"k":100,"ix":5},"r":1,"nm":"填充 1","mn":"ADBE Vector Graphic - Fill","hd":false},{"ty":"tr","p":{"a":0,"k":[21.848,38.377],"ix":2},"a":{"a":0,"k":[0,0],"ix":1},"s":{"a":0,"k":[100,100],"ix":3},"r":{"a":0,"k":0,"ix":6},"o":{"a":0,"k":100,"ix":7},"sk":{"a":0,"k":0,"ix":4},"sa":{"a":0,"k":0,"ix":5},"nm":"变换"}],"nm":"组 24","np":2,"cix":2,"ix":23,"mn":"ADBE Vector Group","hd":false},{"ty":"gr","it":[{"ind":0,"ty":"sh","ix":1,"ks":{"a":0,"k":{"i":[[0,0],[2.203,1.277],[1.442,0.217]],"o":[[-0.742,-2.05],[-1.508,-0.827],[0,0]],"v":[[4.535,3.327],[-0.131,-1.667],[-4.535,-3.327]],"c":false},"ix":2},"nm":"路径 1","mn":"ADBE Vector Shape - Group","hd":false},{"ty":"st","c":{"a":0,"k":[0.263428631951,0.263427644617,0.263428781547,1],"ix":3},"o":{"a":0,"k":100,"ix":4},"w":{"a":0,"k":1.5,"ix":5},"lc":2,"lj":2,"nm":"描边 1","mn":"ADBE Vector Graphic - Stroke","hd":false},{"ty":"tr","p":{"a":0,"k":[25.431,17.051],"ix":2},"a":{"a":0,"k":[0,0],"ix":1},"s":{"a":0,"k":[100,100],"ix":3},"r":{"a":0,"k":0,"ix":6},"o":{"a":0,"k":100,"ix":7},"sk":{"a":0,"k":0,"ix":4},"sa":{"a":0,"k":0,"ix":5},"nm":"变换"}],"nm":"组 25","np":2,"cix":2,"ix":24,"mn":"ADBE Vector Group","hd":false},{"ty":"gr","it":[{"ind":0,"ty":"sh","ix":1,"ks":{"a":0,"k":{"i":[[0,0],[0.734,-0.633]],"o":[[-0.672,0.35],[0,0]],"v":[[0.98,-0.495],[-0.98,0.495]],"c":false},"ix":2},"nm":"路径 1","mn":"ADBE Vector Shape - Group","hd":false},{"ty":"st","c":{"a":0,"k":[0.263428631951,0.263427644617,0.263428781547,1],"ix":3},"o":{"a":0,"k":100,"ix":4},"w":{"a":0,"k":1.5,"ix":5},"lc":2,"lj":2,"nm":"描边 1","mn":"ADBE Vector Graphic - Stroke","hd":false},{"ty":"tr","p":{"a":0,"k":[15.582,14.528],"ix":2},"a":{"a":0,"k":[0,0],"ix":1},"s":{"a":0,"k":[100,100],"ix":3},"r":{"a":0,"k":0,"ix":6},"o":{"a":0,"k":100,"ix":7},"sk":{"a":0,"k":0,"ix":4},"sa":{"a":0,"k":0,"ix":5},"nm":"变换"}],"nm":"组 26","np":2,"cix":2,"ix":25,"mn":"ADBE Vector Group","hd":false},{"ty":"gr","it":[{"ind":0,"ty":"sh","ix":1,"ks":{"a":0,"k":{"i":[[0,0],[0.734,-0.633]],"o":[[-0.672,0.35],[0,0]],"v":[[0.98,-0.495],[-0.98,0.495]],"c":true},"ix":2},"nm":"路径 1","mn":"ADBE Vector Shape - Group","hd":false},{"ty":"fl","c":{"a":0,"k":[1,0.999998922909,1,1],"ix":4},"o":{"a":0,"k":100,"ix":5},"r":1,"nm":"填充 1","mn":"ADBE Vector Graphic - Fill","hd":false},{"ty":"tr","p":{"a":0,"k":[15.582,14.528],"ix":2},"a":{"a":0,"k":[0,0],"ix":1},"s":{"a":0,"k":[100,100],"ix":3},"r":{"a":0,"k":0,"ix":6},"o":{"a":0,"k":100,"ix":7},"sk":{"a":0,"k":0,"ix":4},"sa":{"a":0,"k":0,"ix":5},"nm":"变换"}],"nm":"组 27","np":2,"cix":2,"ix":26,"mn":"ADBE Vector Group","hd":false},{"ty":"gr","it":[{"ind":0,"ty":"sh","ix":1,"ks":{"a":0,"k":{"i":[[1.943,-0.343],[0,0],[-0.911,-0.858],[0,0]],"o":[[0,0],[0,0],[1.025,0.335],[0,0]],"v":[[-0.906,-0.822],[-1.079,-0.529],[-0.389,0.829],[1.299,0.65]],"c":true},"ix":2},"nm":"路径 1","mn":"ADBE Vector Shape - Group","hd":false},{"ty":"fl","c":{"a":0,"k":[1,0.684785491345,0.67638723336,1],"ix":4},"o":{"a":0,"k":100,"ix":5},"r":1,"nm":"填充 1","mn":"ADBE Vector Graphic - Fill","hd":false},{"ty":"tr","p":{"a":0,"k":[20.744,22.93],"ix":2},"a":{"a":0,"k":[0,0],"ix":1},"s":{"a":0,"k":[100,100],"ix":3},"r":{"a":0,"k":0,"ix":6},"o":{"a":0,"k":100,"ix":7},"sk":{"a":0,"k":0,"ix":4},"sa":{"a":0,"k":0,"ix":5},"nm":"变换"}],"nm":"组 28","np":2,"cix":2,"ix":27,"mn":"ADBE Vector Group","hd":false},{"ty":"gr","it":[{"ind":0,"ty":"sh","ix":1,"ks":{"a":0,"k":{"i":[[-3.348,3.041],[0,0],[0.882,2.775],[0.325,-0.127],[1.055,0.628],[1.442,0.217],[0,0],[2.671,-0.408],[0.483,-0.391],[0,0],[0,0],[-5.954,0.881],[-0.237,-1.64]],"o":[[0,0],[3.17,0.496],[-0.808,-2.66],[-0.729,-0.755],[-1.434,-0.711],[0,0],[-0.119,-0.821],[-0.516,0.086],[0,0],[0,0],[-0.815,1.907],[1.62,-0.142],[0.216,1.736]],"v":[[4.777,7.669],[5.298,6.193],[10.445,-0.525],[2.964,-0.376],[0.242,-2.462],[-4.089,-4.007],[-3.615,-3.902],[-6.98,-10.301],[-8.536,-9.549],[-8.632,-9.57],[-10.292,-1.988],[-5.372,2.764],[-1.63,5.173]],"c":true},"ix":2},"nm":"路径 1","mn":"ADBE Vector Shape - Group","hd":false},{"ty":"fl","c":{"a":0,"k":[0.991293993183,0.873605945064,0.729157092525,1],"ix":4},"o":{"a":0,"k":100,"ix":5},"r":1,"nm":"填充 1","mn":"ADBE Vector Graphic - Fill","hd":false},{"ty":"tr","p":{"a":0,"k":[24.984,17.731],"ix":2},"a":{"a":0,"k":[0,0],"ix":1},"s":{"a":0,"k":[100,100],"ix":3},"r":{"a":0,"k":0,"ix":6},"o":{"a":0,"k":100,"ix":7},"sk":{"a":0,"k":0,"ix":4},"sa":{"a":0,"k":0,"ix":5},"nm":"变换"}],"nm":"组 29","np":2,"cix":2,"ix":28,"mn":"ADBE Vector Group","hd":false},{"ty":"gr","it":[{"ind":0,"ty":"sh","ix":1,"ks":{"a":0,"k":{"i":[[-0.021,0.095],[0.245,1.147],[0,0],[0.882,2.776],[0.326,-0.128],[1.054,0.628],[1.442,0.217],[0,0],[2.672,-0.408],[0.577,-0.37],[0,0],[0,0],[0,0],[0,0],[-1.055,-0.628],[-3.99,2.802],[0,0],[-1.758,3.489]],"o":[[0.104,-0.474],[0,0],[3.169,0.495],[-0.809,-2.659],[-0.728,-0.756],[-1.413,-0.806],[0,0],[-0.118,-0.821],[-0.515,0.086],[0,0],[0,0],[0,0],[0,0],[2.633,0.675],[0,0],[2.939,-2.534],[0,0],[2.415,-5.132]],"v":[[7.141,-0.736],[7.473,-2.253],[7.546,-2.137],[12.693,-8.857],[5.21,-8.708],[2.49,-10.794],[-1.82,-12.432],[-1.346,-12.328],[-4.712,-18.727],[-6.361,-17.995],[-6.456,-18.016],[-8.803,-7.307],[-13.555,14.398],[-13.576,14.493],[-7.697,16.673],[-0.174,16.333],[2.174,9.697],[8.449,6.9]],"c":true},"ix":2},"nm":"路径 1","mn":"ADBE Vector Shape - Group","hd":false},{"ty":"fl","c":{"a":0,"k":[1,0.999998922909,1,1],"ix":4},"o":{"a":0,"k":100,"ix":5},"r":1,"nm":"填充 1","mn":"ADBE Vector Graphic - Fill","hd":false},{"ty":"tr","p":{"a":0,"k":[22.62,26.136],"ix":2},"a":{"a":0,"k":[0,0],"ix":1},"s":{"a":0,"k":[100,100],"ix":3},"r":{"a":0,"k":0,"ix":6},"o":{"a":0,"k":100,"ix":7},"sk":{"a":0,"k":0,"ix":4},"sa":{"a":0,"k":0,"ix":5},"nm":"变换"}],"nm":"组 30","np":2,"cix":2,"ix":29,"mn":"ADBE Vector Group","hd":false},{"ty":"tr","p":{"a":1,"k":[{"i":{"x":0.833,"y":0.833},"o":{"x":0.167,"y":0.167},"n":"0p833_0p833_0p167_0p167","t":23,"s":[-25.728,43.57],"e":[12,43.57],"to":[6.28791952133179,0.00000153268184],"ti":[-6.28791952133179,-0.00000153268184]},{"i":{"x":0.235,"y":0.235},"o":{"x":0.167,"y":0.167},"n":"0p235_0p235_0p167_0p167","t":54,"s":[12,43.57],"e":[12,43.57],"to":[0,0],"ti":[0,0]},{"i":{"x":0,"y":1},"o":{"x":0.333,"y":0},"n":"0_1_0p333_0","t":231,"s":[12,43.57],"e":[-19.455,43.57],"to":[-5.24253225326538,0],"ti":[5.24253225326538,0]},{"t":265}],"ix":2},"a":{"a":0,"k":[11.357,41.599],"ix":1},"s":{"a":0,"k":[100,100],"ix":3},"r":{"a":1,"k":[{"i":{"x":[0.833],"y":[0.833]},"o":{"x":[0.167],"y":[0.167]},"n":["0p833_0p833_0p167_0p167"],"t":36,"s":[-19],"e":[0]},{"i":{"x":[0.833],"y":[0.833]},"o":{"x":[0.167],"y":[0.167]},"n":["0p833_0p833_0p167_0p167"],"t":62,"s":[0],"e":[0]},{"i":{"x":[0.833],"y":[0.833]},"o":{"x":[0.167],"y":[0.167]},"n":["0p833_0p833_0p167_0p167"],"t":222,"s":[0],"e":[-19]},{"t":255}],"ix":6},"o":{"a":0,"k":100,"ix":7},"sk":{"a":0,"k":0,"ix":4},"sa":{"a":0,"k":0,"ix":5},"nm":"变换"}],"nm":"🐹","np":29,"cix":2,"ix":3,"mn":"ADBE Vector Group","hd":false},{"ty":"gr","it":[{"ty":"gr","it":[{"ind":0,"ty":"sh","ix":1,"ks":{"a":0,"k":{"i":[[0,0],[0,0]],"o":[[0,0],[0,0]],"v":[[-1.55,-0.25],[1.55,0.25]],"c":false},"ix":2},"nm":"路径 1","mn":"ADBE Vector Shape - Group","hd":false},{"ty":"st","c":{"a":0,"k":[1,0.684785491345,0.67638723336,1],"ix":3},"o":{"a":0,"k":100,"ix":4},"w":{"a":0,"k":1.5,"ix":5},"lc":2,"lj":2,"nm":"描边 1","mn":"ADBE Vector Graphic - Stroke","hd":false},{"ty":"tr","p":{"a":0,"k":[38.95,24.85],"ix":2},"a":{"a":0,"k":[0,0],"ix":1},"s":{"a":0,"k":[100,100],"ix":3},"r":{"a":0,"k":0,"ix":6},"o":{"a":0,"k":100,"ix":7},"sk":{"a":0,"k":0,"ix":4},"sa":{"a":0,"k":0,"ix":5},"nm":"变换"}],"nm":"组 32","np":2,"cix":2,"ix":1,"mn":"ADBE Vector Group","hd":false},{"ty":"gr","it":[{"ind":0,"ty":"sh","ix":1,"ks":{"a":0,"k":{"i":[[0,0],[0,0]],"o":[[0,0],[0,0]],"v":[[-1.55,0.25],[1.55,-0.25]],"c":false},"ix":2},"nm":"路径 1","mn":"ADBE Vector Shape - Group","hd":false},{"ty":"st","c":{"a":0,"k":[1,0.684785491345,0.67638723336,1],"ix":3},"o":{"a":0,"k":100,"ix":4},"w":{"a":0,"k":1.5,"ix":5},"lc":2,"lj":2,"nm":"描边 1","mn":"ADBE Vector Graphic - Stroke","hd":false},{"ty":"tr","p":{"a":0,"k":[38.95,20.65],"ix":2},"a":{"a":0,"k":[0,0],"ix":1},"s":{"a":0,"k":[100,100],"ix":3},"r":{"a":0,"k":0,"ix":6},"o":{"a":0,"k":100,"ix":7},"sk":{"a":0,"k":0,"ix":4},"sa":{"a":0,"k":0,"ix":5},"nm":"变换"}],"nm":"组 33","np":2,"cix":2,"ix":2,"mn":"ADBE Vector Group","hd":false},{"ty":"gr","it":[{"ind":0,"ty":"sh","ix":1,"ks":{"a":0,"k":{"i":[[0.8,0.1],[0.8,0.1],[0.1,-0.8],[0.1,-0.8],[-0.8,-0.1],[-0.8,-0.1],[-0.1,0.8],[-0.1,0.8]],"o":[[0.1,-0.7],[-0.8,-0.1],[-0.7,-0.1],[-0.1,0.8],[-0.1,0.7],[0.7,0.1],[0.7,0.1],[0.1,-0.8]],"v":[[1.5,-1.2],[0.3,-2.7],[-1.2,-1.5],[-2.7,-0.3],[-1.5,1.2],[-0.3,2.7],[1.2,1.5],[2.7,0.3]],"c":true},"ix":2},"nm":"路径 1","mn":"ADBE Vector Shape - Group","hd":false},{"ty":"fl","c":{"a":0,"k":[1,0.684785491345,0.67638723336,1],"ix":4},"o":{"a":0,"k":100,"ix":5},"r":1,"nm":"填充 1","mn":"ADBE Vector Graphic - Fill","hd":false},{"ty":"tr","p":{"a":0,"k":[36.5,30.9],"ix":2},"a":{"a":0,"k":[0,0],"ix":1},"s":{"a":0,"k":[100,100],"ix":3},"r":{"a":0,"k":0,"ix":6},"o":{"a":0,"k":100,"ix":7},"sk":{"a":0,"k":0,"ix":4},"sa":{"a":0,"k":0,"ix":5},"nm":"变换"}],"nm":"组 36","np":2,"cix":2,"ix":3,"mn":"ADBE Vector Group","hd":false},{"ty":"gr","it":[{"ind":0,"ty":"sh","ix":1,"ks":{"a":0,"k":{"i":[[0.6,0.1],[0.5,0.1],[0.1,-0.5],[0.1,-0.5],[-0.5,-0.1],[-0.5,-0.1],[-0.1,0.5],[-0.1,0.5]],"o":[[0.1,-0.5],[-0.5,-0.1],[-0.5,-0.1],[-0.101,0.5],[-0.1,0.5],[0.5,0.1],[0.5,0.1],[0.099,-0.5]],"v":[[1.101,-0.8],[0.301,-1.9],[-0.799,-1.1],[-1.899,-0.3],[-1.099,0.8],[-0.299,1.9],[0.801,1.1],[1.901,0.3]],"c":true},"ix":2},"nm":"路径 1","mn":"ADBE Vector Shape - Group","hd":false},{"ty":"fl","c":{"a":0,"k":[1,0.684785491345,0.67638723336,1],"ix":4},"o":{"a":0,"k":100,"ix":5},"r":1,"nm":"填充 1","mn":"ADBE Vector Graphic - Fill","hd":false},{"ty":"tr","p":{"a":0,"k":[36.107,12.343],"ix":2},"a":{"a":0,"k":[0,0],"ix":1},"s":{"a":0,"k":[100,100],"ix":3},"r":{"a":0,"k":0,"ix":6},"o":{"a":0,"k":100,"ix":7},"sk":{"a":0,"k":0,"ix":4},"sa":{"a":0,"k":0,"ix":5},"nm":"变换"}],"nm":"组 37","np":2,"cix":2,"ix":4,"mn":"ADBE Vector Group","hd":false},{"ty":"tr","p":{"a":0,"k":[40.019,20.77],"ix":2},"a":{"a":0,"k":[37.144,22.02],"ix":1},"s":{"a":0,"k":[100,100],"ix":3},"r":{"a":0,"k":0,"ix":6},"o":{"a":1,"k":[{"i":{"x":[0.833],"y":[0.833]},"o":{"x":[0.167],"y":[0.167]},"n":["0p833_0p833_0p167_0p167"],"t":64,"s":[0],"e":[0]},{"i":{"x":[0.833],"y":[0.833]},"o":{"x":[0.167],"y":[0.167]},"n":["0p833_0p833_0p167_0p167"],"t":72,"s":[0],"e":[100]},{"i":{"x":[0.833],"y":[0.833]},"o":{"x":[0.167],"y":[0.167]},"n":["0p833_0p833_0p167_0p167"],"t":78,"s":[100],"e":[0]},{"i":{"x":[0.833],"y":[0.833]},"o":{"x":[0.167],"y":[0.167]},"n":["0p833_0p833_0p167_0p167"],"t":86,"s":[0],"e":[100]},{"i":{"x":[0.833],"y":[0.833]},"o":{"x":[0.167],"y":[0.167]},"n":["0p833_0p833_0p167_0p167"],"t":92,"s":[100],"e":[100]},{"i":{"x":[0.833],"y":[0.833]},"o":{"x":[0.167],"y":[0.167]},"n":["0p833_0p833_0p167_0p167"],"t":210,"s":[100],"e":[0]},{"t":231}],"ix":7},"sk":{"a":0,"k":0,"ix":4},"sa":{"a":0,"k":0,"ix":5},"nm":"变换"}],"nm":"element","np":4,"cix":2,"ix":4,"mn":"ADBE Vector Group","hd":false},{"ty":"gr","it":[{"ty":"gr","it":[{"ind":0,"ty":"sh","ix":1,"ks":{"a":0,"k":{"i":[[-0.399,0.5],[1.901,-0.4],[-0.401,0]],"o":[[0.4,-0.4],[-1.8,0.4],[0.399,0]],"v":[[2.2,0.35],[0.4,-0.45],[-2.199,0.65]],"c":true},"ix":2},"nm":"路径 1","mn":"ADBE Vector Shape - Group","hd":false},{"ty":"st","c":{"a":0,"k":[0.263428631951,0.263427644617,0.263428781547,1],"ix":3},"o":{"a":0,"k":100,"ix":4},"w":{"a":0,"k":0.508,"ix":5},"lc":2,"lj":2,"nm":"描边 1","mn":"ADBE Vector Graphic - Stroke","hd":false},{"ty":"fl","c":{"a":0,"k":[1,0.999998922909,1,1],"ix":4},"o":{"a":0,"k":100,"ix":5},"r":1,"nm":"填充 1","mn":"ADBE Vector Graphic - Fill","hd":false},{"ty":"tr","p":{"a":0,"k":[28.497,39.931],"ix":2},"a":{"a":0,"k":[0,0],"ix":1},"s":{"a":0,"k":[100,100],"ix":3},"r":{"a":0,"k":0,"ix":6},"o":{"a":0,"k":100,"ix":7},"sk":{"a":0,"k":0,"ix":4},"sa":{"a":0,"k":0,"ix":5},"nm":"变换"}],"nm":"组 34","np":3,"cix":2,"ix":1,"mn":"ADBE Vector Group","hd":false},{"ty":"gr","it":[{"ty":"gr","it":[{"ind":0,"ty":"sh","ix":1,"ks":{"a":0,"k":{"i":[[0,0],[-3.1,0.5],[0,0]],"o":[[0,0.2],[-2.1,3.101],[0,0]],"v":[[-2.6,1.7],[2.6,-2.301],[-2.1,2.301]],"c":false},"ix":2},"nm":"路径 1","mn":"ADBE Vector Shape - Group","hd":false},{"ty":"st","c":{"a":0,"k":[0.263428631951,0.263427644617,0.263428781547,1],"ix":3},"o":{"a":0,"k":100,"ix":4},"w":{"a":0,"k":0.6,"ix":5},"lc":1,"lj":2,"nm":"描边 1","mn":"ADBE Vector Graphic - Stroke","hd":false},{"ty":"tr","p":{"a":0,"k":[38.1,40.1],"ix":2},"a":{"a":0,"k":[0,0],"ix":1},"s":{"a":0,"k":[100,100],"ix":3},"r":{"a":0,"k":0,"ix":6},"o":{"a":0,"k":100,"ix":7},"sk":{"a":0,"k":0,"ix":4},"sa":{"a":0,"k":0,"ix":5},"nm":"变换"}],"nm":"组 31","np":2,"cix":2,"ix":1,"mn":"ADBE Vector Group","hd":false},{"ty":"gr","it":[{"ind":0,"ty":"sh","ix":1,"ks":{"a":0,"k":{"i":[[1.801,2.9],[1.5,-3.7]],"o":[[-1.699,-2.7],[-1.199,2.8]],"v":[[-2.65,1.65],[2.85,-0.85]],"c":true},"ix":2},"nm":"路径 1","mn":"ADBE Vector Shape - Group","hd":false},{"ty":"st","c":{"a":0,"k":[0.263428631951,0.263427644617,0.263428781547,1],"ix":3},"o":{"a":0,"k":100,"ix":4},"w":{"a":0,"k":0.6,"ix":5},"lc":2,"lj":2,"nm":"描边 1","mn":"ADBE Vector Graphic - Stroke","hd":false},{"ty":"fl","c":{"a":0,"k":[1,0.999998922909,1,1],"ix":4},"o":{"a":0,"k":100,"ix":5},"r":1,"nm":"填充 1","mn":"ADBE Vector Graphic - Fill","hd":false},{"ty":"tr","p":{"a":0,"k":[37.95,39.85],"ix":2},"a":{"a":0,"k":[0,0],"ix":1},"s":{"a":0,"k":[100,100],"ix":3},"r":{"a":0,"k":0,"ix":6},"o":{"a":0,"k":100,"ix":7},"sk":{"a":0,"k":0,"ix":4},"sa":{"a":0,"k":0,"ix":5},"nm":"变换"}],"nm":"组 35","np":3,"cix":2,"ix":2,"mn":"ADBE Vector Group","hd":false},{"ty":"tr","p":{"a":0,"k":[38.027,40.083],"ix":2},"a":{"a":0,"k":[38.027,40.083],"ix":1},"s":{"a":0,"k":[100,100],"ix":3},"r":{"a":1,"k":[{"i":{"x":[0.833],"y":[0.833]},"o":{"x":[0.167],"y":[0.167]},"n":["0p833_0p833_0p167_0p167"],"t":74,"s":[0],"e":[-20]},{"i":{"x":[0.833],"y":[0.833]},"o":{"x":[0.167],"y":[0.167]},"n":["0p833_0p833_0p167_0p167"],"t":80,"s":[-20],"e":[8]},{"i":{"x":[0.833],"y":[0.833]},"o":{"x":[0.167],"y":[0.167]},"n":["0p833_0p833_0p167_0p167"],"t":87,"s":[8],"e":[0]},{"t":92}],"ix":6},"o":{"a":0,"k":96,"ix":7},"sk":{"a":0,"k":0,"ix":4},"sa":{"a":0,"k":0,"ix":5},"nm":"变换"}],"nm":"组 35","np":2,"cix":2,"ix":2,"mn":"ADBE Vector Group","hd":false},{"ty":"tr","p":{"a":1,"k":[{"i":{"x":0.833,"y":0.833},"o":{"x":0.167,"y":0.167},"n":"0p833_0p833_0p167_0p167","t":60,"s":[33.598,35.083],"e":[33.598,41.333],"to":[0,1.04166662693024],"ti":[0,-1.04166662693024]},{"t":74}],"ix":2},"a":{"a":0,"k":[33.598,40.083],"ix":1},"s":{"a":0,"k":[100,100],"ix":3},"r":{"a":0,"k":0,"ix":6},"o":{"a":1,"k":[{"i":{"x":[0.833],"y":[0.833]},"o":{"x":[0.167],"y":[0.167]},"n":["0p833_0p833_0p167_0p167"],"t":60,"s":[0],"e":[100]},{"i":{"x":[0.833],"y":[0.833]},"o":{"x":[0.167],"y":[0.167]},"n":["0p833_0p833_0p167_0p167"],"t":74,"s":[100],"e":[100]},{"i":{"x":[0.833],"y":[0.833]},"o":{"x":[0.167],"y":[0.167]},"n":["0p833_0p833_0p167_0p167"],"t":210,"s":[100],"e":[0]},{"t":231}],"ix":7},"sk":{"a":0,"k":0,"ix":4},"sa":{"a":0,"k":0,"ix":5},"nm":"变换"}],"nm":"瓜子","np":2,"cix":2,"ix":5,"mn":"ADBE Vector Group","hd":false}],"ip":0,"op":360,"st":0,"bm":0},{"ddd":0,"ind":2,"ty":4,"nm":"“notification_text”轮廓","sr":1,"ks":{"o":{"a":0,"k":100,"ix":11},"r":{"a":0,"k":0,"ix":10},"p":{"a":0,"k":[41.25,31.25,0],"ix":2},"a":{"a":0,"k":[5.5,30.25,0],"ix":1},"s":{"a":1,"k":[{"i":{"x":[0.667,0.667,0.667],"y":[1,1,1]},"o":{"x":[0.817,0.817,0.333],"y":[0,0,0]},"n":["0p667_1_0p817_0","0p667_1_0p817_0","0p667_1_0p333_0"],"t":45,"s":[0,0,100],"e":[102,102,100]},{"i":{"x":[0.667,0.667,0.667],"y":[1,1,1]},"o":{"x":[0.333,0.333,0.333],"y":[0,0,0]},"n":["0p667_1_0p333_0","0p667_1_0p333_0","0p667_1_0p333_0"],"t":76,"s":[102,102,100],"e":[90,90,100]},{"i":{"x":[0.667,0.667,0.667],"y":[1,1,1]},"o":{"x":[0.333,0.333,0.333],"y":[0,0,0]},"n":["0p667_1_0p333_0","0p667_1_0p333_0","0p667_1_0p333_0"],"t":87,"s":[90,90,100],"e":[95,95,100]},{"i":{"x":[0.667,0.667,0.667],"y":[1,1,1]},"o":{"x":[0.167,0.167,0.167],"y":[0,0,0]},"n":["0p667_1_0p167_0","0p667_1_0p167_0","0p667_1_0p167_0"],"t":96,"s":[95,95,100],"e":[95,95,100]},{"i":{"x":[0.833,0.833,0.833],"y":[1,1,1]},"o":{"x":[0.167,0.167,0.167],"y":[0,0,0]},"n":["0p833_1_0p167_0","0p833_1_0p167_0","0p833_1_0p167_0"],"t":212,"s":[95,95,100],"e":[0,0,100]},{"t":235}],"ix":6}},"ao":0,"shapes":[{"ty":"gr","it":[{"ind":0,"ty":"sh","ix":1,"ks":{"a":0,"k":{"i":[[0.601,0],[0,0],[0,1.119],[0,0],[0,0],[0,0],[-0.359,0],[0,0],[-0.119,0.266],[-0.066,1.641],[0,0],[0.306,-0.426]],"o":[[0,0],[-1,0],[0,0],[0,0],[0,0],[0,0.467],[0,0],[0.281,0],[0.147,-0.347],[0,0],[-0.12,2.026],[-0.294,0.374]],"v":[[37.219,8.79],[35.74,8.79],[34.24,7.111],[34.24,-8.91],[35.6,-8.91],[35.6,6.831],[36.139,7.531],[36.999,7.531],[37.6,7.131],[37.919,4.15],[39.199,4.551],[38.561,8.23]],"c":true},"ix":2},"nm":"路径 1","mn":"ADBE Vector Shape - Group","hd":false},{"ind":1,"ty":"sh","ix":2,"ks":{"a":0,"k":{"i":[[-0.747,0.253],[0,0],[0.8,-0.227],[0,0],[1.066,0],[0,0],[0,0],[-0.254,0],[0,0.547],[0,0],[1.04,-0.213],[0,0],[-0.907,0.2],[0,0],[-0.507,0.906],[0,0],[0,0],[0,0],[0,0],[0.987,-1.347],[0,0]],"o":[[0,0],[-0.653,0.213],[0,0],[0,1.081],[0,0],[0,0],[0.96,0.066],[0.439,0],[0,0],[-0.507,0.12],[0,0],[0.866,-0.16],[0,0],[0.786,-1.027],[0,0],[0,0],[0,0],[0,0],[-0.426,0.907],[0,0],[0.707,-0.187]],"v":[[33.061,-1.15],[33.061,0.251],[30.88,0.911],[30.88,7.23],[29.281,8.85],[27.38,8.85],[27.079,7.59],[28.9,7.689],[29.561,6.87],[29.561,1.271],[27.24,1.771],[26.9,0.391],[29.561,-0.15],[29.561,-4.23],[31.499,-7.13],[27.38,-7.13],[27.38,-8.41],[32.999,-8.41],[32.999,-7.21],[30.88,-3.829],[30.88,-0.49]],"c":true},"ix":2},"nm":"路径 2","mn":"ADBE Vector Shape - Group","hd":false},{"ind":2,"ty":"sh","ix":3,"ks":{"a":0,"k":{"i":[[0,0],[0,0],[0,0],[0,0]],"o":[[0,0],[0,0],[0,0],[0,0]],"v":[[22.999,4.57],[24.96,4.57],[24.96,-6.27],[22.999,-6.27]],"c":true},"ix":2},"nm":"路径 3","mn":"ADBE Vector Shape - Group","hd":false},{"ind":3,"ty":"sh","ix":4,"ks":{"a":0,"k":{"i":[[0,0],[0,0],[0,0],[0,0],[0,0],[0,0],[0,0],[0,0]],"o":[[0,0],[0,0],[0,0],[0,0],[0,0],[0,0],[0,0],[0,0]],"v":[[26.259,-7.549],[26.259,7.111],[24.96,7.111],[24.96,5.85],[22.999,5.85],[22.999,7.59],[21.68,7.59],[21.68,-7.549]],"c":true},"ix":2},"nm":"路径 4","mn":"ADBE Vector Shape - Group","hd":false},{"ind":4,"ty":"sh","ix":5,"ks":{"a":0,"k":{"i":[[0,0],[0,0],[0,0],[0,0]],"o":[[0,0],[0,0],[0,0],[0,0]],"v":[[6.46,7.111],[15.499,7.111],[15.499,5.751],[6.46,5.751]],"c":true},"ix":2},"nm":"路径 5","mn":"ADBE Vector Shape - Group","hd":false},{"ind":5,"ty":"sh","ix":6,"ks":{"a":0,"k":{"i":[[0,0]],"o":[[0,0]],"v":[[6.46,5.751]],"c":false},"ix":2},"nm":"路径 6","mn":"ADBE Vector Shape - Group","hd":false},{"ind":6,"ty":"sh","ix":7,"ks":{"a":0,"k":{"i":[[0,0],[0,0],[0,0],[0,0]],"o":[[0,0],[0,0],[0,0],[0,0]],"v":[[15.499,0.911],[6.46,0.911],[6.46,2.251],[15.499,2.251]],"c":true},"ix":2},"nm":"路径 7","mn":"ADBE Vector Shape - Group","hd":false},{"ind":7,"ty":"sh","ix":8,"ks":{"a":0,"k":{"i":[[0,0]],"o":[[0,0]],"v":[[15.499,2.251]],"c":false},"ix":2},"nm":"路径 8","mn":"ADBE Vector Shape - Group","hd":false},{"ind":8,"ty":"sh","ix":9,"ks":{"a":0,"k":{"i":[[0,0],[0,0],[0,0],[0,0]],"o":[[0,0],[0,0],[0,0],[0,0]],"v":[[6.46,4.631],[15.499,4.631],[15.499,3.37],[6.46,3.37]],"c":true},"ix":2},"nm":"路径 9","mn":"ADBE Vector Shape - Group","hd":false},{"ind":9,"ty":"sh","ix":10,"ks":{"a":0,"k":{"i":[[0,0]],"o":[[0,0]],"v":[[6.46,3.37]],"c":false},"ix":2},"nm":"路径 10","mn":"ADBE Vector Shape - Group","hd":false},{"ind":10,"ty":"sh","ix":11,"ks":{"a":0,"k":{"i":[[0,0],[0,0],[-0.334,0.786],[2.281,0],[0,0],[-3.747,0.76],[0,0],[2.559,-0.2],[0.24,-0.6],[0,0],[0,0],[0,0],[0.346,-0.587],[0,0],[0,0],[0,0],[0.333,-0.387],[0,0],[0,0],[0,0],[0,0],[0,0],[0,0],[0,0],[0,0],[1.161,-0.787],[0,0],[-1.401,1.653],[0,0],[0,0],[0,0],[-0.252,0.427],[0,0]],"o":[[0,0],[0.08,-0.187],[-1.96,0.12],[0,0],[5.667,0],[0,0],[-1.854,0.413],[-0.148,0.44],[0,0],[0,0],[0,0],[-0.16,0.32],[0,0],[0,0],[0,0],[-0.401,0.533],[0,0],[0,0],[0,0],[0,0],[0,0],[0,0],[0,0],[0,0],[-1.093,0.987],[0,0],[2.2,-1.493],[0,0],[0,0],[0,0],[0.333,-0.48],[0,0],[0,0]],"v":[[2.521,-5.529],[8.861,-5.529],[9.48,-6.99],[3.12,-6.809],[2.7,-8.01],[16.82,-9.15],[17.48,-8.01],[10.861,-7.089],[10.281,-5.529],[17.719,-5.529],[17.719,-4.29],[9.699,-4.29],[8.941,-2.93],[18.88,-2.93],[18.88,-1.649],[8.061,-1.649],[6.96,-0.27],[16.88,-0.27],[16.88,9.15],[15.499,9.15],[15.499,8.29],[6.46,8.29],[6.46,9.15],[5.079,9.15],[5.079,1.65],[1.7,4.311],[0.92,3.07],[6.32,-1.649],[1.441,-1.649],[1.441,-2.93],[7.32,-2.93],[8.199,-4.29],[2.521,-4.29]],"c":true},"ix":2},"nm":"路径 11","mn":"ADBE Vector Shape - Group","hd":false},{"ind":11,"ty":"sh","ix":12,"ks":{"a":0,"k":{"i":[[0,0],[0,0],[0,0],[0,0]],"o":[[0,0],[0,0],[0,0],[0,0]],"v":[[-13.54,7.111],[-4.501,7.111],[-4.501,5.751],[-13.54,5.751]],"c":true},"ix":2},"nm":"路径 12","mn":"ADBE Vector Shape - Group","hd":false},{"ind":12,"ty":"sh","ix":13,"ks":{"a":0,"k":{"i":[[0,0]],"o":[[0,0]],"v":[[-13.54,5.751]],"c":false},"ix":2},"nm":"路径 13","mn":"ADBE Vector Shape - Group","hd":false},{"ind":13,"ty":"sh","ix":14,"ks":{"a":0,"k":{"i":[[0,0],[0,0],[0,0],[0,0]],"o":[[0,0],[0,0],[0,0],[0,0]],"v":[[-4.501,0.911],[-13.54,0.911],[-13.54,2.251],[-4.501,2.251]],"c":true},"ix":2},"nm":"路径 14","mn":"ADBE Vector Shape - Group","hd":false},{"ind":14,"ty":"sh","ix":15,"ks":{"a":0,"k":{"i":[[0,0]],"o":[[0,0]],"v":[[-4.501,2.251]],"c":false},"ix":2},"nm":"路径 15","mn":"ADBE Vector Shape - Group","hd":false},{"ind":15,"ty":"sh","ix":16,"ks":{"a":0,"k":{"i":[[0,0],[0,0],[0,0],[0,0]],"o":[[0,0],[0,0],[0,0],[0,0]],"v":[[-13.54,4.631],[-4.501,4.631],[-4.501,3.37],[-13.54,3.37]],"c":true},"ix":2},"nm":"路径 16","mn":"ADBE Vector Shape - Group","hd":false},{"ind":16,"ty":"sh","ix":17,"ks":{"a":0,"k":{"i":[[0,0]],"o":[[0,0]],"v":[[-13.54,3.37]],"c":false},"ix":2},"nm":"路径 17","mn":"ADBE Vector Shape - Group","hd":false},{"ind":17,"ty":"sh","ix":18,"ks":{"a":0,"k":{"i":[[0,0],[0,0],[-0.333,0.786],[2.28,0],[0,0],[-3.747,0.76],[0,0],[2.56,-0.2],[0.239,-0.6],[0,0],[0,0],[0,0],[0.347,-0.587],[0,0],[0,0],[0,0],[0.334,-0.387],[0,0],[0,0],[0,0],[0,0],[0,0],[0,0],[0,0],[0,0],[1.16,-0.787],[0,0],[-1.401,1.653],[0,0],[0,0],[0,0],[-0.253,0.427],[0,0]],"o":[[0,0],[0.08,-0.187],[-1.96,0.12],[0,0],[5.667,0],[0,0],[-1.854,0.413],[-0.146,0.44],[0,0],[0,0],[0,0],[-0.16,0.32],[0,0],[0,0],[0,0],[-0.4,0.533],[0,0],[0,0],[0,0],[0,0],[0,0],[0,0],[0,0],[0,0],[-1.093,0.987],[0,0],[2.2,-1.493],[0,0],[0,0],[0,0],[0.333,-0.48],[0,0],[0,0]],"v":[[-17.48,-5.529],[-11.141,-5.529],[-10.521,-6.99],[-16.88,-6.809],[-17.301,-8.01],[-3.18,-9.15],[-2.52,-8.01],[-9.141,-7.089],[-9.719,-5.529],[-2.281,-5.529],[-2.281,-4.29],[-10.301,-4.29],[-11.061,-2.93],[-1.12,-2.93],[-1.12,-1.649],[-11.941,-1.649],[-13.04,-0.27],[-3.12,-0.27],[-3.12,9.15],[-4.501,9.15],[-4.501,8.29],[-13.54,8.29],[-13.54,9.15],[-14.921,9.15],[-14.921,1.65],[-18.301,4.311],[-19.081,3.07],[-13.68,-1.649],[-18.561,-1.649],[-18.561,-2.93],[-12.68,-2.93],[-11.801,-4.29],[-17.48,-4.29]],"c":true},"ix":2},"nm":"路径 18","mn":"ADBE Vector Shape - Group","hd":false},{"ind":18,"ty":"sh","ix":19,"ks":{"a":0,"k":{"i":[[-1.213,2.253],[0,0],[0,0],[0,0],[0,0],[0,0],[0,0],[0,0],[0,0],[0,0],[0,0],[0,0],[0,0],[0,0],[0,0],[0,0],[-0.574,1.626],[0,0],[0.746,-1.174],[0,0],[0,0],[0,0],[-3.414,-1.787],[0,0],[1.427,2.706],[0,0],[0,0],[0,0],[0,0],[0,0],[3.8,-2.066],[0,0]],"o":[[0,0],[0,0],[0,0],[0,0],[0,0],[0,0],[0,0],[0,0],[0,0],[0,0],[0,0],[0,0],[0,0],[0,0],[0,0],[0.759,-1.32],[0,0],[-0.573,1.44],[0,0],[0,0],[0,0],[1.413,2.267],[0,0],[-3.533,-2.172],[0,0],[0,0],[0,0],[0,0],[0,0],[-1.28,2.826],[0,0],[3.613,-1.786]],"v":[[-31.96,0.951],[-38.641,0.951],[-38.641,-0.43],[-30.66,-0.43],[-30.66,-5.449],[-37.861,-5.449],[-37.861,-6.829],[-30.66,-6.829],[-30.66,-9.13],[-29.18,-9.13],[-29.18,-6.829],[-21.82,-6.829],[-21.82,-5.449],[-29.18,-5.449],[-29.18,-0.43],[-27.18,-0.43],[-25.18,-4.85],[-23.781,-4.35],[-25.76,-0.43],[-21.24,-0.43],[-21.24,0.951],[-27.921,0.951],[-20.68,7.031],[-21.661,8.27],[-29.1,0.951],[-29.18,0.951],[-29.18,9.09],[-30.66,9.09],[-30.66,0.951],[-30.781,0.951],[-38.4,8.29],[-39.199,7.01]],"c":true},"ix":2},"nm":"路径 19","mn":"ADBE Vector Shape - Group","hd":false},{"ind":19,"ty":"sh","ix":20,"ks":{"a":0,"k":{"i":[[0,0],[-0.613,-1.253],[0,0],[0.72,1.053]],"o":[[0.641,1],[0,0],[-0.547,-1.213],[0,0]],"v":[[-34.861,-4.669],[-32.98,-1.29],[-34.219,-0.669],[-36.12,-4.07]],"c":true},"ix":2},"nm":"路径 20","mn":"ADBE Vector Shape - Group","hd":false},{"ty":"mm","mm":1,"nm":"合并路径 1","mn":"ADBE Vector Filter - Merge","hd":false},{"ty":"fl","c":{"a":0,"k":[0.276192190133,0.27619117288,0.276192369648,1],"ix":4},"o":{"a":0,"k":100,"ix":5},"r":1,"nm":"填充 1","mn":"ADBE Vector Graphic - Fill","hd":false},{"ty":"tr","p":{"a":0,"k":[55.92,14.87],"ix":2},"a":{"a":0,"k":[0,0],"ix":1},"s":{"a":0,"k":[100,100],"ix":3},"r":{"a":0,"k":0,"ix":6},"o":{"a":0,"k":100,"ix":7},"sk":{"a":0,"k":0,"ix":4},"sa":{"a":0,"k":0,"ix":5},"nm":"变换"}],"nm":"组 1","np":22,"cix":2,"ix":1,"mn":"ADBE Vector Group","hd":false},{"ty":"gr","it":[{"ind":0,"ty":"sh","ix":1,"ks":{"a":0,"k":{"i":[[0,0],[0,-4.962],[0,0],[3.161,-2.299],[-0.169,-0.52],[-0.835,0],[0,0],[0,4.963],[0,0],[4.963,0]],"o":[[-4.962,0],[0,0],[0,3.909],[-0.676,0.491],[0.169,0.52],[0,0],[4.963,0],[0,0],[0,-4.962],[0,0]],"v":[[-32.543,-14],[-41.543,-5],[-41.543,1.267],[-46.591,11.181],[-47.157,12.923],[-45.674,14],[38.457,14],[47.457,5],[47.457,-5],[38.457,-14]],"c":true},"ix":2},"nm":"路径 1","mn":"ADBE Vector Shape - Group","hd":false},{"ind":1,"ty":"sh","ix":2,"ks":{"a":0,"k":{"i":[[5.514,0],[0,0],[0.349,1.075],[-0.913,0.664],[0,3.589],[0,0],[-5.514,0],[0,0],[0,-5.514],[0,0]],"o":[[0,0],[-1.13,0],[-0.349,-1.073],[2.903,-2.111],[0,0],[0,-5.514],[0,0],[5.514,0],[0,0],[0,5.514]],"v":[[38.457,15],[-45.674,15],[-48.108,13.232],[-47.179,10.372],[-42.543,1.267],[-42.543,-5],[-32.543,-15],[38.457,-15],[48.457,-5],[48.457,5]],"c":true},"ix":2},"nm":"路径 2","mn":"ADBE Vector Shape - Group","hd":false},{"ty":"mm","mm":1,"nm":"合并路径 1","mn":"ADBE Vector Filter - Merge","hd":false},{"ty":"fl","c":{"a":0,"k":[0.276192190133,0.27619117288,0.276192369648,1],"ix":4},"o":{"a":0,"k":100,"ix":5},"r":1,"nm":"填充 1","mn":"ADBE Vector Graphic - Fill","hd":false},{"ty":"tr","p":{"a":0,"k":[53.543,15],"ix":2},"a":{"a":0,"k":[0,0],"ix":1},"s":{"a":0,"k":[100,100],"ix":3},"r":{"a":0,"k":0,"ix":6},"o":{"a":0,"k":100,"ix":7},"sk":{"a":0,"k":0,"ix":4},"sa":{"a":0,"k":0,"ix":5},"nm":"变换"}],"nm":"组 2","np":4,"cix":2,"ix":2,"mn":"ADBE Vector Group","hd":false},{"ty":"gr","it":[{"ind":0,"ty":"sh","ix":1,"ks":{"a":0,"k":{"i":[[0,0],[-5.247,0],[0,0],[0,-5.247],[0,0],[5.247,0],[0,0],[0,0],[-1.613,1.173],[0,3.762]],"o":[[0,-5.247],[0,0],[5.247,0],[0,0],[0,5.247],[0,0],[0,0],[-1.994,0],[3.042,-2.213],[0,0]],"v":[[-41.773,-5],[-32.273,-14.5],[38.728,-14.5],[48.228,-5],[48.228,5],[38.728,14.5],[-42.273,14.5],[-45.404,14.5],[-46.615,10.776],[-41.773,1.267]],"c":true},"ix":2},"nm":"路径 1","mn":"ADBE Vector Shape - Group","hd":false},{"ty":"fl","c":{"a":0,"k":[1,0.999998922909,1,1],"ix":4},"o":{"a":0,"k":100,"ix":5},"r":1,"nm":"填充 1","mn":"ADBE Vector Graphic - Fill","hd":false},{"ty":"tr","p":{"a":0,"k":[53.272,15],"ix":2},"a":{"a":0,"k":[0,0],"ix":1},"s":{"a":0,"k":[100,100],"ix":3},"r":{"a":0,"k":0,"ix":6},"o":{"a":0,"k":100,"ix":7},"sk":{"a":0,"k":0,"ix":4},"sa":{"a":0,"k":0,"ix":5},"nm":"变换"}],"nm":"组 3","np":2,"cix":2,"ix":3,"mn":"ADBE Vector Group","hd":false}],"ip":0,"op":360,"st":0,"bm":0}],"markers":[]}