{"v":"5.6.9","fr":30,"ip":0,"op":50,"w":540,"h":336,"nm":"点赞 -dark","ddd":0,"assets":[],"layers":[{"ddd":0,"ind":1,"ty":4,"nm":"心 2","sr":1,"ks":{"o":{"a":1,"k":[{"i":{"x":[0.833],"y":[0.833]},"o":{"x":[0.167],"y":[0.167]},"t":39,"s":[100]},{"t":47,"s":[0]}],"ix":11},"r":{"a":0,"k":0,"ix":10},"p":{"a":0,"k":[269.5,216,0],"ix":2},"a":{"a":0,"k":[-0.532,49.468,0],"ix":1},"s":{"a":1,"k":[{"i":{"x":[0.833,0.833,0.833],"y":[1,1,1]},"o":{"x":[0.167,0.167,0.167],"y":[0,0,0]},"t":39,"s":[100,100,100]},{"t":47,"s":[-6,-6,100]}],"ix":6}},"ao":0,"shapes":[{"ty":"gr","it":[{"ind":0,"ty":"sh","ix":1,"ks":{"a":0,"k":{"i":[[23.375,3.5],[0,0],[20.25,-5],[-7.397,-17.94],[0,0],[-3.758,-0.062],[0,0],[-10.375,25.25]],"o":[[-18.901,-2.83],[0,0],[-20.25,5],[10.875,26.375],[0,0],[3.246,0.053],[0,0],[8.06,-19.617]],"v":[[31.25,-49.75],[-0.25,-37.5],[-33.25,-49.5],[-52.75,-2.25],[-8,45.625],[0.379,49.947],[7.25,46.625],[51.875,-0.25]],"c":true},"ix":2},"nm":"路径 1","mn":"ADBE Vector Shape - Group","hd":false},{"ty":"fl","c":{"a":0,"k":[0.960784313725,0.305882352941,0.478431372549,1],"ix":4},"o":{"a":0,"k":100,"ix":5},"r":1,"bm":0,"nm":"填充 1","mn":"ADBE Vector Graphic - Fill","hd":false},{"ty":"tr","p":{"a":0,"k":[0,0],"ix":2},"a":{"a":0,"k":[0,0],"ix":1},"s":{"a":0,"k":[100,100],"ix":3},"r":{"a":0,"k":0,"ix":6},"o":{"a":0,"k":100,"ix":7},"sk":{"a":0,"k":0,"ix":4},"sa":{"a":0,"k":0,"ix":5},"nm":"变换"}],"nm":"形状 1","np":3,"cix":2,"bm":0,"ix":1,"mn":"ADBE Vector Group","hd":false}],"ip":39,"op":907,"st":7,"bm":0},{"ddd":0,"ind":2,"ty":4,"nm":"心","sr":1,"ks":{"o":{"a":0,"k":100,"ix":11},"r":{"a":0,"k":0,"ix":10},"p":{"a":0,"k":[270.5,166,0],"ix":2},"a":{"a":0,"k":[0.156,-0.371,0],"ix":1},"s":{"a":1,"k":[{"i":{"x":[0.667,0.667,0.667],"y":[1,1,1]},"o":{"x":[0.167,0.167,0.167],"y":[0.167,0.167,-0.307]},"t":9,"s":[8,8,100]},{"i":{"x":[0.667,0.667,0.667],"y":[1.833,1.833,-1.206]},"o":{"x":[0.333,0.333,0.333],"y":[0,0,0]},"t":14,"s":[114,114,100]},{"i":{"x":[0.667,0.667,0.667],"y":[1,1,1]},"o":{"x":[0.333,0.333,0.333],"y":[0.25,0.25,2.206]},"t":15,"s":[120,120,100]},{"t":16,"s":[100,100,100]}],"ix":6}},"ao":0,"shapes":[{"ty":"gr","it":[{"ind":0,"ty":"sh","ix":1,"ks":{"a":0,"k":{"i":[[23.375,3.5],[0,0],[20.25,-5],[-7.397,-17.94],[0,0],[-3.758,-0.062],[0,0],[-10.375,25.25]],"o":[[-18.901,-2.83],[0,0],[-20.25,5],[10.875,26.375],[0,0],[3.246,0.053],[0,0],[8.06,-19.617]],"v":[[31.25,-49.75],[-0.25,-37.5],[-33.25,-49.5],[-52.75,-2.25],[-8,45.625],[0.379,49.947],[7.25,46.625],[51.875,-0.25]],"c":true},"ix":2},"nm":"路径 1","mn":"ADBE Vector Shape - Group","hd":false},{"ty":"fl","c":{"a":0,"k":[0.960784313725,0.305882352941,0.478431372549,1],"ix":4},"o":{"a":0,"k":100,"ix":5},"r":1,"bm":0,"nm":"填充 1","mn":"ADBE Vector Graphic - Fill","hd":false},{"ty":"tr","p":{"a":0,"k":[0,0],"ix":2},"a":{"a":0,"k":[0,0],"ix":1},"s":{"a":0,"k":[100,100],"ix":3},"r":{"a":0,"k":0,"ix":6},"o":{"a":0,"k":100,"ix":7},"sk":{"a":0,"k":0,"ix":4},"sa":{"a":0,"k":0,"ix":5},"nm":"变换"}],"nm":"形状 1","np":3,"cix":2,"bm":0,"ix":1,"mn":"ADBE Vector Group","hd":false}],"ip":9,"op":39,"st":9,"bm":0},{"ddd":0,"ind":3,"ty":4,"nm":"形状图层 8","td":1,"sr":1,"ks":{"o":{"a":0,"k":100,"ix":11},"r":{"a":0,"k":0,"ix":10},"p":{"a":0,"k":[270,167,0],"ix":2},"a":{"a":0,"k":[5,2.5,0],"ix":1},"s":{"a":1,"k":[{"i":{"x":[0.833,0.833,0.833],"y":[0.833,0.833,0.833]},"o":{"x":[0.167,0.167,0.167],"y":[0.167,0.167,0.167]},"t":3,"s":[100,100,100]},{"t":8,"s":[387,387,100]}],"ix":6}},"ao":0,"shapes":[{"ty":"gr","it":[{"d":1,"ty":"el","s":{"a":0,"k":[43.588,43.588],"ix":2},"p":{"a":0,"k":[0,0],"ix":3},"nm":"椭圆路径 1","mn":"ADBE Vector Shape - Ellipse","hd":false},{"ty":"fl","c":{"a":0,"k":[1,0.772315410539,0.887708536784,1],"ix":4},"o":{"a":0,"k":100,"ix":5},"r":1,"bm":0,"nm":"填充 1","mn":"ADBE Vector Graphic - Fill","hd":false},{"ty":"tr","p":{"a":0,"k":[5.294,2.294],"ix":2},"a":{"a":0,"k":[0,0],"ix":1},"s":{"a":0,"k":[100,100],"ix":3},"r":{"a":0,"k":0,"ix":6},"o":{"a":0,"k":100,"ix":7},"sk":{"a":0,"k":0,"ix":4},"sa":{"a":0,"k":0,"ix":5},"nm":"变换"}],"nm":"椭圆 1","np":3,"cix":2,"bm":0,"ix":1,"mn":"ADBE Vector Group","hd":false},{"ty":"fl","c":{"a":0,"k":[1,0.772315410539,0.887708536784,1],"ix":4},"o":{"a":0,"k":100,"ix":5},"r":1,"bm":0,"nm":"填充 1","mn":"ADBE Vector Graphic - Fill","hd":false}],"ip":3,"op":903,"st":3,"bm":0},{"ddd":0,"ind":4,"ty":4,"nm":"形状图层 7","tt":1,"sr":1,"ks":{"o":{"a":0,"k":100,"ix":11},"r":{"a":0,"k":0,"ix":10},"p":{"a":0,"k":[270,167,0],"ix":2},"a":{"a":0,"k":[5,2.5,0],"ix":1},"s":{"a":1,"k":[{"i":{"x":[0.833,0.833,0.833],"y":[0.833,0.833,0.833]},"o":{"x":[0.167,0.167,0.167],"y":[0.167,0.167,0.167]},"t":7,"s":[330.428,330.428,100]},{"t":12,"s":[452.428,452.428,100]}],"ix":6}},"ao":0,"shapes":[{"ty":"gr","it":[{"d":1,"ty":"el","s":{"a":0,"k":[43.588,43.588],"ix":2},"p":{"a":0,"k":[0,0],"ix":3},"nm":"椭圆路径 1","mn":"ADBE Vector Shape - Ellipse","hd":false},{"ty":"st","c":{"a":0,"k":[0.928542432598,0.603422336952,0.765982414694,1],"ix":3},"o":{"a":0,"k":100,"ix":4},"w":{"a":0,"k":6,"ix":5},"lc":1,"lj":1,"ml":4,"bm":0,"nm":"描边 1","mn":"ADBE Vector Graphic - Stroke","hd":false},{"ty":"tr","p":{"a":0,"k":[5.294,2.294],"ix":2},"a":{"a":0,"k":[0,0],"ix":1},"s":{"a":0,"k":[100,100],"ix":3},"r":{"a":0,"k":0,"ix":6},"o":{"a":0,"k":100,"ix":7},"sk":{"a":0,"k":0,"ix":4},"sa":{"a":0,"k":0,"ix":5},"nm":"变换"}],"nm":"椭圆 1","np":3,"cix":2,"bm":0,"ix":1,"mn":"ADBE Vector Group","hd":false},{"ty":"st","c":{"a":0,"k":[0.928542432598,0.603422336952,0.765982414694,1],"ix":3},"o":{"a":0,"k":100,"ix":4},"w":{"a":1,"k":[{"i":{"x":[0.833],"y":[0.833]},"o":{"x":[0.167],"y":[0.167]},"t":7,"s":[39]},{"t":12,"s":[0]}],"ix":5},"lc":1,"lj":1,"ml":4,"bm":0,"nm":"描边 1","mn":"ADBE Vector Graphic - Stroke","hd":false}],"ip":3,"op":903,"st":3,"bm":0},{"ddd":0,"ind":7,"ty":4,"nm":"碎 13","sr":1,"ks":{"o":{"a":0,"k":100,"ix":11},"r":{"a":0,"k":0,"ix":10},"p":{"a":1,"k":[{"i":{"x":0.833,"y":0.833},"o":{"x":0.167,"y":0.167},"t":5,"s":[282.75,140.75,0],"to":[4.521,-13.667,0],"ti":[-2.711,10.221,0]},{"i":{"x":0.833,"y":0.833},"o":{"x":0.167,"y":0.167},"t":8,"s":[295.625,99.75,0],"to":[3.212,-12.108,0],"ti":[-1.412,4.093,0]},{"i":{"x":0.833,"y":0.833},"o":{"x":0.167,"y":0.167},"t":11,"s":[305.75,62.25,0],"to":[3.364,-9.753,0],"ti":[-4.456,13.415,0]},{"i":{"x":0.833,"y":0.833},"o":{"x":0.167,"y":0.167},"t":14,"s":[313.76,36.727,0],"to":[3.479,-10.473,0],"ti":[-1.32,4.976,0]},{"t":17,"s":[319.938,15.25,0]}],"ix":2},"a":{"a":0,"k":[0,0,0],"ix":1},"s":{"a":1,"k":[{"i":{"x":[0.833,0.833,0.833],"y":[0.833,0.833,0.833]},"o":{"x":[0.167,0.167,0.167],"y":[0.167,0.167,0.167]},"t":11,"s":[30,30,100]},{"t":19,"s":[0,0,100]}],"ix":6}},"ao":0,"shapes":[{"ty":"gr","it":[{"ind":0,"ty":"sh","ix":1,"ks":{"a":0,"k":{"i":[[23.375,3.5],[0,0],[20.25,-5],[-7.397,-17.94],[0,0],[-3.758,-0.062],[0,0],[-10.375,25.25]],"o":[[-18.901,-2.83],[0,0],[-20.25,5],[10.875,26.375],[0,0],[3.246,0.053],[0,0],[8.06,-19.617]],"v":[[31.25,-49.75],[-0.25,-37.5],[-33.25,-49.5],[-52.75,-2.25],[-8,45.625],[0.379,49.947],[7.25,46.625],[51.875,-0.25]],"c":true},"ix":2},"nm":"路径 1","mn":"ADBE Vector Shape - Group","hd":false},{"ty":"fl","c":{"a":0,"k":[0.935541369868,0.579180309819,0.348610732135,1],"ix":4},"o":{"a":0,"k":100,"ix":5},"r":1,"bm":0,"nm":"填充 1","mn":"ADBE Vector Graphic - Fill","hd":false},{"ty":"tr","p":{"a":0,"k":[0,0],"ix":2},"a":{"a":0,"k":[0,0],"ix":1},"s":{"a":0,"k":[100,100],"ix":3},"r":{"a":0,"k":0,"ix":6},"o":{"a":0,"k":100,"ix":7},"sk":{"a":0,"k":0,"ix":4},"sa":{"a":0,"k":0,"ix":5},"nm":"变换"}],"nm":"形状 1","np":3,"cix":2,"bm":0,"ix":1,"mn":"ADBE Vector Group","hd":false}],"ip":5,"op":905,"st":5,"bm":0},{"ddd":0,"ind":8,"ty":4,"nm":"碎 12","sr":1,"ks":{"o":{"a":0,"k":100,"ix":11},"r":{"a":0,"k":0,"ix":10},"p":{"a":1,"k":[{"i":{"x":0.833,"y":0.833},"o":{"x":0.167,"y":0.167},"t":5,"s":[296,139.75,0],"to":[2.792,-4.917,0],"ti":[-6.233,10.269,0]},{"i":{"x":0.833,"y":0.833},"o":{"x":0.167,"y":0.167},"t":8,"s":[312.75,110.25,0],"to":[7.069,-11.647,0],"ti":[-5.073,8.989,0]},{"i":{"x":0.833,"y":0.833},"o":{"x":0.167,"y":0.167},"t":11,"s":[326.5,84.75,0],"to":[0.578,-1.024,0],"ti":[-1.416,3.801,0]},{"i":{"x":0.833,"y":0.833},"o":{"x":0.167,"y":0.167},"t":12,"s":[334.784,66.607,0],"to":[2.409,-6.464,0],"ti":[-1.434,2.539,0]},{"i":{"x":0.833,"y":0.833},"o":{"x":0.167,"y":0.167},"t":14,"s":[342.481,51.653,0],"to":[7.456,-13.201,0],"ti":[-4.024,6.119,0]},{"t":17,"s":[357.5,25.75,0]}],"ix":2},"a":{"a":0,"k":[0,0,0],"ix":1},"s":{"a":1,"k":[{"i":{"x":[0.833,0.833,0.833],"y":[0.833,0.833,0.833]},"o":{"x":[0.167,0.167,0.167],"y":[0.167,0.167,0.167]},"t":11,"s":[16,16,100]},{"t":19,"s":[0,0,100]}],"ix":6}},"ao":0,"shapes":[{"ty":"gr","it":[{"ind":0,"ty":"sh","ix":1,"ks":{"a":0,"k":{"i":[[23.375,3.5],[0,0],[20.25,-5],[-7.397,-17.94],[0,0],[-3.758,-0.062],[0,0],[-10.375,25.25]],"o":[[-18.901,-2.83],[0,0],[-20.25,5],[10.875,26.375],[0,0],[3.246,0.053],[0,0],[8.06,-19.617]],"v":[[31.25,-49.75],[-0.25,-37.5],[-33.25,-49.5],[-52.75,-2.25],[-8,45.625],[0.379,49.947],[7.25,46.625],[51.875,-0.25]],"c":true},"ix":2},"nm":"路径 1","mn":"ADBE Vector Shape - Group","hd":false},{"ty":"fl","c":{"a":0,"k":[0.937254901961,0.580392156863,0.349019607843,1],"ix":4},"o":{"a":0,"k":100,"ix":5},"r":1,"bm":0,"nm":"填充 1","mn":"ADBE Vector Graphic - Fill","hd":false},{"ty":"tr","p":{"a":0,"k":[0,0],"ix":2},"a":{"a":0,"k":[0,0],"ix":1},"s":{"a":0,"k":[100,100],"ix":3},"r":{"a":0,"k":0,"ix":6},"o":{"a":0,"k":100,"ix":7},"sk":{"a":0,"k":0,"ix":4},"sa":{"a":0,"k":0,"ix":5},"nm":"变换"}],"nm":"形状 1","np":3,"cix":2,"bm":0,"ix":1,"mn":"ADBE Vector Group","hd":false}],"ip":5,"op":905,"st":5,"bm":0},{"ddd":0,"ind":9,"ty":4,"nm":"碎 11","sr":1,"ks":{"o":{"a":0,"k":100,"ix":11},"r":{"a":0,"k":0,"ix":10},"p":{"a":1,"k":[{"i":{"x":0.833,"y":0.833},"o":{"x":0.167,"y":0.167},"t":5,"s":[253.75,140.75,0],"to":[-9.229,-9.667,0],"ti":[6.652,8.22,0]},{"i":{"x":0.833,"y":0.833},"o":{"x":0.167,"y":0.167},"t":8,"s":[225.375,108,0],"to":[-4.538,-5.608,0],"ti":[3.698,5.419,0]},{"i":{"x":0.833,"y":0.833},"o":{"x":0.167,"y":0.167},"t":11,"s":[208,83.75,0],"to":[-1.32,-1.934,0],"ti":[5.189,5.48,0]},{"i":{"x":0.833,"y":0.833},"o":{"x":0.167,"y":0.167},"t":12,"s":[196.18,67.814,0],"to":[-7.97,-8.416,0],"ti":[3.846,5.395,0]},{"i":{"x":0.833,"y":0.833},"o":{"x":0.167,"y":0.167},"t":14,"s":[176.76,41.727,0],"to":[-7.114,-9.98,0],"ti":[3.43,3.726,0]},{"t":17,"s":[162.188,21.25,0]}],"ix":2},"a":{"a":0,"k":[0,0,0],"ix":1},"s":{"a":1,"k":[{"i":{"x":[0.833,0.833,0.833],"y":[0.833,0.833,0.833]},"o":{"x":[0.167,0.167,0.167],"y":[0.167,0.167,0.167]},"t":11,"s":[30,30,100]},{"t":19,"s":[0,0,100]}],"ix":6}},"ao":0,"shapes":[{"ty":"gr","it":[{"ind":0,"ty":"sh","ix":1,"ks":{"a":0,"k":{"i":[[23.375,3.5],[0,0],[20.25,-5],[-7.397,-17.94],[0,0],[-3.758,-0.062],[0,0],[-10.375,25.25]],"o":[[-18.901,-2.83],[0,0],[-20.25,5],[10.875,26.375],[0,0],[3.246,0.053],[0,0],[8.06,-19.617]],"v":[[31.25,-49.75],[-0.25,-37.5],[-33.25,-49.5],[-52.75,-2.25],[-8,45.625],[0.379,49.947],[7.25,46.625],[51.875,-0.25]],"c":true},"ix":2},"nm":"路径 1","mn":"ADBE Vector Shape - Group","hd":false},{"ty":"fl","c":{"a":0,"k":[0.932220339308,0.461707320868,0.709568577187,1],"ix":4},"o":{"a":0,"k":100,"ix":5},"r":1,"bm":0,"nm":"填充 1","mn":"ADBE Vector Graphic - Fill","hd":false},{"ty":"tr","p":{"a":0,"k":[0,0],"ix":2},"a":{"a":0,"k":[0,0],"ix":1},"s":{"a":0,"k":[100,100],"ix":3},"r":{"a":0,"k":0,"ix":6},"o":{"a":0,"k":100,"ix":7},"sk":{"a":0,"k":0,"ix":4},"sa":{"a":0,"k":0,"ix":5},"nm":"变换"}],"nm":"形状 1","np":3,"cix":2,"bm":0,"ix":1,"mn":"ADBE Vector Group","hd":false}],"ip":5,"op":905,"st":5,"bm":0},{"ddd":0,"ind":10,"ty":4,"nm":"碎 10","sr":1,"ks":{"o":{"a":0,"k":100,"ix":11},"r":{"a":0,"k":0,"ix":10},"p":{"a":1,"k":[{"i":{"x":0.833,"y":0.833},"o":{"x":0.167,"y":0.167},"t":5,"s":[253.5,136,0],"to":[-1.833,-5.792,0],"ti":[3.557,11.474,0]},{"i":{"x":0.833,"y":0.833},"o":{"x":0.167,"y":0.167},"t":8,"s":[242.5,101.25,0],"to":[-2.681,-8.647,0],"ti":[-1.573,-5.761,0]},{"i":{"x":0.833,"y":0.833},"o":{"x":0.167,"y":0.167},"t":11,"s":[233,70.5,0],"to":[0.355,1.299,0],"ti":[1.906,6.106,0]},{"i":{"x":0.833,"y":0.833},"o":{"x":0.167,"y":0.167},"t":12,"s":[228.947,54.18,0],"to":[-2.399,-7.684,0],"ti":[0.779,2.531,0]},{"i":{"x":0.833,"y":0.833},"o":{"x":0.167,"y":0.167},"t":14,"s":[223.731,36.153,0],"to":[-3.294,-10.701,0],"ti":[0.976,4.119,0]},{"t":17,"s":[217.25,13.5,0]}],"ix":2},"a":{"a":0,"k":[0,0,0],"ix":1},"s":{"a":1,"k":[{"i":{"x":[0.833,0.833,0.833],"y":[0.833,0.833,0.833]},"o":{"x":[0.167,0.167,0.167],"y":[0.167,0.167,0.167]},"t":11,"s":[16,16,100]},{"t":19,"s":[0,0,100]}],"ix":6}},"ao":0,"shapes":[{"ty":"gr","it":[{"ind":0,"ty":"sh","ix":1,"ks":{"a":0,"k":{"i":[[23.375,3.5],[0,0],[20.25,-5],[-7.397,-17.94],[0,0],[-3.758,-0.062],[0,0],[-10.375,25.25]],"o":[[-18.901,-2.83],[0,0],[-20.25,5],[10.875,26.375],[0,0],[3.246,0.053],[0,0],[8.06,-19.617]],"v":[[31.25,-49.75],[-0.25,-37.5],[-33.25,-49.5],[-52.75,-2.25],[-8,45.625],[0.379,49.947],[7.25,46.625],[51.875,-0.25]],"c":true},"ix":2},"nm":"路径 1","mn":"ADBE Vector Shape - Group","hd":false},{"ty":"fl","c":{"a":0,"k":[0.933333333333,0.462745098039,0.709803921569,1],"ix":4},"o":{"a":0,"k":100,"ix":5},"r":1,"bm":0,"nm":"填充 1","mn":"ADBE Vector Graphic - Fill","hd":false},{"ty":"tr","p":{"a":0,"k":[0,0],"ix":2},"a":{"a":0,"k":[0,0],"ix":1},"s":{"a":0,"k":[100,100],"ix":3},"r":{"a":0,"k":0,"ix":6},"o":{"a":0,"k":100,"ix":7},"sk":{"a":0,"k":0,"ix":4},"sa":{"a":0,"k":0,"ix":5},"nm":"变换"}],"nm":"形状 1","np":3,"cix":2,"bm":0,"ix":1,"mn":"ADBE Vector Group","hd":false}],"ip":5,"op":905,"st":5,"bm":0},{"ddd":0,"ind":11,"ty":4,"nm":"碎 9","sr":1,"ks":{"o":{"a":0,"k":100,"ix":11},"r":{"a":0,"k":0,"ix":10},"p":{"a":1,"k":[{"i":{"x":0.833,"y":0.833},"o":{"x":0.167,"y":0.167},"t":5,"s":[268.5,192.5,0],"to":[-0.729,6.333,0],"ti":[0.902,-12.53,0]},{"i":{"x":0.833,"y":0.833},"o":{"x":0.167,"y":0.167},"t":8,"s":[265.625,230.75,0],"to":[-0.518,7.196,0],"ti":[1.198,-7.331,0]},{"i":{"x":0.833,"y":0.833},"o":{"x":0.167,"y":0.167},"t":11,"s":[262,283.5,0],"to":[-0.336,2.054,0],"ti":[0.083,-2.392,0]},{"i":{"x":0.833,"y":0.833},"o":{"x":0.167,"y":0.167},"t":12,"s":[261.426,290.985,0],"to":[-0.155,4.433,0],"ti":[0.353,-4.277,0]},{"i":{"x":0.833,"y":0.833},"o":{"x":0.167,"y":0.167},"t":14,"s":[261.01,303.727,0],"to":[-0.908,10.999,0],"ti":[0.68,-6.024,0]},{"t":17,"s":[259.188,325.25,0]}],"ix":2},"a":{"a":0,"k":[0,0,0],"ix":1},"s":{"a":1,"k":[{"i":{"x":[0.833,0.833,0.833],"y":[0.833,0.833,0.833]},"o":{"x":[0.167,0.167,0.167],"y":[0.167,0.167,0.167]},"t":11,"s":[30,30,100]},{"t":19,"s":[0,0,100]}],"ix":6}},"ao":0,"shapes":[{"ty":"gr","it":[{"ind":0,"ty":"sh","ix":1,"ks":{"a":0,"k":{"i":[[23.375,3.5],[0,0],[20.25,-5],[-7.397,-17.94],[0,0],[-3.758,-0.062],[0,0],[-10.375,25.25]],"o":[[-18.901,-2.83],[0,0],[-20.25,5],[10.875,26.375],[0,0],[3.246,0.053],[0,0],[8.06,-19.617]],"v":[[31.25,-49.75],[-0.25,-37.5],[-33.25,-49.5],[-52.75,-2.25],[-8,45.625],[0.379,49.947],[7.25,46.625],[51.875,-0.25]],"c":true},"ix":2},"nm":"路径 1","mn":"ADBE Vector Shape - Group","hd":false},{"ty":"fl","c":{"a":0,"k":[0.577705592735,0.524360447304,0.954059436275,1],"ix":4},"o":{"a":0,"k":100,"ix":5},"r":1,"bm":0,"nm":"填充 1","mn":"ADBE Vector Graphic - Fill","hd":false},{"ty":"tr","p":{"a":0,"k":[0,0],"ix":2},"a":{"a":0,"k":[0,0],"ix":1},"s":{"a":0,"k":[100,100],"ix":3},"r":{"a":0,"k":0,"ix":6},"o":{"a":0,"k":100,"ix":7},"sk":{"a":0,"k":0,"ix":4},"sa":{"a":0,"k":0,"ix":5},"nm":"变换"}],"nm":"形状 1","np":3,"cix":2,"bm":0,"ix":1,"mn":"ADBE Vector Group","hd":false}],"ip":5,"op":905,"st":5,"bm":0},{"ddd":0,"ind":12,"ty":4,"nm":"碎 8","sr":1,"ks":{"o":{"a":0,"k":100,"ix":11},"r":{"a":0,"k":0,"ix":10},"p":{"a":1,"k":[{"i":{"x":0.833,"y":0.833},"o":{"x":0.167,"y":0.167},"t":5,"s":[273.25,202,0],"to":[1.458,5.208,0],"ti":[-4.956,-16.372,0]},{"i":{"x":0.833,"y":0.833},"o":{"x":0.167,"y":0.167},"t":8,"s":[282,233.25,0],"to":[2.422,8,0],"ti":[-1.573,-5.761,0]},{"i":{"x":0.833,"y":0.833},"o":{"x":0.167,"y":0.167},"t":11,"s":[289.75,258.75,0],"to":[0.31,1.135,0],"ti":[-1.037,-4.061,0]},{"i":{"x":0.833,"y":0.833},"o":{"x":0.167,"y":0.167},"t":12,"s":[294.353,275.922,0],"to":[2.265,8.865,0],"ti":[-0.651,-2.84,0]},{"i":{"x":0.833,"y":0.833},"o":{"x":0.167,"y":0.167},"t":14,"s":[300.231,299.903,0],"to":[2.706,11.799,0],"ti":[-1.524,-3.631,0]},{"t":17,"s":[306,321.75,0]}],"ix":2},"a":{"a":0,"k":[0,0,0],"ix":1},"s":{"a":1,"k":[{"i":{"x":[0.833,0.833,0.833],"y":[0.833,0.833,0.833]},"o":{"x":[0.167,0.167,0.167],"y":[0.167,0.167,0.167]},"t":11,"s":[16,16,100]},{"t":19,"s":[0,0,100]}],"ix":6}},"ao":0,"shapes":[{"ty":"gr","it":[{"ind":0,"ty":"sh","ix":1,"ks":{"a":0,"k":{"i":[[23.375,3.5],[0,0],[20.25,-5],[-7.397,-17.94],[0,0],[-3.758,-0.062],[0,0],[-10.375,25.25]],"o":[[-18.901,-2.83],[0,0],[-20.25,5],[10.875,26.375],[0,0],[3.246,0.053],[0,0],[8.06,-19.617]],"v":[[31.25,-49.75],[-0.25,-37.5],[-33.25,-49.5],[-52.75,-2.25],[-8,45.625],[0.379,49.947],[7.25,46.625],[51.875,-0.25]],"c":true},"ix":2},"nm":"路径 1","mn":"ADBE Vector Shape - Group","hd":false},{"ty":"fl","c":{"a":0,"k":[0.576470588235,0.525490196078,0.952941176471,1],"ix":4},"o":{"a":0,"k":100,"ix":5},"r":1,"bm":0,"nm":"填充 1","mn":"ADBE Vector Graphic - Fill","hd":false},{"ty":"tr","p":{"a":0,"k":[0,0],"ix":2},"a":{"a":0,"k":[0,0],"ix":1},"s":{"a":0,"k":[100,100],"ix":3},"r":{"a":0,"k":0,"ix":6},"o":{"a":0,"k":100,"ix":7},"sk":{"a":0,"k":0,"ix":4},"sa":{"a":0,"k":0,"ix":5},"nm":"变换"}],"nm":"形状 1","np":3,"cix":2,"bm":0,"ix":1,"mn":"ADBE Vector Group","hd":false}],"ip":5,"op":905,"st":5,"bm":0},{"ddd":0,"ind":13,"ty":4,"nm":"碎 7","sr":1,"ks":{"o":{"a":0,"k":100,"ix":11},"r":{"a":0,"k":0,"ix":10},"p":{"a":1,"k":[{"i":{"x":0.833,"y":0.833},"o":{"x":0.167,"y":0.167},"t":5,"s":[251,203,0],"to":[-5.958,3.542,0],"ti":[13.338,-8.343,0]},{"i":{"x":0.833,"y":0.833},"o":{"x":0.167,"y":0.167},"t":8,"s":[215.25,224.25,0],"to":[-9.496,5.94,0],"ti":[-5.574,3.522,0]},{"i":{"x":0.833,"y":0.833},"o":{"x":0.167,"y":0.167},"t":11,"s":[183.5,240.25,0],"to":[2.869,-1.813,0],"ti":[4.65,-3.092,0]},{"i":{"x":0.833,"y":0.833},"o":{"x":0.167,"y":0.167},"t":14,"s":[164.26,251.977,0],"to":[-12.836,8.536,0],"ti":[4.868,-2.649,0]},{"t":17,"s":[144,264.5,0]}],"ix":2},"a":{"a":0,"k":[0,0,0],"ix":1},"s":{"a":1,"k":[{"i":{"x":[0.833,0.833,0.833],"y":[0.833,0.833,0.833]},"o":{"x":[0.167,0.167,0.167],"y":[0.167,0.167,0.167]},"t":11,"s":[30,30,100]},{"t":19,"s":[0,0,100]}],"ix":6}},"ao":0,"shapes":[{"ty":"gr","it":[{"ind":0,"ty":"sh","ix":1,"ks":{"a":0,"k":{"i":[[23.375,3.5],[0,0],[20.25,-5],[-7.397,-17.94],[0,0],[-3.758,-0.062],[0,0],[-10.375,25.25]],"o":[[-18.901,-2.83],[0,0],[-20.25,5],[10.875,26.375],[0,0],[3.246,0.053],[0,0],[8.06,-19.617]],"v":[[31.25,-49.75],[-0.25,-37.5],[-33.25,-49.5],[-52.75,-2.25],[-8,45.625],[0.379,49.947],[7.25,46.625],[51.875,-0.25]],"c":true},"ix":2},"nm":"路径 1","mn":"ADBE Vector Shape - Group","hd":false},{"ty":"fl","c":{"a":0,"k":[0.255348415001,0.904999617034,0.749602852616,1],"ix":4},"o":{"a":0,"k":100,"ix":5},"r":1,"bm":0,"nm":"填充 1","mn":"ADBE Vector Graphic - Fill","hd":false},{"ty":"tr","p":{"a":0,"k":[0,0],"ix":2},"a":{"a":0,"k":[0,0],"ix":1},"s":{"a":0,"k":[100,100],"ix":3},"r":{"a":0,"k":0,"ix":6},"o":{"a":0,"k":100,"ix":7},"sk":{"a":0,"k":0,"ix":4},"sa":{"a":0,"k":0,"ix":5},"nm":"变换"}],"nm":"形状 1","np":3,"cix":2,"bm":0,"ix":1,"mn":"ADBE Vector Group","hd":false}],"ip":5,"op":905,"st":5,"bm":0},{"ddd":0,"ind":14,"ty":4,"nm":"碎 6","sr":1,"ks":{"o":{"a":0,"k":100,"ix":11},"r":{"a":0,"k":0,"ix":10},"p":{"a":1,"k":[{"i":{"x":0.833,"y":0.833},"o":{"x":0.167,"y":0.167},"t":5,"s":[239,178.75,0],"to":[-5.417,2.625,0],"ti":[18.733,-9.061,0]},{"i":{"x":0.833,"y":0.833},"o":{"x":0.167,"y":0.167},"t":8,"s":[206.5,194.5,0],"to":[-7.221,3.493,0],"ti":[4.927,-2.011,0]},{"i":{"x":0.833,"y":0.833},"o":{"x":0.167,"y":0.167},"t":11,"s":[170.5,210.5,0],"to":[-1.123,0.458,0],"ti":[2.97,-1.236,0]},{"i":{"x":0.833,"y":0.833},"o":{"x":0.167,"y":0.167},"t":12,"s":[153.88,218.23,0],"to":[-4.473,1.862,0],"ti":[3.198,-1.493,0]},{"i":{"x":0.833,"y":0.833},"o":{"x":0.167,"y":0.167},"t":14,"s":[139.731,224.403,0],"to":[-7.096,3.312,0],"ti":[2.476,-1.381,0]},{"t":17,"s":[118.25,234.25,0]}],"ix":2},"a":{"a":0,"k":[0,0,0],"ix":1},"s":{"a":1,"k":[{"i":{"x":[0.833,0.833,0.833],"y":[0.833,0.833,0.833]},"o":{"x":[0.167,0.167,0.167],"y":[0.167,0.167,0.167]},"t":11,"s":[16,16,100]},{"t":19,"s":[0,0,100]}],"ix":6}},"ao":0,"shapes":[{"ty":"gr","it":[{"ind":0,"ty":"sh","ix":1,"ks":{"a":0,"k":{"i":[[23.375,3.5],[0,0],[20.25,-5],[-7.397,-17.94],[0,0],[-3.758,-0.062],[0,0],[-10.375,25.25]],"o":[[-18.901,-2.83],[0,0],[-20.25,5],[10.875,26.375],[0,0],[3.246,0.053],[0,0],[8.06,-19.617]],"v":[[31.25,-49.75],[-0.25,-37.5],[-33.25,-49.5],[-52.75,-2.25],[-8,45.625],[0.379,49.947],[7.25,46.625],[51.875,-0.25]],"c":true},"ix":2},"nm":"路径 1","mn":"ADBE Vector Shape - Group","hd":false},{"ty":"fl","c":{"a":0,"k":[0.254901960784,0.905882352941,0.749019607843,1],"ix":4},"o":{"a":0,"k":100,"ix":5},"r":1,"bm":0,"nm":"填充 1","mn":"ADBE Vector Graphic - Fill","hd":false},{"ty":"tr","p":{"a":0,"k":[0,0],"ix":2},"a":{"a":0,"k":[0,0],"ix":1},"s":{"a":0,"k":[100,100],"ix":3},"r":{"a":0,"k":0,"ix":6},"o":{"a":0,"k":100,"ix":7},"sk":{"a":0,"k":0,"ix":4},"sa":{"a":0,"k":0,"ix":5},"nm":"变换"}],"nm":"形状 1","np":3,"cix":2,"bm":0,"ix":1,"mn":"ADBE Vector Group","hd":false}],"ip":5,"op":905,"st":5,"bm":0},{"ddd":0,"ind":15,"ty":4,"nm":"碎 5","sr":1,"ks":{"o":{"a":0,"k":100,"ix":11},"r":{"a":0,"k":0,"ix":10},"p":{"a":1,"k":[{"i":{"x":0.833,"y":0.833},"o":{"x":0.167,"y":0.167},"t":5,"s":[287,203,0],"to":[6.5,3.417,0],"ti":[-13.25,-5.583,0]},{"i":{"x":0.833,"y":0.833},"o":{"x":0.167,"y":0.167},"t":8,"s":[326,223.5,0],"to":[5.668,2.388,0],"ti":[-4.074,-1.478,0]},{"i":{"x":0.833,"y":0.833},"o":{"x":0.167,"y":0.167},"t":11,"s":[360.5,240.5,0],"to":[9.417,3.417,0],"ti":[-8.667,-4.417,0]},{"i":{"x":0.833,"y":0.833},"o":{"x":0.167,"y":0.167},"t":14,"s":[390,254,0],"to":[8.667,4.417,0],"ti":[-3.75,-2.167,0]},{"t":17,"s":[412.5,267,0]}],"ix":2},"a":{"a":0,"k":[0,0,0],"ix":1},"s":{"a":1,"k":[{"i":{"x":[0.833,0.833,0.833],"y":[0.833,0.833,0.833]},"o":{"x":[0.167,0.167,0.167],"y":[0.167,0.167,0.167]},"t":11,"s":[30,30,100]},{"t":19,"s":[0,0,100]}],"ix":6}},"ao":0,"shapes":[{"ty":"gr","it":[{"ind":0,"ty":"sh","ix":1,"ks":{"a":0,"k":{"i":[[23.375,3.5],[0,0],[20.25,-5],[-7.397,-17.94],[0,0],[-3.758,-0.062],[0,0],[-10.375,25.25]],"o":[[-18.901,-2.83],[0,0],[-20.25,5],[10.875,26.375],[0,0],[3.246,0.053],[0,0],[8.06,-19.617]],"v":[[31.25,-49.75],[-0.25,-37.5],[-33.25,-49.5],[-52.75,-2.25],[-8,45.625],[0.379,49.947],[7.25,46.625],[51.875,-0.25]],"c":true},"ix":2},"nm":"路径 1","mn":"ADBE Vector Shape - Group","hd":false},{"ty":"fl","c":{"a":0,"k":[0.305503605861,0.706441482843,0.95180089614,1],"ix":4},"o":{"a":0,"k":100,"ix":5},"r":1,"bm":0,"nm":"填充 1","mn":"ADBE Vector Graphic - Fill","hd":false},{"ty":"tr","p":{"a":0,"k":[0,0],"ix":2},"a":{"a":0,"k":[0,0],"ix":1},"s":{"a":0,"k":[100,100],"ix":3},"r":{"a":0,"k":0,"ix":6},"o":{"a":0,"k":100,"ix":7},"sk":{"a":0,"k":0,"ix":4},"sa":{"a":0,"k":0,"ix":5},"nm":"变换"}],"nm":"形状 1","np":3,"cix":2,"bm":0,"ix":1,"mn":"ADBE Vector Group","hd":false}],"ip":5,"op":905,"st":5,"bm":0},{"ddd":0,"ind":16,"ty":4,"nm":"碎 4","sr":1,"ks":{"o":{"a":0,"k":100,"ix":11},"r":{"a":0,"k":0,"ix":10},"p":{"a":1,"k":[{"i":{"x":0.833,"y":0.833},"o":{"x":0.167,"y":0.167},"t":5,"s":[289.5,168,0],"to":[8.667,4.167,0],"ti":[-12.017,-7.061,0]},{"i":{"x":0.833,"y":0.833},"o":{"x":0.167,"y":0.167},"t":8,"s":[341.5,193,0],"to":[14.995,8.81,0],"ti":[-11.106,-6.232,0]},{"i":{"x":0.833,"y":0.833},"o":{"x":0.167,"y":0.167},"t":11,"s":[376.5,211,0],"to":[6.189,3.473,0],"ti":[-7.583,-4.833,0]},{"i":{"x":0.833,"y":0.833},"o":{"x":0.167,"y":0.167},"t":14,"s":[401,226,0],"to":[7.583,4.833,0],"ti":[-3.5,-2.333,0]},{"t":17,"s":[422,240,0]}],"ix":2},"a":{"a":0,"k":[0,0,0],"ix":1},"s":{"a":1,"k":[{"i":{"x":[0.833,0.833,0.833],"y":[0.833,0.833,0.833]},"o":{"x":[0.167,0.167,0.167],"y":[0.167,0.167,0.167]},"t":11,"s":[16,16,100]},{"t":19,"s":[0,0,100]}],"ix":6}},"ao":0,"shapes":[{"ty":"gr","it":[{"ind":0,"ty":"sh","ix":1,"ks":{"a":0,"k":{"i":[[23.375,3.5],[0,0],[20.25,-5],[-7.397,-17.94],[0,0],[-3.758,-0.062],[0,0],[-10.375,25.25]],"o":[[-18.901,-2.83],[0,0],[-20.25,5],[10.875,26.375],[0,0],[3.246,0.053],[0,0],[8.06,-19.617]],"v":[[31.25,-49.75],[-0.25,-37.5],[-33.25,-49.5],[-52.75,-2.25],[-8,45.625],[0.379,49.947],[7.25,46.625],[51.875,-0.25]],"c":true},"ix":2},"nm":"路径 1","mn":"ADBE Vector Shape - Group","hd":false},{"ty":"fl","c":{"a":0,"k":[0.305882352941,0.705882352941,0.952941176471,1],"ix":4},"o":{"a":0,"k":100,"ix":5},"r":1,"bm":0,"nm":"填充 1","mn":"ADBE Vector Graphic - Fill","hd":false},{"ty":"tr","p":{"a":0,"k":[0,0],"ix":2},"a":{"a":0,"k":[0,0],"ix":1},"s":{"a":0,"k":[100,100],"ix":3},"r":{"a":0,"k":0,"ix":6},"o":{"a":0,"k":100,"ix":7},"sk":{"a":0,"k":0,"ix":4},"sa":{"a":0,"k":0,"ix":5},"nm":"变换"}],"nm":"形状 1","np":3,"cix":2,"bm":0,"ix":1,"mn":"ADBE Vector Group","hd":false}],"ip":5,"op":905,"st":5,"bm":0},{"ddd":0,"ind":17,"ty":4,"nm":"碎 3","sr":1,"ks":{"o":{"a":0,"k":100,"ix":11},"r":{"a":0,"k":0,"ix":10},"p":{"a":1,"k":[{"i":{"x":0.833,"y":0.833},"o":{"x":0.167,"y":0.167},"t":5,"s":[303.5,170.5,0],"to":[7.083,-1.25,0],"ti":[-12.917,2.5,0]},{"i":{"x":0.833,"y":0.833},"o":{"x":0.167,"y":0.167},"t":8,"s":[346,163,0],"to":[12.917,-2.5,0],"ti":[-7.068,2.718,0]},{"i":{"x":0.833,"y":0.833},"o":{"x":0.167,"y":0.167},"t":11,"s":[381,155.5,0],"to":[11.917,-4.583,0],"ti":[-8.917,2.25,0]},{"i":{"x":0.833,"y":0.833},"o":{"x":0.167,"y":0.167},"t":14,"s":[413.5,148,0],"to":[8.917,-2.25,0],"ti":[-3.5,1,0]},{"t":17,"s":[434.5,142,0]}],"ix":2},"a":{"a":0,"k":[0,0,0],"ix":1},"s":{"a":1,"k":[{"i":{"x":[0.833,0.833,0.833],"y":[0.833,0.833,0.833]},"o":{"x":[0.167,0.167,0.167],"y":[0.167,0.167,0.167]},"t":11,"s":[30,30,100]},{"t":19,"s":[0,0,100]}],"ix":6}},"ao":0,"shapes":[{"ty":"gr","it":[{"ind":0,"ty":"sh","ix":1,"ks":{"a":0,"k":{"i":[[23.375,3.5],[0,0],[20.25,-5],[-7.397,-17.94],[0,0],[-3.758,-0.062],[0,0],[-10.375,25.25]],"o":[[-18.901,-2.83],[0,0],[-20.25,5],[10.875,26.375],[0,0],[3.246,0.053],[0,0],[8.06,-19.617]],"v":[[31.25,-49.75],[-0.25,-37.5],[-33.25,-49.5],[-52.75,-2.25],[-8,45.625],[0.379,49.947],[7.25,46.625],[51.875,-0.25]],"c":true},"ix":2},"nm":"路径 1","mn":"ADBE Vector Shape - Group","hd":false},{"ty":"fl","c":{"a":0,"k":[0.966614487592,0.329914078058,0.329914078058,1],"ix":4},"o":{"a":0,"k":100,"ix":5},"r":1,"bm":0,"nm":"填充 1","mn":"ADBE Vector Graphic - Fill","hd":false},{"ty":"tr","p":{"a":0,"k":[0,0],"ix":2},"a":{"a":0,"k":[0,0],"ix":1},"s":{"a":0,"k":[100,100],"ix":3},"r":{"a":0,"k":0,"ix":6},"o":{"a":0,"k":100,"ix":7},"sk":{"a":0,"k":0,"ix":4},"sa":{"a":0,"k":0,"ix":5},"nm":"变换"}],"nm":"形状 1","np":3,"cix":2,"bm":0,"ix":1,"mn":"ADBE Vector Group","hd":false}],"ip":5,"op":905,"st":5,"bm":0},{"ddd":0,"ind":18,"ty":4,"nm":"碎 2","sr":1,"ks":{"o":{"a":0,"k":100,"ix":11},"r":{"a":0,"k":0,"ix":10},"p":{"a":1,"k":[{"i":{"x":0.833,"y":0.833},"o":{"x":0.167,"y":0.167},"t":5,"s":[303,147.5,0],"to":[5.917,-1.833,0],"ti":[-13.215,4.431,0]},{"i":{"x":0.833,"y":0.833},"o":{"x":0.167,"y":0.167},"t":8,"s":[338.5,136.5,0],"to":[12.495,-4.19,0],"ti":[-11.619,5.212,0]},{"i":{"x":0.833,"y":0.833},"o":{"x":0.167,"y":0.167},"t":11,"s":[362.25,127.5,0],"to":[4.175,-1.873,0],"ti":[-3.006,1.117,0]},{"i":{"x":0.833,"y":0.833},"o":{"x":0.167,"y":0.167},"t":12,"s":[377.118,122.11,0],"to":[5.097,-1.894,0],"ti":[-4.554,2.005,0]},{"i":{"x":0.833,"y":0.833},"o":{"x":0.167,"y":0.167},"t":14,"s":[398.75,114.75,0],"to":[9.083,-4,0],"ti":[-3.25,1.333,0]},{"t":17,"s":[418.25,106.75,0]}],"ix":2},"a":{"a":0,"k":[0,0,0],"ix":1},"s":{"a":1,"k":[{"i":{"x":[0.833,0.833,0.833],"y":[0.833,0.833,0.833]},"o":{"x":[0.167,0.167,0.167],"y":[0.167,0.167,0.167]},"t":11,"s":[16,16,100]},{"t":19,"s":[0,0,100]}],"ix":6}},"ao":0,"shapes":[{"ty":"gr","it":[{"ind":0,"ty":"sh","ix":1,"ks":{"a":0,"k":{"i":[[23.375,3.5],[0,0],[20.25,-5],[-7.397,-17.94],[0,0],[-3.758,-0.062],[0,0],[-10.375,25.25]],"o":[[-18.901,-2.83],[0,0],[-20.25,5],[10.875,26.375],[0,0],[3.246,0.053],[0,0],[8.06,-19.617]],"v":[[31.25,-49.75],[-0.25,-37.5],[-33.25,-49.5],[-52.75,-2.25],[-8,45.625],[0.379,49.947],[7.25,46.625],[51.875,-0.25]],"c":true},"ix":2},"nm":"路径 1","mn":"ADBE Vector Shape - Group","hd":false},{"ty":"fl","c":{"a":0,"k":[0.964705882353,0.329411764706,0.329411764706,1],"ix":4},"o":{"a":0,"k":100,"ix":5},"r":1,"bm":0,"nm":"填充 1","mn":"ADBE Vector Graphic - Fill","hd":false},{"ty":"tr","p":{"a":0,"k":[0,0],"ix":2},"a":{"a":0,"k":[0,0],"ix":1},"s":{"a":0,"k":[100,100],"ix":3},"r":{"a":0,"k":0,"ix":6},"o":{"a":0,"k":100,"ix":7},"sk":{"a":0,"k":0,"ix":4},"sa":{"a":0,"k":0,"ix":5},"nm":"变换"}],"nm":"形状 1","np":3,"cix":2,"bm":0,"ix":1,"mn":"ADBE Vector Group","hd":false}],"ip":5,"op":905,"st":5,"bm":0},{"ddd":0,"ind":19,"ty":4,"nm":"碎","sr":1,"ks":{"o":{"a":0,"k":100,"ix":11},"r":{"a":0,"k":0,"ix":10},"p":{"a":1,"k":[{"i":{"x":0.833,"y":0.833},"o":{"x":0.167,"y":0.167},"t":5,"s":[236.5,168,0],"to":[-7.167,-1,0],"ti":[13.5,2,0]},{"i":{"x":0.833,"y":0.833},"o":{"x":0.167,"y":0.167},"t":8,"s":[193.5,162,0],"to":[-13.5,-2,0],"ti":[12,2.167,0]},{"i":{"x":0.833,"y":0.833},"o":{"x":0.167,"y":0.167},"t":11,"s":[155.5,156,0],"to":[-12,-2.167,0],"ti":[9.583,2,0]},{"i":{"x":0.833,"y":0.833},"o":{"x":0.167,"y":0.167},"t":14,"s":[121.5,149,0],"to":[-9.583,-2,0],"ti":[3.917,0.833,0]},{"t":17,"s":[98,144,0]}],"ix":2},"a":{"a":0,"k":[0,0,0],"ix":1},"s":{"a":1,"k":[{"i":{"x":[0.833,0.833,0.833],"y":[0.833,0.833,0.833]},"o":{"x":[0.167,0.167,0.167],"y":[0.167,0.167,0.167]},"t":11,"s":[30,30,100]},{"t":19,"s":[0,0,100]}],"ix":6}},"ao":0,"shapes":[{"ty":"gr","it":[{"ind":0,"ty":"sh","ix":1,"ks":{"a":0,"k":{"i":[[23.375,3.5],[0,0],[20.25,-5],[-7.397,-17.94],[0,0],[-3.758,-0.062],[0,0],[-10.375,25.25]],"o":[[-18.901,-2.83],[0,0],[-20.25,5],[10.875,26.375],[0,0],[3.246,0.053],[0,0],[8.06,-19.617]],"v":[[31.25,-49.75],[-0.25,-37.5],[-33.25,-49.5],[-52.75,-2.25],[-8,45.625],[0.379,49.947],[7.25,46.625],[51.875,-0.25]],"c":true},"ix":2},"nm":"路径 1","mn":"ADBE Vector Shape - Group","hd":false},{"ty":"fl","c":{"a":0,"k":[0.92714508655,0.84611565085,0.280632976457,1],"ix":4},"o":{"a":0,"k":100,"ix":5},"r":1,"bm":0,"nm":"填充 1","mn":"ADBE Vector Graphic - Fill","hd":false},{"ty":"tr","p":{"a":0,"k":[0,0],"ix":2},"a":{"a":0,"k":[0,0],"ix":1},"s":{"a":0,"k":[100,100],"ix":3},"r":{"a":0,"k":0,"ix":6},"o":{"a":0,"k":100,"ix":7},"sk":{"a":0,"k":0,"ix":4},"sa":{"a":0,"k":0,"ix":5},"nm":"变换"}],"nm":"形状 1","np":3,"cix":2,"bm":0,"ix":1,"mn":"ADBE Vector Group","hd":false}],"ip":5,"op":905,"st":5,"bm":0},{"ddd":0,"ind":20,"ty":4,"nm":"碎","sr":1,"ks":{"o":{"a":0,"k":100,"ix":11},"r":{"a":0,"k":0,"ix":10},"p":{"a":1,"k":[{"i":{"x":0.833,"y":0.833},"o":{"x":0.167,"y":0.167},"t":5,"s":[236,141.5,0],"to":[-6,-1.25,0],"ti":[10.667,2.5,0]},{"i":{"x":0.833,"y":0.833},"o":{"x":0.167,"y":0.167},"t":8,"s":[200,134,0],"to":[-10.667,-2.5,0],"ti":[9.833,3.417,0]},{"i":{"x":0.833,"y":0.833},"o":{"x":0.167,"y":0.167},"t":11,"s":[172,126.5,0],"to":[-2.865,-0.995,0],"ti":[2.414,0.941,0]},{"i":{"x":0.833,"y":0.833},"o":{"x":0.167,"y":0.167},"t":12,"s":[154.626,122.09,0],"to":[-5.872,-2.288,0],"ti":[4.961,1.713,0]},{"i":{"x":0.833,"y":0.833},"o":{"x":0.167,"y":0.167},"t":14,"s":[134,116,0],"to":[-7,-2.417,0],"ti":[4.5,1.25,0]},{"t":17,"s":[107,108.5,0]}],"ix":2},"a":{"a":0,"k":[0,0,0],"ix":1},"s":{"a":1,"k":[{"i":{"x":[0.833,0.833,0.833],"y":[0.833,0.833,0.833]},"o":{"x":[0.167,0.167,0.167],"y":[0.167,0.167,0.167]},"t":11,"s":[16,16,100]},{"t":19,"s":[0,0,100]}],"ix":6}},"ao":0,"shapes":[{"ty":"gr","it":[{"ind":0,"ty":"sh","ix":1,"ks":{"a":0,"k":{"i":[[23.375,3.5],[0,0],[20.25,-5],[-7.397,-17.94],[0,0],[-3.758,-0.062],[0,0],[-10.375,25.25]],"o":[[-18.901,-2.83],[0,0],[-20.25,5],[10.875,26.375],[0,0],[3.246,0.053],[0,0],[8.06,-19.617]],"v":[[31.25,-49.75],[-0.25,-37.5],[-33.25,-49.5],[-52.75,-2.25],[-8,45.625],[0.379,49.947],[7.25,46.625],[51.875,-0.25]],"c":true},"ix":2},"nm":"路径 1","mn":"ADBE Vector Shape - Group","hd":false},{"ty":"fl","c":{"a":0,"k":[0.925490196078,0.847058823529,0.282352941176,1],"ix":4},"o":{"a":0,"k":100,"ix":5},"r":1,"bm":0,"nm":"填充 1","mn":"ADBE Vector Graphic - Fill","hd":false},{"ty":"tr","p":{"a":0,"k":[0,0],"ix":2},"a":{"a":0,"k":[0,0],"ix":1},"s":{"a":0,"k":[100,100],"ix":3},"r":{"a":0,"k":0,"ix":6},"o":{"a":0,"k":100,"ix":7},"sk":{"a":0,"k":0,"ix":4},"sa":{"a":0,"k":0,"ix":5},"nm":"变换"}],"nm":"形状 1","np":3,"cix":2,"bm":0,"ix":1,"mn":"ADBE Vector Group","hd":false}],"ip":5,"op":905,"st":5,"bm":0},{"ddd":0,"ind":22,"ty":4,"nm":"形状图层 1","sr":1,"ks":{"o":{"a":0,"k":100,"ix":11},"r":{"a":0,"k":0,"ix":10},"p":{"a":0,"k":[270,168,0],"ix":2},"a":{"a":0,"k":[0,0,0],"ix":1},"s":{"a":1,"k":[{"i":{"x":[0.833,0.833,0.833],"y":[0.833,0.833,0.833]},"o":{"x":[0.167,0.167,0.167],"y":[0.167,0.167,0.167]},"t":0,"s":[20,20,100]},{"t":7,"s":[35,35,100]}],"ix":6}},"ao":0,"shapes":[{"ty":"gr","it":[{"ind":0,"ty":"sh","ix":1,"ks":{"a":0,"k":{"i":[[23.375,3.5],[0,0],[20.25,-5],[-7.397,-17.94],[0,0],[-3.758,-0.062],[0,0],[-10.375,25.25]],"o":[[-18.901,-2.83],[0,0],[-20.25,5],[10.875,26.375],[0,0],[3.246,0.053],[0,0],[8.06,-19.617]],"v":[[31.25,-49.75],[-0.25,-37.5],[-33.25,-49.5],[-52.75,-2.25],[-8,45.625],[0.379,49.947],[7.25,46.625],[51.875,-0.25]],"c":true},"ix":2},"nm":"路径 1","mn":"ADBE Vector Shape - Group","hd":false},{"ty":"fl","c":{"a":0,"k":[1,0.743423282399,0.806462785309,1],"ix":4},"o":{"a":0,"k":100,"ix":5},"r":1,"bm":0,"nm":"填充 1","mn":"ADBE Vector Graphic - Fill","hd":false},{"ty":"tr","p":{"a":0,"k":[0,0],"ix":2},"a":{"a":0,"k":[0,0],"ix":1},"s":{"a":0,"k":[100,100],"ix":3},"r":{"a":0,"k":0,"ix":6},"o":{"a":0,"k":100,"ix":7},"sk":{"a":0,"k":0,"ix":4},"sa":{"a":0,"k":0,"ix":5},"nm":"变换"}],"nm":"形状 1","np":3,"cix":2,"bm":0,"ix":1,"mn":"ADBE Vector Group","hd":false}],"ip":0,"op":3,"st":0,"bm":0}],"markers":[]}