{"v":"5.1.9","fr":60,"ip":0,"op":360,"w":140,"h":60,"nm":"notification_motion_dove","ddd":0,"assets":[],"layers":[{"ddd":0,"ind":1,"ty":4,"nm":"“notification_motion_dove”轮廓","sr":1,"ks":{"o":{"a":0,"k":100,"ix":11},"r":{"a":0,"k":0,"ix":10},"p":{"a":0,"k":[25.5,35.5,0],"ix":2},"a":{"a":0,"k":[24,24,0],"ix":1},"s":{"a":0,"k":[100,100,100],"ix":6}},"ao":0,"shapes":[{"ty":"gr","it":[{"ind":0,"ty":"sh","ix":1,"ks":{"a":0,"k":{"i":[[0,0],[0,0],[0,0],[0,0]],"o":[[0,0],[0,0],[0,0],[0,0]],"v":[[12.188,-0.25],[-0.5,-0.375],[-0.5,48.5],[12.188,48.5]],"c":true},"ix":2},"nm":"路径 1","mn":"ADBE Vector Shape - Group","hd":false},{"ty":"st","c":{"a":0,"k":[0.180000005984,0.180000005984,0.180000005984,1],"ix":3},"o":{"a":0,"k":100,"ix":4},"w":{"a":0,"k":0,"ix":5},"lc":1,"lj":1,"ml":4,"nm":"描边 1","mn":"ADBE Vector Graphic - Stroke","hd":false},{"ty":"fl","c":{"a":0,"k":[1,1,1,1],"ix":4},"o":{"a":0,"k":100,"ix":5},"r":1,"nm":"填充 1","mn":"ADBE Vector Graphic - Fill","hd":false},{"ty":"tr","p":{"a":0,"k":[-1.25,0],"ix":2},"a":{"a":0,"k":[0,0],"ix":1},"s":{"a":0,"k":[100,100],"ix":3},"r":{"a":0,"k":0,"ix":6},"o":{"a":0,"k":100,"ix":7},"sk":{"a":0,"k":0,"ix":4},"sa":{"a":0,"k":0,"ix":5},"nm":"变换"}],"nm":"形状 1","np":3,"cix":2,"ix":1,"mn":"ADBE Vector Group","hd":false},{"ty":"gr","it":[{"ind":0,"ty":"sh","ix":1,"ks":{"a":0,"k":{"i":[[0,0],[0,0]],"o":[[0,0],[0,0]],"v":[[11.401,41.5],[11.401,12.038]],"c":false},"ix":2},"nm":"路径 1","mn":"ADBE Vector Shape - Group","hd":false},{"ty":"st","c":{"a":0,"k":[0.263428631951,0.263427644617,0.263428781547,1],"ix":3},"o":{"a":0,"k":100,"ix":4},"w":{"a":0,"k":0.762,"ix":5},"lc":2,"lj":2,"nm":"描边 1","mn":"ADBE Vector Graphic - Stroke","hd":false},{"ty":"tr","p":{"a":0,"k":[0,0],"ix":2},"a":{"a":0,"k":[0,0],"ix":1},"s":{"a":0,"k":[100,100],"ix":3},"r":{"a":0,"k":0,"ix":6},"o":{"a":1,"k":[{"i":{"x":[0.833],"y":[0.833]},"o":{"x":[0.167],"y":[0.167]},"n":["0p833_0p833_0p167_0p167"],"t":39,"s":[0],"e":[100]},{"i":{"x":[0.833],"y":[0.833]},"o":{"x":[0.167],"y":[0.167]},"n":["0p833_0p833_0p167_0p167"],"t":77,"s":[100],"e":[100]},{"i":{"x":[0.833],"y":[0.833]},"o":{"x":[0.167],"y":[0.167]},"n":["0p833_0p833_0p167_0p167"],"t":224,"s":[100],"e":[0]},{"t":239}],"ix":7},"sk":{"a":0,"k":0,"ix":4},"sa":{"a":0,"k":0,"ix":5},"nm":"变换"}],"nm":"line","np":2,"cix":2,"ix":2,"mn":"ADBE Vector Group","hd":false},{"ty":"gr","it":[{"ty":"gr","it":[{"ind":0,"ty":"sh","ix":1,"ks":{"a":0,"k":{"i":[[0,0],[1.58,0.229],[0.22,1.452]],"o":[[-0.309,2.141],[-1.581,-0.227],[0,0]],"v":[[2.409,-1.762],[-0.238,1.68],[-2.409,-1.91]],"c":false},"ix":2},"nm":"路径 1","mn":"ADBE Vector Shape - Group","hd":false},{"ty":"st","c":{"a":0,"k":[0.263428631951,0.263427644617,0.263428781547,1],"ix":3},"o":{"a":0,"k":100,"ix":4},"w":{"a":0,"k":1.5,"ix":5},"lc":2,"lj":2,"nm":"描边 1","mn":"ADBE Vector Graphic - Stroke","hd":false},{"ty":"fl","c":{"a":0,"k":[0.949297916188,0.949294325885,0.949298454733,1],"ix":4},"o":{"a":0,"k":100,"ix":5},"r":1,"nm":"填充 1","mn":"ADBE Vector Graphic - Fill","hd":false},{"ty":"tr","p":{"a":0,"k":[19.857,41.132],"ix":2},"a":{"a":0,"k":[0,0],"ix":1},"s":{"a":0,"k":[100,100],"ix":3},"r":{"a":0,"k":0,"ix":6},"o":{"a":0,"k":100,"ix":7},"sk":{"a":0,"k":0,"ix":4},"sa":{"a":0,"k":0,"ix":5},"nm":"变换"}],"nm":"组 2","np":3,"cix":2,"ix":1,"mn":"ADBE Vector Group","hd":false},{"ty":"gr","it":[{"ind":0,"ty":"sh","ix":1,"ks":{"a":0,"k":{"i":[[0,0],[-1.454,-0.632]],"o":[[0,0],[0,0]],"v":[[-1.544,0.234],[1.544,0.316]],"c":false},"ix":2},"nm":"路径 1","mn":"ADBE Vector Shape - Group","hd":false},{"ty":"st","c":{"a":0,"k":[0.263428631951,0.263427644617,0.263428781547,1],"ix":3},"o":{"a":0,"k":100,"ix":4},"w":{"a":0,"k":1.5,"ix":5},"lc":2,"lj":2,"nm":"描边 1","mn":"ADBE Vector Graphic - Stroke","hd":false},{"ty":"tr","p":{"a":0,"k":[19.729,45.333],"ix":2},"a":{"a":0,"k":[0,0],"ix":1},"s":{"a":0,"k":[100,100],"ix":3},"r":{"a":0,"k":0,"ix":6},"o":{"a":0,"k":100,"ix":7},"sk":{"a":0,"k":0,"ix":4},"sa":{"a":0,"k":0,"ix":5},"nm":"变换"}],"nm":"组 3","np":2,"cix":2,"ix":2,"mn":"ADBE Vector Group","hd":false},{"ty":"gr","it":[{"ind":0,"ty":"sh","ix":1,"ks":{"a":0,"k":{"i":[[0,0],[0,0]],"o":[[0,0],[0,0]],"v":[[0.009,-0.93],[-0.009,0.93]],"c":false},"ix":2},"nm":"路径 1","mn":"ADBE Vector Shape - Group","hd":false},{"ty":"st","c":{"a":0,"k":[0.263428631951,0.263427644617,0.263428781547,1],"ix":3},"o":{"a":0,"k":100,"ix":4},"w":{"a":0,"k":1.5,"ix":5},"lc":2,"lj":2,"nm":"描边 1","mn":"ADBE Vector Graphic - Stroke","hd":false},{"ty":"tr","p":{"a":0,"k":[19.678,44.067],"ix":2},"a":{"a":0,"k":[0,0],"ix":1},"s":{"a":0,"k":[100,100],"ix":3},"r":{"a":0,"k":0,"ix":6},"o":{"a":0,"k":100,"ix":7},"sk":{"a":0,"k":0,"ix":4},"sa":{"a":0,"k":0,"ix":5},"nm":"变换"}],"nm":"组 4","np":2,"cix":2,"ix":3,"mn":"ADBE Vector Group","hd":false},{"ty":"gr","it":[{"ind":0,"ty":"sh","ix":1,"ks":{"a":0,"k":{"i":[[0,0],[-5.036,1.944],[0,0],[-0.221,3.346],[0.311,1.754],[5.821,-3.859],[1.389,-1.643],[0,0]],"o":[[0,0],[7.641,-2.64],[-0.926,-5.373],[0.163,-2.482],[-0.318,-3.273],[-1.339,0.887],[0,0],[0,0]],"v":[[-8.952,15.169],[1.175,16.835],[6.37,7.561],[8.789,-6.48],[8.627,-10.501],[-2.496,-14.921],[-6.817,-10.87],[-8.952,-8.036]],"c":false},"ix":2},"nm":"路径 1","mn":"ADBE Vector Shape - Group","hd":false},{"ty":"st","c":{"a":0,"k":[0.263428631951,0.263427644617,0.263428781547,1],"ix":3},"o":{"a":0,"k":100,"ix":4},"w":{"a":0,"k":1.5,"ix":5},"lc":2,"lj":2,"nm":"描边 1","mn":"ADBE Vector Graphic - Stroke","hd":false},{"ty":"tr","p":{"a":0,"k":[20.857,23.749],"ix":2},"a":{"a":0,"k":[0,0],"ix":1},"s":{"a":0,"k":[100,100],"ix":3},"r":{"a":0,"k":0,"ix":6},"o":{"a":0,"k":100,"ix":7},"sk":{"a":0,"k":0,"ix":4},"sa":{"a":0,"k":0,"ix":5},"nm":"变换"}],"nm":"组 5","np":2,"cix":2,"ix":4,"mn":"ADBE Vector Group","hd":false},{"ty":"gr","it":[{"ind":0,"ty":"sh","ix":1,"ks":{"a":0,"k":{"i":[[-0.142,-0.205],[-0.105,-0.071],[0,0],[0,0],[0,0],[-0.173,0.202],[-0.124,0.144],[-0.112,0.123],[-0.145,0.058],[-0.101,0.229],[0.303,0.27],[0.211,0.01],[0.13,0.061],[0.192,0.017],[0.103,-0.024],[0.22,-0.042],[0.065,-0.311],[0,0],[0,0]],"o":[[0.067,0.097],[0,0],[0,0],[0,0],[0.14,-0.161],[0.131,-0.152],[0.17,-0.196],[0.165,0.021],[0.249,-0.099],[0.1,-0.23],[-0.166,-0.147],[-0.146,-0.165],[-0.248,-0.118],[-0.131,-0.012],[-0.157,-0.102],[-0.411,0.079],[0,0],[0,0],[-0.011,0.213]],"v":[[-1.638,-0.941],[-1.38,-0.684],[-1.491,1.001],[-1.588,2.478],[-0.615,1.363],[-0.133,0.803],[0.255,0.352],[0.685,-0.136],[1.158,-0.196],[1.707,-0.721],[1.537,-1.596],[0.953,-1.81],[0.492,-2.141],[-0.225,-2.343],[-0.575,-2.319],[-1.146,-2.436],[-1.819,-1.681],[-1.827,-1.642],[-1.829,-1.604]],"c":true},"ix":2},"nm":"路径 1","mn":"ADBE Vector Shape - Group","hd":false},{"ty":"st","c":{"a":0,"k":[0.206286411659,0.20628564872,0.206286546296,1],"ix":3},"o":{"a":0,"k":100,"ix":4},"w":{"a":0,"k":1,"ix":5},"lc":1,"lj":1,"ml":4,"nm":"描边 1","mn":"ADBE Vector Graphic - Stroke","hd":false},{"ty":"tr","p":{"a":0,"k":[21.006,19.041],"ix":2},"a":{"a":0,"k":[0,0],"ix":1},"s":{"a":0,"k":[100,100],"ix":3},"r":{"a":0,"k":0,"ix":6},"o":{"a":0,"k":100,"ix":7},"sk":{"a":0,"k":0,"ix":4},"sa":{"a":0,"k":0,"ix":5},"nm":"变换"}],"nm":"组 9","np":2,"cix":2,"ix":5,"mn":"ADBE Vector Group","hd":false},{"ty":"gr","it":[{"ind":0,"ty":"sh","ix":1,"ks":{"a":0,"k":{"i":[[0,0],[-0.106,-0.007],[-0.008,0.108],[-0.028,0.432],[-0.128,0.317],[-0.212,-0.014],[0,0],[-0.107,-0.007],[-0.107,-0.007],[-0.297,-0.344],[0,0],[0,0],[0.128,-0.316],[0.213,0.014],[0,0],[0,0],[0.113,-0.101],[0.447,-0.296]],"o":[[0,0],[-0.206,-0.122],[0.028,-0.432],[-0.311,-0.129],[0.12,-0.209],[0,0],[0.107,0.007],[0.106,0.007],[0.424,0.028],[0,0],[0,0],[0.311,0.128],[-0.12,0.209],[0,0],[0,0],[-0.114,0.101],[-0.34,0.303],[-0.007,0.108]],"v":[[-1.059,1.622],[-1.059,1.622],[-1.257,1.393],[-1.137,-0.443],[-1.405,-1.219],[-0.846,-1.616],[-0.74,-1.609],[-0.534,-1.486],[-0.208,-1.574],[0.924,-0.958],[1.03,-0.95],[1.137,-0.943],[1.405,-0.167],[0.846,0.23],[0.74,0.223],[0.634,0.216],[0.407,0.419],[-0.946,1.521]],"c":true},"ix":2},"nm":"路径 1","mn":"ADBE Vector Shape - Group","hd":false},{"ty":"fl","c":{"a":0,"k":[0.978530644436,0.77938226438,0.491582743327,1],"ix":4},"o":{"a":0,"k":100,"ix":5},"r":1,"nm":"填充 1","mn":"ADBE Vector Graphic - Fill","hd":false},{"ty":"tr","p":{"a":0,"k":[20.96,18.554],"ix":2},"a":{"a":0,"k":[0,0],"ix":1},"s":{"a":0,"k":[100,100],"ix":3},"r":{"a":0,"k":0,"ix":6},"o":{"a":0,"k":100,"ix":7},"sk":{"a":0,"k":0,"ix":4},"sa":{"a":0,"k":0,"ix":5},"nm":"变换"}],"nm":"组 10","np":2,"cix":2,"ix":6,"mn":"ADBE Vector Group","hd":false},{"ty":"gr","it":[{"ind":0,"ty":"sh","ix":1,"ks":{"a":0,"k":{"i":[[-0.822,0.028],[0.029,0.955],[0.823,-0.028],[-0.029,-0.955]],"o":[[0.823,-0.028],[-0.03,-0.955],[-0.823,0.028],[0.03,0.955]],"v":[[0.053,1.729],[1.49,-0.051],[-0.053,-1.73],[-1.49,0.05]],"c":true},"ix":2},"nm":"路径 1","mn":"ADBE Vector Shape - Group","hd":false},{"ty":"fl","c":{"a":0,"k":[0.263428631951,0.263427644617,0.263428781547,1],"ix":4},"o":{"a":0,"k":100,"ix":5},"r":1,"nm":"填充 1","mn":"ADBE Vector Graphic - Fill","hd":false},{"ty":"tr","p":{"a":0,"k":[28.507,16.754],"ix":2},"a":{"a":0,"k":[0,0],"ix":1},"s":{"a":0,"k":[100,100],"ix":3},"r":{"a":0,"k":0,"ix":6},"o":{"a":0,"k":100,"ix":7},"sk":{"a":0,"k":0,"ix":4},"sa":{"a":0,"k":0,"ix":5},"nm":"变换"}],"nm":"组 14","np":2,"cix":2,"ix":7,"mn":"ADBE Vector Group","hd":false},{"ty":"gr","it":[{"ind":0,"ty":"sh","ix":1,"ks":{"a":0,"k":{"i":[[0,0],[0.864,-0.16],[-0.205,-1.748],[-1.665,0.974]],"o":[[-0.715,-0.48],[-1.522,0.442],[0.311,1.755],[0,0]],"v":[[2.34,-2.698],[0.132,-3.169],[-2.135,0.477],[1.689,2.354]],"c":false},"ix":2},"nm":"路径 1","mn":"ADBE Vector Shape - Group","hd":false},{"ty":"st","c":{"a":0,"k":[0.263428631951,0.263427644617,0.263428781547,1],"ix":3},"o":{"a":0,"k":100,"ix":4},"w":{"a":0,"k":1,"ix":5},"lc":2,"lj":2,"nm":"描边 1","mn":"ADBE Vector Graphic - Stroke","hd":false},{"ty":"fl","c":{"a":0,"k":[1,0.999998922909,1,1],"ix":4},"o":{"a":0,"k":100,"ix":5},"r":1,"nm":"填充 1","mn":"ADBE Vector Graphic - Fill","hd":false},{"ty":"tr","p":{"a":0,"k":[27.483,17.267],"ix":2},"a":{"a":0,"k":[0,0],"ix":1},"s":{"a":0,"k":[100,100],"ix":3},"r":{"a":0,"k":0,"ix":6},"o":{"a":0,"k":100,"ix":7},"sk":{"a":0,"k":0,"ix":4},"sa":{"a":0,"k":0,"ix":5},"nm":"变换"}],"nm":"组 15","np":3,"cix":2,"ix":8,"mn":"ADBE Vector Group","hd":false},{"ty":"gr","it":[{"ind":0,"ty":"sh","ix":1,"ks":{"a":0,"k":{"i":[[-0.757,0.569],[0.454,0.624],[0.757,-0.569],[-0.454,-0.623]],"o":[[0.757,-0.569],[-0.454,-0.624],[-0.757,0.57],[0.454,0.624]],"v":[[0.822,1.13],[1.37,-1.031],[-0.822,-1.13],[-1.37,1.031]],"c":true},"ix":2},"nm":"路径 1","mn":"ADBE Vector Shape - Group","hd":false},{"ty":"fl","c":{"a":0,"k":[0.263428631951,0.263427644617,0.263428781547,1],"ix":4},"o":{"a":0,"k":100,"ix":5},"r":1,"nm":"填充 1","mn":"ADBE Vector Graphic - Fill","hd":false},{"ty":"tr","p":{"a":0,"k":[16.436,12.282],"ix":2},"a":{"a":0,"k":[0,0],"ix":1},"s":{"a":0,"k":[100,100],"ix":3},"r":{"a":0,"k":0,"ix":6},"o":{"a":0,"k":100,"ix":7},"sk":{"a":0,"k":0,"ix":4},"sa":{"a":0,"k":0,"ix":5},"nm":"变换"}],"nm":"组 16","np":2,"cix":2,"ix":9,"mn":"ADBE Vector Group","hd":false},{"ty":"gr","it":[{"ind":0,"ty":"sh","ix":1,"ks":{"a":0,"k":{"i":[[0,0],[-0.382,-0.676],[1.537,-0.658],[0.765,1.351],[-0.007,0.108]],"o":[[0.842,0.164],[0.765,1.351],[-1.537,0.657],[-0.099,-0.114],[0,0]],"v":[[0.684,-2.835],[2.525,-1.63],[1.1,2.178],[-3.191,0.919],[-2.964,0.719]],"c":false},"ix":2},"nm":"路径 1","mn":"ADBE Vector Shape - Group","hd":false},{"ty":"st","c":{"a":0,"k":[0.263428631951,0.263427644617,0.263428781547,1],"ix":3},"o":{"a":0,"k":100,"ix":4},"w":{"a":0,"k":1,"ix":5},"lc":2,"lj":2,"nm":"描边 1","mn":"ADBE Vector Graphic - Stroke","hd":false},{"ty":"fl","c":{"a":0,"k":[1,0.999998922909,1,1],"ix":4},"o":{"a":0,"k":100,"ix":5},"r":1,"nm":"填充 1","mn":"ADBE Vector Graphic - Fill","hd":false},{"ty":"tr","p":{"a":0,"k":[16.635,12.896],"ix":2},"a":{"a":0,"k":[0,0],"ix":1},"s":{"a":0,"k":[100,100],"ix":3},"r":{"a":0,"k":0,"ix":6},"o":{"a":0,"k":100,"ix":7},"sk":{"a":0,"k":0,"ix":4},"sa":{"a":0,"k":0,"ix":5},"nm":"变换"}],"nm":"组 17","np":3,"cix":2,"ix":10,"mn":"ADBE Vector Group","hd":false},{"ty":"gr","it":[{"ind":0,"ty":"sh","ix":1,"ks":{"a":0,"k":{"i":[[-0.32,0.706],[1.014,0.473],[0.319,-0.706],[-1.014,-0.473]],"o":[[0.32,-0.706],[-1.015,-0.473],[-0.321,0.705],[1.014,0.474]],"v":[[1.837,0.857],[0.581,-1.278],[-1.835,-0.857],[-0.579,1.277]],"c":true},"ix":2},"nm":"路径 1","mn":"ADBE Vector Shape - Group","hd":false},{"ty":"fl","c":{"a":0,"k":[0.986458572687,0.888335643095,0.909904450061,1],"ix":4},"o":{"a":0,"k":100,"ix":5},"r":1,"nm":"填充 1","mn":"ADBE Vector Graphic - Fill","hd":false},{"ty":"tr","p":{"a":0,"k":[15.62,16.275],"ix":2},"a":{"a":0,"k":[0,0],"ix":1},"s":{"a":0,"k":[100,100],"ix":3},"r":{"a":0,"k":0,"ix":6},"o":{"a":0,"k":100,"ix":7},"sk":{"a":0,"k":0,"ix":4},"sa":{"a":0,"k":0,"ix":5},"nm":"变换"}],"nm":"组 18","np":2,"cix":2,"ix":11,"mn":"ADBE Vector Group","hd":false},{"ty":"gr","it":[{"ind":0,"ty":"sh","ix":1,"ks":{"a":0,"k":{"i":[[-0.265,0.729],[1.048,0.39],[0.264,-0.729],[-1.048,-0.391]],"o":[[0.265,-0.729],[-1.048,-0.391],[-0.265,0.73],[1.048,0.39]],"v":[[1.898,0.708],[0.479,-1.32],[-1.898,-0.708],[-0.479,1.32]],"c":true},"ix":2},"nm":"路径 1","mn":"ADBE Vector Shape - Group","hd":false},{"ty":"fl","c":{"a":0,"k":[0.986458572687,0.888335643095,0.909904450061,1],"ix":4},"o":{"a":0,"k":100,"ix":5},"r":1,"nm":"填充 1","mn":"ADBE Vector Graphic - Fill","hd":false},{"ty":"tr","p":{"a":0,"k":[26.51,20.892],"ix":2},"a":{"a":0,"k":[0,0],"ix":1},"s":{"a":0,"k":[100,100],"ix":3},"r":{"a":0,"k":0,"ix":6},"o":{"a":0,"k":100,"ix":7},"sk":{"a":0,"k":0,"ix":4},"sa":{"a":0,"k":0,"ix":5},"nm":"变换"}],"nm":"组 19","np":2,"cix":2,"ix":12,"mn":"ADBE Vector Group","hd":false},{"ty":"gr","it":[{"ind":0,"ty":"sh","ix":1,"ks":{"a":0,"k":{"i":[[0,0],[0,0],[-9.837,3.579],[0,0],[-0.525,3.108],[0.205,0.122],[6.834,-0.092],[3.677,-5.611]],"o":[[0.761,6.583],[0,0],[0.938,-1.9],[-1.004,-4.185],[0.717,-4.397],[0,0],[0,0],[-1.631,2.489]],"v":[[-9.485,-6.759],[-7.748,8.269],[7.9,12.01],[7.087,8.162],[8.647,-0.948],[9.28,-8.928],[1.804,-15.274],[-6.652,-9.978]],"c":true},"ix":2},"nm":"路径 1","mn":"ADBE Vector Shape - Group","hd":false},{"ty":"fl","c":{"a":0,"k":[1,0.999998922909,1,1],"ix":4},"o":{"a":0,"k":100,"ix":5},"r":1,"nm":"填充 1","mn":"ADBE Vector Graphic - Fill","hd":false},{"ty":"tr","p":{"a":0,"k":[20.246,23.153],"ix":2},"a":{"a":0,"k":[0,0],"ix":1},"s":{"a":0,"k":[100,100],"ix":3},"r":{"a":0,"k":0,"ix":6},"o":{"a":0,"k":100,"ix":7},"sk":{"a":0,"k":0,"ix":4},"sa":{"a":0,"k":0,"ix":5},"nm":"变换"}],"nm":"组 20","np":2,"cix":2,"ix":13,"mn":"ADBE Vector Group","hd":false},{"ty":"gr","it":[{"ind":0,"ty":"sh","ix":1,"ks":{"a":0,"k":{"i":[[0,0],[0,0],[0,0],[-1.807,4.636],[0.297,1.97],[0,0],[0.418,0.137],[2.854,-1.221]],"o":[[-2.512,2.986],[0,0],[5.996,4.127],[0.071,-2.705],[0.136,-3.677],[3.26,-8.999],[0,0],[0,0]],"v":[[-7.925,-12.535],[-10.372,-7.628],[-10.372,13.788],[4.987,11.122],[5.41,5.255],[7.177,-5.361],[1.749,-16.883],[-3.597,-16.693]],"c":false},"ix":2},"nm":"路径 1","mn":"ADBE Vector Shape - Group","hd":false},{"ty":"fl","c":{"a":0,"k":[0.883730181526,0.883730181526,0.883730181526,1],"ix":4},"o":{"a":0,"k":100,"ix":5},"r":1,"nm":"填充 1","mn":"ADBE Vector Graphic - Fill","hd":false},{"ty":"tr","p":{"a":0,"k":[21.887,24.974],"ix":2},"a":{"a":0,"k":[0,0],"ix":1},"s":{"a":0,"k":[100,100],"ix":3},"r":{"a":0,"k":0,"ix":6},"o":{"a":0,"k":100,"ix":7},"sk":{"a":0,"k":0,"ix":4},"sa":{"a":0,"k":0,"ix":5},"nm":"变换"}],"nm":"组 21","np":2,"cix":2,"ix":14,"mn":"ADBE Vector Group","hd":false},{"ty":"gr","it":[{"ty":"gr","it":[{"ind":0,"ty":"sh","ix":1,"ks":{"a":0,"k":{"i":[[0.69,0.267],[-1.124,-0.408],[-0.874,1.344],[0,0],[-0.56,0.501],[0,0],[-0.006,0.108],[0,0],[-1.627,2.155],[-0.088,-0.007],[-0.308,0.736],[0.251,0.236],[0.345,0.134],[1.757,1.646],[0.584,0.584],[3.712,-3.084]],"o":[[-0.328,5.607],[1.386,0.426],[0.005,-0.108],[1.036,0.4],[0.37,-0.298],[0.007,-0.107],[0.087,0.006],[0.082,0.114],[0.095,-0.101],[3.095,1.419],[0.106,-0.317],[-0.339,-0.241],[-0.691,-0.267],[-0.584,-0.584],[-1.821,-2.083],[-2.429,2.312]],"v":[[-8.512,-1.533],[-7.001,5.835],[-3.491,4.684],[-3.31,4.59],[-0.917,4.441],[-0.428,3.611],[-0.327,3.402],[-0.152,3.415],[3.578,3.038],[3.848,2.951],[8.714,2.766],[8.589,1.891],[7.647,1.389],[4.245,-0.812],[2.582,-2.557],[-4.356,-3.176]],"c":true},"ix":2},"nm":"路径 1","mn":"ADBE Vector Shape - Group","hd":false},{"ty":"st","c":{"a":0,"k":[0.263428631951,0.263427644617,0.263428781547,1],"ix":3},"o":{"a":0,"k":100,"ix":4},"w":{"a":0,"k":1.5,"ix":5},"lc":1,"lj":1,"ml":10,"nm":"描边 1","mn":"ADBE Vector Graphic - Stroke","hd":false},{"ty":"tr","p":{"a":0,"k":[35.275,26.439],"ix":2},"a":{"a":0,"k":[0,0],"ix":1},"s":{"a":0,"k":[100,100],"ix":3},"r":{"a":0,"k":0,"ix":6},"o":{"a":0,"k":100,"ix":7},"sk":{"a":0,"k":0,"ix":4},"sa":{"a":0,"k":0,"ix":5},"nm":"变换"}],"nm":"组 22","np":2,"cix":2,"ix":1,"mn":"ADBE Vector Group","hd":false},{"ty":"gr","it":[{"ind":0,"ty":"sh","ix":1,"ks":{"a":0,"k":{"i":[[-2.769,-0.385],[-1.386,1.049],[0.521,0.484],[4.904,-3.937],[0.549,-0.268]],"o":[[2.321,0.34],[-0.44,-0.259],[-2.867,-2.554],[-0.646,0.475],[1.103,1.731]],"v":[[0.465,4.182],[6.342,3.042],[4.946,1.931],[-4.026,-0.585],[-6.342,1.342]],"c":true},"ix":2},"nm":"路径 1","mn":"ADBE Vector Shape - Group","hd":false},{"ty":"fl","c":{"a":0,"k":[1,0.999998922909,1,1],"ix":4},"o":{"a":0,"k":100,"ix":5},"r":1,"nm":"填充 1","mn":"ADBE Vector Graphic - Fill","hd":false},{"ty":"tr","p":{"a":0,"k":[34.536,24.017],"ix":2},"a":{"a":0,"k":[0,0],"ix":1},"s":{"a":0,"k":[100,100],"ix":3},"r":{"a":0,"k":0,"ix":6},"o":{"a":0,"k":100,"ix":7},"sk":{"a":0,"k":0,"ix":4},"sa":{"a":0,"k":0,"ix":5},"nm":"变换"}],"nm":"组 23","np":2,"cix":2,"ix":2,"mn":"ADBE Vector Group","hd":false},{"ty":"gr","it":[{"ind":0,"ty":"sh","ix":1,"ks":{"a":0,"k":{"i":[[0,0],[-4.9,3.828],[-2.868,-2.554],[-0.956,-0.851],[4.762,2.311],[0,0],[2.655,1.022],[1.937,8.291]],"o":[[0,0],[4.9,-3.829],[2.867,2.555],[0.955,0.851],[-1.701,2.313],[0,0],[-2.694,2.43],[0,0]],"v":[[-9.41,-3.292],[-4.114,-3.303],[4.859,-0.786],[9.336,1.928],[4.349,3.266],[0.297,3.615],[-2.885,4.702],[-10.291,-1.329]],"c":false},"ix":2},"nm":"路径 1","mn":"ADBE Vector Shape - Group","hd":false},{"ty":"fl","c":{"a":0,"k":[0.880723900888,0.880723900888,0.880723900888,1],"ix":4},"o":{"a":0,"k":100,"ix":5},"r":1,"nm":"填充 1","mn":"ADBE Vector Graphic - Fill","hd":false},{"ty":"tr","p":{"a":0,"k":[34.624,26.735],"ix":2},"a":{"a":0,"k":[0,0],"ix":1},"s":{"a":0,"k":[100,100],"ix":3},"r":{"a":0,"k":0,"ix":6},"o":{"a":0,"k":100,"ix":7},"sk":{"a":0,"k":0,"ix":4},"sa":{"a":0,"k":0,"ix":5},"nm":"变换"}],"nm":"组 24","np":2,"cix":2,"ix":3,"mn":"ADBE Vector Group","hd":false},{"ty":"tr","p":{"a":0,"k":[35.373,27.008],"ix":2},"a":{"a":0,"k":[35.373,27.008],"ix":1},"s":{"a":0,"k":[100,100],"ix":3},"r":{"a":0,"k":0,"ix":6},"o":{"a":0,"k":100,"ix":7},"sk":{"a":0,"k":0,"ix":4},"sa":{"a":0,"k":0,"ix":5},"nm":"变换"}],"nm":"chibang","np":3,"cix":2,"ix":15,"mn":"ADBE Vector Group","hd":false},{"ty":"tr","p":{"a":1,"k":[{"i":{"x":0.833,"y":0.833},"o":{"x":0.167,"y":0.167},"n":"0p833_0p833_0p167_0p167","t":23,"s":[-25.728,43.57],"e":[12,43.57],"to":[6.28791952133179,0.00000153268184],"ti":[-6.28791952133179,-0.00000153268184]},{"i":{"x":0.235,"y":0.235},"o":{"x":0.167,"y":0.167},"n":"0p235_0p235_0p167_0p167","t":54,"s":[12,43.57],"e":[12,43.57],"to":[0,0],"ti":[0,0]},{"i":{"x":0,"y":1},"o":{"x":0.333,"y":0},"n":"0_1_0p333_0","t":232,"s":[12,43.57],"e":[-19.455,43.57],"to":[-5.24253225326538,0],"ti":[5.24253225326538,0]},{"t":266}],"ix":2},"a":{"a":0,"k":[10.807,45.66],"ix":1},"s":{"a":0,"k":[100,100],"ix":3},"r":{"a":1,"k":[{"i":{"x":[0.833],"y":[0.833]},"o":{"x":[0.167],"y":[0.167]},"n":["0p833_0p833_0p167_0p167"],"t":36,"s":[-19],"e":[0]},{"i":{"x":[0.833],"y":[0.833]},"o":{"x":[0.167],"y":[0.167]},"n":["0p833_0p833_0p167_0p167"],"t":62,"s":[0],"e":[0]},{"i":{"x":[0.833],"y":[0.833]},"o":{"x":[0.167],"y":[0.167]},"n":["0p833_0p833_0p167_0p167"],"t":223,"s":[0],"e":[-19]},{"t":256}],"ix":6},"o":{"a":0,"k":100,"ix":7},"sk":{"a":0,"k":0,"ix":4},"sa":{"a":0,"k":0,"ix":5},"nm":"变换"}],"nm":"dove","np":15,"cix":2,"ix":3,"mn":"ADBE Vector Group","hd":false},{"ty":"gr","it":[{"ty":"gr","it":[{"ind":0,"ty":"sh","ix":1,"ks":{"a":0,"k":{"i":[[0.16,0.011],[-0.011,0.162],[1.255,0.407],[0,0],[-0.159,-0.011],[0,0],[0,0],[0.011,-0.162],[-1.106,-0.236],[0,0],[0.161,0.011],[0.01,-0.162]],"o":[[-0.159,-0.01],[0,0],[-0.159,-0.011],[0.01,-0.162],[1.138,-0.251],[0.011,-0.162],[0.159,0.011],[0,0],[0.16,0.011],[0,0],[-1.127,0.088],[0.159,0.01]],"v":[[-0.15,2.188],[-0.298,2.016],[-1.606,-0.023],[-1.754,-0.197],[-1.585,-0.348],[-0.032,-2.036],[0.139,-2.188],[0.287,-2.014],[1.605,-0.137],[1.754,0.036],[1.583,0.187],[0.021,2.036]],"c":true},"ix":2},"nm":"路径 1","mn":"ADBE Vector Shape - Group","hd":false},{"ty":"fl","c":{"a":0,"k":[0.978530644436,0.77938226438,0.491582743327,1],"ix":4},"o":{"a":0,"k":100,"ix":5},"r":1,"nm":"填充 1","mn":"ADBE Vector Graphic - Fill","hd":false},{"ty":"tr","p":{"a":0,"k":[30.419,38.751],"ix":2},"a":{"a":0,"k":[0,0],"ix":1},"s":{"a":0,"k":[100,100],"ix":3},"r":{"a":0,"k":0,"ix":6},"o":{"a":0,"k":100,"ix":7},"sk":{"a":0,"k":0,"ix":4},"sa":{"a":0,"k":0,"ix":5},"nm":"变换"}],"nm":"组 11","np":2,"cix":2,"ix":1,"mn":"ADBE Vector Group","hd":false},{"ty":"gr","it":[{"ind":0,"ty":"sh","ix":1,"ks":{"a":0,"k":{"i":[[0.331,0.022],[-0.011,0.168],[2.614,0.679],[0,0],[-0.166,-0.011],[0,0],[0,0],[0.011,-0.168],[-2.46,-0.5],[0,0],[0.165,0.011],[0,0]],"o":[[-0.165,-0.011],[0,0],[-0.165,-0.011],[0.011,-0.168],[2.691,-0.498],[0.012,-0.169],[0.165,0.01],[0,0],[0.165,0.011],[0,0],[-2.68,0.33],[-0.166,-0.011]],"v":[[-0.465,4.444],[-0.618,4.265],[-3.486,-0.145],[-3.64,-0.324],[-3.463,-0.481],[0.111,-4.297],[0.288,-4.454],[0.443,-4.276],[3.486,-0.023],[3.639,0.156],[3.464,0.313],[0.044,4.309]],"c":true},"ix":2},"nm":"路径 1","mn":"ADBE Vector Shape - Group","hd":false},{"ty":"fl","c":{"a":0,"k":[0.978530644436,0.77938226438,0.491582743327,1],"ix":4},"o":{"a":0,"k":100,"ix":5},"r":1,"nm":"填充 1","mn":"ADBE Vector Graphic - Fill","hd":false},{"ty":"tr","p":{"a":0,"k":[39.9,15.271],"ix":2},"a":{"a":0,"k":[0,0],"ix":1},"s":{"a":0,"k":[100,100],"ix":3},"r":{"a":0,"k":0,"ix":6},"o":{"a":0,"k":100,"ix":7},"sk":{"a":0,"k":0,"ix":4},"sa":{"a":0,"k":0,"ix":5},"nm":"变换"}],"nm":"组 12","np":2,"cix":2,"ix":2,"mn":"ADBE Vector Group","hd":false},{"ty":"gr","it":[{"ind":0,"ty":"sh","ix":1,"ks":{"a":0,"k":{"i":[[0.129,0.008],[-0.009,0.131],[1.531,0.364],[0,0],[-0.129,-0.009],[0,0],[0,0],[0.009,-0.131],[-1.282,-0.215],[0,0],[0.129,0.008],[0,0]],"o":[[-0.13,-0.009],[0,0],[-0.13,-0.009],[0.008,-0.131],[1.567,-0.161],[0.008,-0.131],[0.129,0.009],[0,0],[0.129,0.009],[0,0],[-1.437,0.169],[0.129,0.009]],"v":[[-0.163,2.426],[-0.285,2.286],[-1.943,-0.062],[-2.064,-0.202],[-1.928,-0.324],[0.019,-2.303],[0.156,-2.426],[0.275,-2.286],[1.945,-0.07],[2.066,0.072],[1.928,0.193],[-0.025,2.303]],"c":true},"ix":2},"nm":"路径 1","mn":"ADBE Vector Shape - Group","hd":false},{"ty":"fl","c":{"a":0,"k":[0.978530644436,0.77938226438,0.491582743327,1],"ix":4},"o":{"a":0,"k":100,"ix":5},"r":1,"nm":"填充 1","mn":"ADBE Vector Graphic - Fill","hd":false},{"ty":"tr","p":{"a":0,"k":[33.741,10.395],"ix":2},"a":{"a":0,"k":[0,0],"ix":1},"s":{"a":0,"k":[100,100],"ix":3},"r":{"a":0,"k":0,"ix":6},"o":{"a":0,"k":100,"ix":7},"sk":{"a":0,"k":0,"ix":4},"sa":{"a":0,"k":0,"ix":5},"nm":"变换"}],"nm":"组 13","np":2,"cix":2,"ix":3,"mn":"ADBE Vector Group","hd":false},{"ty":"tr","p":{"a":0,"k":[36.102,24.454],"ix":2},"a":{"a":0,"k":[36.102,24.454],"ix":1},"s":{"a":0,"k":[100,100],"ix":3},"r":{"a":0,"k":0,"ix":6},"o":{"a":1,"k":[{"i":{"x":[0.833],"y":[0.833]},"o":{"x":[0.167],"y":[0.167]},"n":["0p833_0p833_0p167_0p167"],"t":148,"s":[0],"e":[0]},{"i":{"x":[0.833],"y":[0.833]},"o":{"x":[0.167],"y":[0.167]},"n":["0p833_0p833_0p167_0p167"],"t":156,"s":[0],"e":[100]},{"i":{"x":[0.833],"y":[0.833]},"o":{"x":[0.167],"y":[0.167]},"n":["0p833_0p833_0p167_0p167"],"t":162,"s":[100],"e":[0]},{"i":{"x":[0.833],"y":[0.833]},"o":{"x":[0.167],"y":[0.167]},"n":["0p833_0p833_0p167_0p167"],"t":170,"s":[0],"e":[100]},{"i":{"x":[0.833],"y":[0.833]},"o":{"x":[0.167],"y":[0.167]},"n":["0p833_0p833_0p167_0p167"],"t":176,"s":[100],"e":[100]},{"i":{"x":[0.833],"y":[0.833]},"o":{"x":[0.167],"y":[0.167]},"n":["0p833_0p833_0p167_0p167"],"t":212,"s":[100],"e":[0]},{"t":233}],"ix":7},"sk":{"a":0,"k":0,"ix":4},"sa":{"a":0,"k":0,"ix":5},"nm":"变换"}],"nm":"star","np":3,"cix":2,"ix":4,"mn":"ADBE Vector Group","hd":false},{"ty":"gr","it":[{"ty":"gr","it":[{"ind":0,"ty":"sh","ix":1,"ks":{"a":0,"k":{"i":[[0,0],[0,0],[0,0]],"o":[[0,0],[0,0],[0,0]],"v":[[-4.363,0.162],[1.706,1.626],[4.363,-1.626]],"c":false},"ix":2},"nm":"路径 1","mn":"ADBE Vector Shape - Group","hd":false},{"ty":"st","c":{"a":0,"k":[0.263428631951,0.263427644617,0.263428781547,1],"ix":3},"o":{"a":0,"k":100,"ix":4},"w":{"a":0,"k":1,"ix":5},"lc":2,"lj":2,"nm":"描边 1","mn":"ADBE Vector Graphic - Stroke","hd":false},{"ty":"fl","c":{"a":0,"k":[1,0.999998922909,1,1],"ix":4},"o":{"a":0,"k":100,"ix":5},"r":1,"nm":"填充 1","mn":"ADBE Vector Graphic - Fill","hd":false},{"ty":"tr","p":{"a":0,"k":[39.108,38.625],"ix":2},"a":{"a":0,"k":[0,0],"ix":1},"s":{"a":0,"k":[100,100],"ix":3},"r":{"a":0,"k":0,"ix":6},"o":{"a":0,"k":100,"ix":7},"sk":{"a":0,"k":0,"ix":4},"sa":{"a":0,"k":0,"ix":5},"nm":"变换"}],"nm":"组 6","np":3,"cix":2,"ix":1,"mn":"ADBE Vector Group","hd":false},{"ty":"gr","it":[{"ind":0,"ty":"sh","ix":1,"ks":{"a":0,"k":{"i":[[0,0],[0,0],[0,0],[0,0]],"o":[[0,0],[0,0],[0,0],[0,0]],"v":[[2.75,-3.891],[5.982,1.758],[-2.881,3.891],[-5.982,-1.986]],"c":true},"ix":2},"nm":"路径 1","mn":"ADBE Vector Shape - Group","hd":false},{"ty":"st","c":{"a":0,"k":[0.263428631951,0.263427644617,0.263428781547,1],"ix":3},"o":{"a":0,"k":100,"ix":4},"w":{"a":0,"k":1,"ix":5},"lc":1,"lj":2,"nm":"描边 1","mn":"ADBE Vector Graphic - Stroke","hd":false},{"ty":"tr","p":{"a":0,"k":[39.902,39.181],"ix":2},"a":{"a":0,"k":[0,0],"ix":1},"s":{"a":0,"k":[100,100],"ix":3},"r":{"a":0,"k":0,"ix":6},"o":{"a":0,"k":100,"ix":7},"sk":{"a":0,"k":0,"ix":4},"sa":{"a":0,"k":0,"ix":5},"nm":"变换"}],"nm":"组 7","np":2,"cix":2,"ix":2,"mn":"ADBE Vector Group","hd":false},{"ty":"tr","p":{"a":1,"k":[{"i":{"x":0,"y":1},"o":{"x":0.333,"y":0},"n":"0_1_0p333_0","t":115,"s":[58.41,29.796],"e":[39.902,39.181],"to":[-3.08464550971985,1.56430304050446],"ti":[3.08464550971985,-1.56430304050446]},{"t":162}],"ix":2},"a":{"a":0,"k":[39.902,39.181],"ix":1},"s":{"a":0,"k":[100,100],"ix":3},"r":{"a":0,"k":0,"ix":6},"o":{"a":1,"k":[{"i":{"x":[0.833],"y":[0.833]},"o":{"x":[0.167],"y":[0.167]},"n":["0p833_0p833_0p167_0p167"],"t":116,"s":[0],"e":[100]},{"i":{"x":[0.833],"y":[0.833]},"o":{"x":[0.167],"y":[0.167]},"n":["0p833_0p833_0p167_0p167"],"t":174,"s":[100],"e":[100]},{"i":{"x":[0.833],"y":[0.833]},"o":{"x":[0.167],"y":[0.167]},"n":["0p833_0p833_0p167_0p167"],"t":212,"s":[100],"e":[0]},{"t":233}],"ix":7},"sk":{"a":0,"k":0,"ix":4},"sa":{"a":0,"k":0,"ix":5},"nm":"变换"}],"nm":"message","np":2,"cix":2,"ix":5,"mn":"ADBE Vector Group","hd":false}],"ip":0,"op":361,"st":0,"bm":0},{"ddd":0,"ind":2,"ty":4,"nm":"“notification_text”轮廓","sr":1,"ks":{"o":{"a":0,"k":100,"ix":11},"r":{"a":0,"k":0,"ix":10},"p":{"a":0,"k":[41.25,31.25,0],"ix":2},"a":{"a":0,"k":[5.5,30.25,0],"ix":1},"s":{"a":1,"k":[{"i":{"x":[0.667,0.667,0.667],"y":[1,1,1]},"o":{"x":[0.817,0.817,0.333],"y":[0,0,0]},"n":["0p667_1_0p817_0","0p667_1_0p817_0","0p667_1_0p333_0"],"t":45,"s":[0,0,100],"e":[102,102,100]},{"i":{"x":[0.667,0.667,0.667],"y":[1,1,1]},"o":{"x":[0.333,0.333,0.333],"y":[0,0,0]},"n":["0p667_1_0p333_0","0p667_1_0p333_0","0p667_1_0p333_0"],"t":76,"s":[102,102,100],"e":[90,90,100]},{"i":{"x":[0.667,0.667,0.667],"y":[1,1,1]},"o":{"x":[0.333,0.333,0.333],"y":[0,0,0]},"n":["0p667_1_0p333_0","0p667_1_0p333_0","0p667_1_0p333_0"],"t":87,"s":[90,90,100],"e":[95,95,100]},{"i":{"x":[0.667,0.667,0.667],"y":[1,1,1]},"o":{"x":[0.167,0.167,0.167],"y":[0,0,0]},"n":["0p667_1_0p167_0","0p667_1_0p167_0","0p667_1_0p167_0"],"t":96,"s":[95,95,100],"e":[95,95,100]},{"i":{"x":[0.833,0.833,0.833],"y":[1,1,1]},"o":{"x":[0.167,0.167,0.167],"y":[0,0,0]},"n":["0p833_1_0p167_0","0p833_1_0p167_0","0p833_1_0p167_0"],"t":212,"s":[95,95,100],"e":[0,0,100]},{"t":235}],"ix":6}},"ao":0,"shapes":[{"ty":"gr","it":[{"ind":0,"ty":"sh","ix":1,"ks":{"a":0,"k":{"i":[[0.601,0],[0,0],[0,1.119],[0,0],[0,0],[0,0],[-0.359,0],[0,0],[-0.119,0.266],[-0.066,1.641],[0,0],[0.306,-0.426]],"o":[[0,0],[-1,0],[0,0],[0,0],[0,0],[0,0.467],[0,0],[0.281,0],[0.147,-0.347],[0,0],[-0.12,2.026],[-0.294,0.374]],"v":[[37.219,8.79],[35.74,8.79],[34.24,7.111],[34.24,-8.91],[35.6,-8.91],[35.6,6.831],[36.139,7.531],[36.999,7.531],[37.6,7.131],[37.919,4.15],[39.199,4.551],[38.561,8.23]],"c":true},"ix":2},"nm":"路径 1","mn":"ADBE Vector Shape - Group","hd":false},{"ind":1,"ty":"sh","ix":2,"ks":{"a":0,"k":{"i":[[-0.747,0.253],[0,0],[0.8,-0.227],[0,0],[1.066,0],[0,0],[0,0],[-0.254,0],[0,0.547],[0,0],[1.04,-0.213],[0,0],[-0.907,0.2],[0,0],[-0.507,0.906],[0,0],[0,0],[0,0],[0,0],[0.987,-1.347],[0,0]],"o":[[0,0],[-0.653,0.213],[0,0],[0,1.081],[0,0],[0,0],[0.96,0.066],[0.439,0],[0,0],[-0.507,0.12],[0,0],[0.866,-0.16],[0,0],[0.786,-1.027],[0,0],[0,0],[0,0],[0,0],[-0.426,0.907],[0,0],[0.707,-0.187]],"v":[[33.061,-1.15],[33.061,0.251],[30.88,0.911],[30.88,7.23],[29.281,8.85],[27.38,8.85],[27.079,7.59],[28.9,7.689],[29.561,6.87],[29.561,1.271],[27.24,1.771],[26.9,0.391],[29.561,-0.15],[29.561,-4.23],[31.499,-7.13],[27.38,-7.13],[27.38,-8.41],[32.999,-8.41],[32.999,-7.21],[30.88,-3.829],[30.88,-0.49]],"c":true},"ix":2},"nm":"路径 2","mn":"ADBE Vector Shape - Group","hd":false},{"ind":2,"ty":"sh","ix":3,"ks":{"a":0,"k":{"i":[[0,0],[0,0],[0,0],[0,0]],"o":[[0,0],[0,0],[0,0],[0,0]],"v":[[22.999,4.57],[24.96,4.57],[24.96,-6.27],[22.999,-6.27]],"c":true},"ix":2},"nm":"路径 3","mn":"ADBE Vector Shape - Group","hd":false},{"ind":3,"ty":"sh","ix":4,"ks":{"a":0,"k":{"i":[[0,0],[0,0],[0,0],[0,0],[0,0],[0,0],[0,0],[0,0]],"o":[[0,0],[0,0],[0,0],[0,0],[0,0],[0,0],[0,0],[0,0]],"v":[[26.259,-7.549],[26.259,7.111],[24.96,7.111],[24.96,5.85],[22.999,5.85],[22.999,7.59],[21.68,7.59],[21.68,-7.549]],"c":true},"ix":2},"nm":"路径 4","mn":"ADBE Vector Shape - Group","hd":false},{"ind":4,"ty":"sh","ix":5,"ks":{"a":0,"k":{"i":[[0,0],[0,0],[0,0],[0,0]],"o":[[0,0],[0,0],[0,0],[0,0]],"v":[[6.46,7.111],[15.499,7.111],[15.499,5.751],[6.46,5.751]],"c":true},"ix":2},"nm":"路径 5","mn":"ADBE Vector Shape - Group","hd":false},{"ind":5,"ty":"sh","ix":6,"ks":{"a":0,"k":{"i":[[0,0]],"o":[[0,0]],"v":[[6.46,5.751]],"c":false},"ix":2},"nm":"路径 6","mn":"ADBE Vector Shape - Group","hd":false},{"ind":6,"ty":"sh","ix":7,"ks":{"a":0,"k":{"i":[[0,0],[0,0],[0,0],[0,0]],"o":[[0,0],[0,0],[0,0],[0,0]],"v":[[15.499,0.911],[6.46,0.911],[6.46,2.251],[15.499,2.251]],"c":true},"ix":2},"nm":"路径 7","mn":"ADBE Vector Shape - Group","hd":false},{"ind":7,"ty":"sh","ix":8,"ks":{"a":0,"k":{"i":[[0,0]],"o":[[0,0]],"v":[[15.499,2.251]],"c":false},"ix":2},"nm":"路径 8","mn":"ADBE Vector Shape - Group","hd":false},{"ind":8,"ty":"sh","ix":9,"ks":{"a":0,"k":{"i":[[0,0],[0,0],[0,0],[0,0]],"o":[[0,0],[0,0],[0,0],[0,0]],"v":[[6.46,4.631],[15.499,4.631],[15.499,3.37],[6.46,3.37]],"c":true},"ix":2},"nm":"路径 9","mn":"ADBE Vector Shape - Group","hd":false},{"ind":9,"ty":"sh","ix":10,"ks":{"a":0,"k":{"i":[[0,0]],"o":[[0,0]],"v":[[6.46,3.37]],"c":false},"ix":2},"nm":"路径 10","mn":"ADBE Vector Shape - Group","hd":false},{"ind":10,"ty":"sh","ix":11,"ks":{"a":0,"k":{"i":[[0,0],[0,0],[-0.334,0.786],[2.281,0],[0,0],[-3.747,0.76],[0,0],[2.559,-0.2],[0.24,-0.6],[0,0],[0,0],[0,0],[0.346,-0.587],[0,0],[0,0],[0,0],[0.333,-0.387],[0,0],[0,0],[0,0],[0,0],[0,0],[0,0],[0,0],[0,0],[1.161,-0.787],[0,0],[-1.401,1.653],[0,0],[0,0],[0,0],[-0.252,0.427],[0,0]],"o":[[0,0],[0.08,-0.187],[-1.96,0.12],[0,0],[5.667,0],[0,0],[-1.854,0.413],[-0.148,0.44],[0,0],[0,0],[0,0],[-0.16,0.32],[0,0],[0,0],[0,0],[-0.401,0.533],[0,0],[0,0],[0,0],[0,0],[0,0],[0,0],[0,0],[0,0],[-1.093,0.987],[0,0],[2.2,-1.493],[0,0],[0,0],[0,0],[0.333,-0.48],[0,0],[0,0]],"v":[[2.521,-5.529],[8.861,-5.529],[9.48,-6.99],[3.12,-6.809],[2.7,-8.01],[16.82,-9.15],[17.48,-8.01],[10.861,-7.089],[10.281,-5.529],[17.719,-5.529],[17.719,-4.29],[9.699,-4.29],[8.941,-2.93],[18.88,-2.93],[18.88,-1.649],[8.061,-1.649],[6.96,-0.27],[16.88,-0.27],[16.88,9.15],[15.499,9.15],[15.499,8.29],[6.46,8.29],[6.46,9.15],[5.079,9.15],[5.079,1.65],[1.7,4.311],[0.92,3.07],[6.32,-1.649],[1.441,-1.649],[1.441,-2.93],[7.32,-2.93],[8.199,-4.29],[2.521,-4.29]],"c":true},"ix":2},"nm":"路径 11","mn":"ADBE Vector Shape - Group","hd":false},{"ind":11,"ty":"sh","ix":12,"ks":{"a":0,"k":{"i":[[0,0],[0,0],[0,0],[0,0]],"o":[[0,0],[0,0],[0,0],[0,0]],"v":[[-13.54,7.111],[-4.501,7.111],[-4.501,5.751],[-13.54,5.751]],"c":true},"ix":2},"nm":"路径 12","mn":"ADBE Vector Shape - Group","hd":false},{"ind":12,"ty":"sh","ix":13,"ks":{"a":0,"k":{"i":[[0,0]],"o":[[0,0]],"v":[[-13.54,5.751]],"c":false},"ix":2},"nm":"路径 13","mn":"ADBE Vector Shape - Group","hd":false},{"ind":13,"ty":"sh","ix":14,"ks":{"a":0,"k":{"i":[[0,0],[0,0],[0,0],[0,0]],"o":[[0,0],[0,0],[0,0],[0,0]],"v":[[-4.501,0.911],[-13.54,0.911],[-13.54,2.251],[-4.501,2.251]],"c":true},"ix":2},"nm":"路径 14","mn":"ADBE Vector Shape - Group","hd":false},{"ind":14,"ty":"sh","ix":15,"ks":{"a":0,"k":{"i":[[0,0]],"o":[[0,0]],"v":[[-4.501,2.251]],"c":false},"ix":2},"nm":"路径 15","mn":"ADBE Vector Shape - Group","hd":false},{"ind":15,"ty":"sh","ix":16,"ks":{"a":0,"k":{"i":[[0,0],[0,0],[0,0],[0,0]],"o":[[0,0],[0,0],[0,0],[0,0]],"v":[[-13.54,4.631],[-4.501,4.631],[-4.501,3.37],[-13.54,3.37]],"c":true},"ix":2},"nm":"路径 16","mn":"ADBE Vector Shape - Group","hd":false},{"ind":16,"ty":"sh","ix":17,"ks":{"a":0,"k":{"i":[[0,0]],"o":[[0,0]],"v":[[-13.54,3.37]],"c":false},"ix":2},"nm":"路径 17","mn":"ADBE Vector Shape - Group","hd":false},{"ind":17,"ty":"sh","ix":18,"ks":{"a":0,"k":{"i":[[0,0],[0,0],[-0.333,0.786],[2.28,0],[0,0],[-3.747,0.76],[0,0],[2.56,-0.2],[0.239,-0.6],[0,0],[0,0],[0,0],[0.347,-0.587],[0,0],[0,0],[0,0],[0.334,-0.387],[0,0],[0,0],[0,0],[0,0],[0,0],[0,0],[0,0],[0,0],[1.16,-0.787],[0,0],[-1.401,1.653],[0,0],[0,0],[0,0],[-0.253,0.427],[0,0]],"o":[[0,0],[0.08,-0.187],[-1.96,0.12],[0,0],[5.667,0],[0,0],[-1.854,0.413],[-0.146,0.44],[0,0],[0,0],[0,0],[-0.16,0.32],[0,0],[0,0],[0,0],[-0.4,0.533],[0,0],[0,0],[0,0],[0,0],[0,0],[0,0],[0,0],[0,0],[-1.093,0.987],[0,0],[2.2,-1.493],[0,0],[0,0],[0,0],[0.333,-0.48],[0,0],[0,0]],"v":[[-17.48,-5.529],[-11.141,-5.529],[-10.521,-6.99],[-16.88,-6.809],[-17.301,-8.01],[-3.18,-9.15],[-2.52,-8.01],[-9.141,-7.089],[-9.719,-5.529],[-2.281,-5.529],[-2.281,-4.29],[-10.301,-4.29],[-11.061,-2.93],[-1.12,-2.93],[-1.12,-1.649],[-11.941,-1.649],[-13.04,-0.27],[-3.12,-0.27],[-3.12,9.15],[-4.501,9.15],[-4.501,8.29],[-13.54,8.29],[-13.54,9.15],[-14.921,9.15],[-14.921,1.65],[-18.301,4.311],[-19.081,3.07],[-13.68,-1.649],[-18.561,-1.649],[-18.561,-2.93],[-12.68,-2.93],[-11.801,-4.29],[-17.48,-4.29]],"c":true},"ix":2},"nm":"路径 18","mn":"ADBE Vector Shape - Group","hd":false},{"ind":18,"ty":"sh","ix":19,"ks":{"a":0,"k":{"i":[[-1.213,2.253],[0,0],[0,0],[0,0],[0,0],[0,0],[0,0],[0,0],[0,0],[0,0],[0,0],[0,0],[0,0],[0,0],[0,0],[0,0],[-0.574,1.626],[0,0],[0.746,-1.174],[0,0],[0,0],[0,0],[-3.414,-1.787],[0,0],[1.427,2.706],[0,0],[0,0],[0,0],[0,0],[0,0],[3.8,-2.066],[0,0]],"o":[[0,0],[0,0],[0,0],[0,0],[0,0],[0,0],[0,0],[0,0],[0,0],[0,0],[0,0],[0,0],[0,0],[0,0],[0,0],[0.759,-1.32],[0,0],[-0.573,1.44],[0,0],[0,0],[0,0],[1.413,2.267],[0,0],[-3.533,-2.172],[0,0],[0,0],[0,0],[0,0],[0,0],[-1.28,2.826],[0,0],[3.613,-1.786]],"v":[[-31.96,0.951],[-38.641,0.951],[-38.641,-0.43],[-30.66,-0.43],[-30.66,-5.449],[-37.861,-5.449],[-37.861,-6.829],[-30.66,-6.829],[-30.66,-9.13],[-29.18,-9.13],[-29.18,-6.829],[-21.82,-6.829],[-21.82,-5.449],[-29.18,-5.449],[-29.18,-0.43],[-27.18,-0.43],[-25.18,-4.85],[-23.781,-4.35],[-25.76,-0.43],[-21.24,-0.43],[-21.24,0.951],[-27.921,0.951],[-20.68,7.031],[-21.661,8.27],[-29.1,0.951],[-29.18,0.951],[-29.18,9.09],[-30.66,9.09],[-30.66,0.951],[-30.781,0.951],[-38.4,8.29],[-39.199,7.01]],"c":true},"ix":2},"nm":"路径 19","mn":"ADBE Vector Shape - Group","hd":false},{"ind":19,"ty":"sh","ix":20,"ks":{"a":0,"k":{"i":[[0,0],[-0.613,-1.253],[0,0],[0.72,1.053]],"o":[[0.641,1],[0,0],[-0.547,-1.213],[0,0]],"v":[[-34.861,-4.669],[-32.98,-1.29],[-34.219,-0.669],[-36.12,-4.07]],"c":true},"ix":2},"nm":"路径 20","mn":"ADBE Vector Shape - Group","hd":false},{"ty":"mm","mm":1,"nm":"合并路径 1","mn":"ADBE Vector Filter - Merge","hd":false},{"ty":"fl","c":{"a":0,"k":[0.276192190133,0.27619117288,0.276192369648,1],"ix":4},"o":{"a":0,"k":100,"ix":5},"r":1,"nm":"填充 1","mn":"ADBE Vector Graphic - Fill","hd":false},{"ty":"tr","p":{"a":0,"k":[55.92,14.87],"ix":2},"a":{"a":0,"k":[0,0],"ix":1},"s":{"a":0,"k":[100,100],"ix":3},"r":{"a":0,"k":0,"ix":6},"o":{"a":0,"k":100,"ix":7},"sk":{"a":0,"k":0,"ix":4},"sa":{"a":0,"k":0,"ix":5},"nm":"变换"}],"nm":"组 1","np":22,"cix":2,"ix":1,"mn":"ADBE Vector Group","hd":false},{"ty":"gr","it":[{"ind":0,"ty":"sh","ix":1,"ks":{"a":0,"k":{"i":[[0,0],[0,-4.962],[0,0],[3.161,-2.299],[-0.169,-0.52],[-0.835,0],[0,0],[0,4.963],[0,0],[4.963,0]],"o":[[-4.962,0],[0,0],[0,3.909],[-0.676,0.491],[0.169,0.52],[0,0],[4.963,0],[0,0],[0,-4.962],[0,0]],"v":[[-32.543,-14],[-41.543,-5],[-41.543,1.267],[-46.591,11.181],[-47.157,12.923],[-45.674,14],[38.457,14],[47.457,5],[47.457,-5],[38.457,-14]],"c":true},"ix":2},"nm":"路径 1","mn":"ADBE Vector Shape - Group","hd":false},{"ind":1,"ty":"sh","ix":2,"ks":{"a":0,"k":{"i":[[5.514,0],[0,0],[0.349,1.075],[-0.913,0.664],[0,3.589],[0,0],[-5.514,0],[0,0],[0,-5.514],[0,0]],"o":[[0,0],[-1.13,0],[-0.349,-1.073],[2.903,-2.111],[0,0],[0,-5.514],[0,0],[5.514,0],[0,0],[0,5.514]],"v":[[38.457,15],[-45.674,15],[-48.108,13.232],[-47.179,10.372],[-42.543,1.267],[-42.543,-5],[-32.543,-15],[38.457,-15],[48.457,-5],[48.457,5]],"c":true},"ix":2},"nm":"路径 2","mn":"ADBE Vector Shape - Group","hd":false},{"ty":"mm","mm":1,"nm":"合并路径 1","mn":"ADBE Vector Filter - Merge","hd":false},{"ty":"fl","c":{"a":0,"k":[0.276192190133,0.27619117288,0.276192369648,1],"ix":4},"o":{"a":0,"k":100,"ix":5},"r":1,"nm":"填充 1","mn":"ADBE Vector Graphic - Fill","hd":false},{"ty":"tr","p":{"a":0,"k":[53.543,15],"ix":2},"a":{"a":0,"k":[0,0],"ix":1},"s":{"a":0,"k":[100,100],"ix":3},"r":{"a":0,"k":0,"ix":6},"o":{"a":0,"k":100,"ix":7},"sk":{"a":0,"k":0,"ix":4},"sa":{"a":0,"k":0,"ix":5},"nm":"变换"}],"nm":"组 2","np":4,"cix":2,"ix":2,"mn":"ADBE Vector Group","hd":false},{"ty":"gr","it":[{"ind":0,"ty":"sh","ix":1,"ks":{"a":0,"k":{"i":[[0,0],[-5.247,0],[0,0],[0,-5.247],[0,0],[5.247,0],[0,0],[0,0],[-1.613,1.173],[0,3.762]],"o":[[0,-5.247],[0,0],[5.247,0],[0,0],[0,5.247],[0,0],[0,0],[-1.994,0],[3.042,-2.213],[0,0]],"v":[[-41.773,-5],[-32.273,-14.5],[38.728,-14.5],[48.228,-5],[48.228,5],[38.728,14.5],[-42.273,14.5],[-45.404,14.5],[-46.615,10.776],[-41.773,1.267]],"c":true},"ix":2},"nm":"路径 1","mn":"ADBE Vector Shape - Group","hd":false},{"ty":"fl","c":{"a":0,"k":[1,0.999998922909,1,1],"ix":4},"o":{"a":0,"k":100,"ix":5},"r":1,"nm":"填充 1","mn":"ADBE Vector Graphic - Fill","hd":false},{"ty":"tr","p":{"a":0,"k":[53.272,15],"ix":2},"a":{"a":0,"k":[0,0],"ix":1},"s":{"a":0,"k":[100,100],"ix":3},"r":{"a":0,"k":0,"ix":6},"o":{"a":0,"k":100,"ix":7},"sk":{"a":0,"k":0,"ix":4},"sa":{"a":0,"k":0,"ix":5},"nm":"变换"}],"nm":"组 3","np":2,"cix":2,"ix":3,"mn":"ADBE Vector Group","hd":false}],"ip":0,"op":360,"st":0,"bm":0}],"markers":[]}