{"v":"5.8.1","fr":60,"ip":0,"op":300,"w":72,"h":72,"nm":"lottie_tips_love_article_light 2","ddd":0,"assets":[{"id":"comp_0","nm":"action_icon_like_big_normal_light","fr":60,"layers":[{"ddd":0,"ind":1,"ty":4,"nm":"Vector (Stroke)","sr":1,"ks":{"o":{"a":0,"k":100,"ix":11},"r":{"a":0,"k":0,"ix":10},"p":{"a":0,"k":[36.75,36.75,0],"ix":2,"l":2},"a":{"a":0,"k":[0,0,0],"ix":1,"l":2},"s":{"a":0,"k":[150,150,100],"ix":6,"l":2}},"ao":0,"shapes":[{"ty":"gr","it":[{"ind":0,"ty":"sh","ix":1,"ks":{"a":0,"k":{"i":[[4.344,0],[1.953,-2.251],[0,-3.474],[-1.846,-2.845],[-2.381,-2.211],[-1.778,-1.289],[-0.525,-0.35],[-0.144,-0.093],[-0.039,-0.025],[0,0],[0,0],[0,0],[-1.057,1.698],[-0.001,0],[0,0],[0,0],[0,0],[-0.072,0.046],[-0.263,0.174],[-0.891,0.642],[-2.389,2.213],[-1.857,2.866],[0,3.387],[1.922,2.215],[3.27,0],[2.124,-2.59]],"o":[[-3.27,0],[-1.922,2.215],[0,3.366],[1.856,2.86],[2.388,2.218],[0.891,0.646],[0.263,0.175],[0.072,0.046],[0,0],[0,0],[0,0],[0.001,0],[1.051,1.702],[0,0],[0,0],[0,0],[0.039,-0.025],[0.144,-0.092],[0.525,-0.347],[1.779,-1.282],[2.382,-2.206],[1.848,-2.852],[0,-3.474],[-1.953,-2.251],[-4.344,0],[-2.124,-2.59]],"v":[[-9.642,-18.5],[-17.663,-15.09],[-20.5,-6.346],[-17.287,3.091],[-10.611,10.79],[-4.064,16.143],[-1.904,17.647],[-1.289,18.05],[-1.122,18.157],[-1.076,18.186],[-1.063,18.194],[-1.058,18.197],[0,16.5],[1.052,18.201],[1.057,18.198],[1.07,18.19],[1.116,18.161],[1.284,18.055],[1.898,17.655],[4.06,16.159],[10.609,10.828],[17.288,3.13],[20.5,-6.346],[17.663,-15.09],[9.642,-18.5],[0,-13.63]],"c":true},"ix":2},"nm":"Path 1","mn":"ADBE Vector Shape - Group","hd":false},{"ind":1,"ty":"sh","ix":2,"ks":{"a":0,"k":{"i":[[0.645,0.401],[0,0],[0,0]],"o":[[0,0],[0,0],[-0.646,0.399]],"v":[[-1.057,18.198],[0,16.5],[1.051,18.202]],"c":true},"ix":2},"nm":"Path 2","mn":"ADBE Vector Shape - Group","hd":false},{"ind":2,"ty":"sh","ix":3,"ks":{"a":0,"k":{"i":[[1.69,-1.217],[0.456,-0.306],[0.678,0.491],[2.237,2.077],[1.613,2.485],[0,2.298],[-1.12,1.291],[-2.28,0],[-1.607,-2.859],[-0.723,0],[-0.354,0.63],[-3.66,0],[-1.088,-1.255],[0,-2.809],[1.621,-2.502],[2.243,-2.078]],"o":[[-0.677,0.487],[-0.457,-0.309],[-1.69,-1.225],[-2.244,-2.084],[-1.622,-2.5],[0,-2.809],[1.088,-1.255],[3.66,0],[0.354,0.63],[0.723,0],[1.607,-2.859],[2.28,0],[1.12,1.291],[0,2.324],[-1.612,2.488],[-2.236,2.071]],"v":[[1.722,12.914],[0.004,14.11],[-1.717,12.904],[-7.889,7.859],[-13.932,0.914],[-16.5,-6.346],[-14.642,-12.469],[-9.642,-14.5],[-1.743,-9.11],[0,-8.09],[1.743,-9.11],[9.642,-14.5],[14.642,-12.469],[16.5,-6.346],[13.931,0.955],[7.891,7.893]],"c":true},"ix":2},"nm":"Path 3","mn":"ADBE Vector Shape - Group","hd":false},{"ty":"mm","mm":1,"nm":"Merge Paths 1","mn":"ADBE Vector Filter - Merge","hd":false},{"ty":"fl","c":{"a":0,"k":[0.180392156863,0.180392156863,0.180392156863,1],"ix":4},"o":{"a":0,"k":100,"ix":5},"r":1,"bm":0,"nm":"Fill 1","mn":"ADBE Vector Graphic - Fill","hd":false},{"ty":"tr","p":{"a":0,"k":[0,0],"ix":2},"a":{"a":0,"k":[0,0],"ix":1},"s":{"a":0,"k":[100,100],"ix":3},"r":{"a":0,"k":0,"ix":6},"o":{"a":0,"k":100,"ix":7},"sk":{"a":0,"k":0,"ix":4},"sa":{"a":0,"k":0,"ix":5},"nm":"Transform"}],"nm":"Vector (Stroke)","np":5,"cix":2,"bm":0,"ix":1,"mn":"ADBE Vector Group","hd":false}],"ip":0,"op":300,"st":0,"bm":0}]}],"layers":[{"ddd":0,"ind":1,"ty":0,"nm":"action_icon_like_big_normal_light","refId":"comp_0","sr":1,"ks":{"o":{"a":0,"k":100,"ix":11},"r":{"a":1,"k":[{"i":{"x":[0.833],"y":[0.744]},"o":{"x":[0.167],"y":[0.256]},"t":60,"s":[0],"e":[15]},{"i":{"x":[0.833],"y":[0.706]},"o":{"x":[0.167],"y":[0.294]},"t":70,"s":[15],"e":[-15]},{"i":{"x":[0.833],"y":[0.7]},"o":{"x":[0.167],"y":[0.3]},"t":79,"s":[-15],"e":[10]},{"i":{"x":[0.833],"y":[0.784]},"o":{"x":[0.167],"y":[0.216]},"t":88,"s":[10],"e":[-10]},{"i":{"x":[0.833],"y":[0.629]},"o":{"x":[0.167],"y":[0.158]},"t":97,"s":[-10],"e":[8]},{"i":{"x":[0.833],"y":[0.726]},"o":{"x":[0.167],"y":[0.274]},"t":105,"s":[8],"e":[-6]},{"i":{"x":[0.833],"y":[0.586]},"o":{"x":[0.167],"y":[0.414]},"t":113,"s":[-6],"e":[0]},{"t":120}],"ix":10},"p":{"a":1,"k":[{"i":{"x":0.75,"y":1},"o":{"x":0.25,"y":0},"t":51,"s":[36,36,0],"e":[36,32,0],"to":[0,-0.667,0],"ti":[0,0.667,0]},{"i":{"x":0.75,"y":0.75},"o":{"x":0.25,"y":0.25},"t":60,"s":[36,32,0],"e":[36,32,0],"to":[0,0,0],"ti":[0,0,0]},{"i":{"x":0.833,"y":1},"o":{"x":0.25,"y":0},"t":120,"s":[36,32,0],"e":[36,36,0],"to":[0,0.667,0],"ti":[0,-0.667,0]},{"t":129}],"ix":2,"l":2},"a":{"a":0,"k":[36,36,0],"ix":1,"l":2},"s":{"a":0,"k":[100,100,100],"ix":6,"l":2}},"ao":0,"w":72,"h":72,"ip":0,"op":300,"st":0,"bm":0}],"markers":[]}