{"v":"5.1.9","fr":60,"ip":29,"op":90,"w":120,"h":136,"nm":"video_action_icon_recommend_normal","ddd":0,"assets":[{"id":"comp_1","layers":[{"ddd":0,"ind":1,"ty":4,"nm":"Shape Layer 18","sr":1,"ks":{"o":{"a":0,"k":100,"ix":11},"r":{"a":0,"k":-29.512,"ix":10},"p":{"a":0,"k":[308.078,278.585,0],"ix":2},"a":{"a":0,"k":[169.346,175.25,0],"ix":1},"s":{"a":0,"k":[34,34,100],"ix":6}},"ao":0,"shapes":[{"ty":"gr","it":[{"ind":0,"ty":"sh","ix":1,"ks":{"a":0,"k":{"i":[[-65.5,-20],[19,-32],[12.236,7.835],[-23.953,13.995],[24,-29]],"o":[[65.5,20],[-9.521,16.035],[-14.265,-9.134],[40.958,-23.931],[-24.355,29.429]],"v":[[116.5,109],[208,200],[168.246,210.116],[170,164],[213,241.5]],"c":false},"ix":2},"nm":"Path 1","mn":"ADBE Vector Shape - Group","hd":false},{"ty":"st","c":{"a":0,"k":[0.180392156863,0.733333333333,0.898039275525,1],"ix":3},"o":{"a":0,"k":100,"ix":4},"w":{"a":0,"k":30,"ix":5},"lc":2,"lj":1,"ml":4,"nm":"Stroke 1","mn":"ADBE Vector Graphic - Stroke","hd":false},{"ty":"tr","p":{"a":0,"k":[0,0],"ix":2},"a":{"a":0,"k":[0,0],"ix":1},"s":{"a":0,"k":[100,100],"ix":3},"r":{"a":0,"k":0,"ix":6},"o":{"a":0,"k":100,"ix":7},"sk":{"a":0,"k":0,"ix":4},"sa":{"a":0,"k":0,"ix":5},"nm":"变换"}],"nm":"Shape 1","np":3,"cix":2,"ix":1,"mn":"ADBE Vector Group","hd":false},{"ty":"tm","s":{"a":1,"k":[{"i":{"x":[0],"y":[1]},"o":{"x":[0.008],"y":[0]},"n":["0_1_0p008_0"],"t":28,"s":[0],"e":[100]},{"t":48}],"ix":1},"e":{"a":1,"k":[{"i":{"x":[0],"y":[1]},"o":{"x":[0.008],"y":[0]},"n":["0_1_0p008_0"],"t":18,"s":[0],"e":[100]},{"t":38}],"ix":2},"o":{"a":0,"k":0,"ix":3},"m":1,"ix":2,"nm":"Trim Paths 1","mn":"ADBE Vector Filter - Trim","hd":false}],"ip":18,"op":186,"st":18,"bm":0},{"ddd":0,"ind":12,"ty":4,"nm":"Shape Layer 5","sr":1,"ks":{"o":{"a":0,"k":100,"ix":11},"r":{"a":1,"k":[{"i":{"x":[0],"y":[1]},"o":{"x":[0.333],"y":[0]},"n":["0_1_0p333_0"],"t":16,"s":[0],"e":[-272]},{"t":56}],"ix":10},"p":{"a":1,"k":[{"i":{"x":0.097,"y":1},"o":{"x":0.021,"y":0},"n":"0p097_1_0p021_0","t":16,"s":[209.565,203.886,0],"e":[190.565,128.386,0],"to":[0,0,0],"ti":[0,0,0]},{"t":56}],"ix":2},"a":{"a":0,"k":[-199.868,-193.543,0],"ix":1},"s":{"a":1,"k":[{"i":{"x":[0.667,0.667,0.667],"y":[1,1,1]},"o":{"x":[0.333,0.333,0.333],"y":[0,0,0]},"n":["0p667_1_0p333_0","0p667_1_0p333_0","0p667_1_0p333_0"],"t":16,"s":[0,0,100],"e":[48,48,100]},{"i":{"x":[0.667,0.667,0.667],"y":[1,1,1]},"o":{"x":[0.333,0.333,0.333],"y":[0,0,0]},"n":["0p667_1_0p333_0","0p667_1_0p333_0","0p667_1_0p333_0"],"t":36,"s":[48,48,100],"e":[0,0,100]},{"t":56}],"ix":6}},"ao":0,"shapes":[{"ty":"gr","it":[{"ty":"sr","sy":1,"d":1,"pt":{"a":0,"k":5,"ix":3},"p":{"a":0,"k":[0,0],"ix":4},"r":{"a":0,"k":0,"ix":5},"ir":{"a":0,"k":18.99,"ix":6},"is":{"a":0,"k":0,"ix":8},"or":{"a":0,"k":36.482,"ix":7},"os":{"a":0,"k":0,"ix":9},"ix":1,"nm":"Polystar Path 1","mn":"ADBE Vector Shape - Star","hd":false},{"ty":"st","c":{"a":0,"k":[0.496553009632,0.496553009632,0.496553009632,1],"ix":3},"o":{"a":0,"k":100,"ix":4},"w":{"a":0,"k":0,"ix":5},"lc":1,"lj":1,"ml":4,"nm":"Stroke 1","mn":"ADBE Vector Graphic - Stroke","hd":false},{"ty":"fl","c":{"a":0,"k":[0.180392156863,0.733333333333,0.898039275525,1],"ix":4},"o":{"a":0,"k":100,"ix":5},"r":1,"nm":"Fill 1","mn":"ADBE Vector Graphic - Fill","hd":false},{"ty":"tr","p":{"a":0,"k":[-199.5,-193],"ix":2},"a":{"a":0,"k":[0,0],"ix":1},"s":{"a":0,"k":[100,100],"ix":3},"r":{"a":0,"k":0,"ix":6},"o":{"a":0,"k":100,"ix":7},"sk":{"a":0,"k":0,"ix":4},"sa":{"a":0,"k":0,"ix":5},"nm":"变换"}],"nm":"Polystar 1","np":3,"cix":2,"ix":1,"mn":"ADBE Vector Group","hd":false}],"ip":16,"op":184,"st":16,"bm":0},{"ddd":0,"ind":14,"ty":4,"nm":"Shape Layer 4","sr":1,"ks":{"o":{"a":0,"k":100,"ix":11},"r":{"a":0,"k":0,"ix":10},"p":{"a":1,"k":[{"i":{"x":0,"y":1},"o":{"x":0.013,"y":0},"n":"0_1_0p013_0","t":30,"s":[276.52,263.945,0],"e":[293.52,263.945,0],"to":[8.47999572753906,-3.94476318359375,0],"ti":[0,0,0]},{"t":60}],"ix":2},"a":{"a":0,"k":[-3.5,-7.486,0],"ix":1},"s":{"a":0,"k":[34,34,100],"ix":6}},"ao":0,"shapes":[{"ty":"gr","it":[{"ind":0,"ty":"sh","ix":1,"ks":{"a":0,"k":{"i":[[0,0],[-75,-31.5]],"o":[[0,0],[21.029,8.832]],"v":[[-84.5,-8.5],[77.5,1]],"c":false},"ix":2},"nm":"Path 1","mn":"ADBE Vector Shape - Group","hd":false},{"ty":"st","c":{"a":0,"k":[0.12956904991,0.894960171569,0.609837909773,1],"ix":3},"o":{"a":0,"k":100,"ix":4},"w":{"a":0,"k":35,"ix":5},"lc":2,"lj":1,"ml":4,"nm":"Stroke 1","mn":"ADBE Vector Graphic - Stroke","hd":false},{"ty":"tr","p":{"a":0,"k":[0,0],"ix":2},"a":{"a":0,"k":[0,0],"ix":1},"s":{"a":0,"k":[100,100],"ix":3},"r":{"a":0,"k":0,"ix":6},"o":{"a":0,"k":100,"ix":7},"sk":{"a":0,"k":0,"ix":4},"sa":{"a":0,"k":0,"ix":5},"nm":"变换"}],"nm":"Shape 1","np":3,"cix":2,"ix":1,"mn":"ADBE Vector Group","hd":false},{"ty":"tm","s":{"a":1,"k":[{"i":{"x":[0],"y":[1]},"o":{"x":[0.008],"y":[0]},"n":["0_1_0p008_0"],"t":40,"s":[0],"e":[100]},{"t":60}],"ix":1},"e":{"a":1,"k":[{"i":{"x":[0],"y":[1]},"o":{"x":[0.008],"y":[0]},"n":["0_1_0p008_0"],"t":30,"s":[0],"e":[100]},{"t":50}],"ix":2},"o":{"a":0,"k":0,"ix":3},"m":1,"ix":2,"nm":"Trim Paths 1","mn":"ADBE Vector Filter - Trim","hd":false}],"ip":30,"op":178,"st":10,"bm":0},{"ddd":0,"ind":15,"ty":4,"nm":"Shape Layer 3","sr":1,"ks":{"o":{"a":0,"k":100,"ix":11},"r":{"a":0,"k":0,"ix":10},"p":{"a":1,"k":[{"i":{"x":0,"y":1},"o":{"x":0.013,"y":0},"n":"0_1_0p013_0","t":28,"s":[282.81,236.655,0],"e":[298.31,229.155,0],"to":[0,0,0],"ti":[0,0,0]},{"t":58}],"ix":2},"a":{"a":0,"k":[-2,-47.75,0],"ix":1},"s":{"a":0,"k":[34,34,100],"ix":6}},"ao":0,"shapes":[{"ty":"gr","it":[{"ind":0,"ty":"sh","ix":1,"ks":{"a":0,"k":{"i":[[0,0],[-44.896,21.9]],"o":[[0,0],[20.5,-10]],"v":[[-69.794,-12.176],[80.5,-87]],"c":false},"ix":2},"nm":"Path 1","mn":"ADBE Vector Shape - Group","hd":false},{"ty":"st","c":{"a":0,"k":[1,0.839215746113,0.298039215686,1],"ix":3},"o":{"a":0,"k":100,"ix":4},"w":{"a":0,"k":35,"ix":5},"lc":2,"lj":1,"ml":4,"nm":"Stroke 1","mn":"ADBE Vector Graphic - Stroke","hd":false},{"ty":"tr","p":{"a":0,"k":[0,0],"ix":2},"a":{"a":0,"k":[0,0],"ix":1},"s":{"a":0,"k":[100,100],"ix":3},"r":{"a":0,"k":0,"ix":6},"o":{"a":0,"k":100,"ix":7},"sk":{"a":0,"k":0,"ix":4},"sa":{"a":0,"k":0,"ix":5},"nm":"变换"}],"nm":"Shape 1","np":3,"cix":2,"ix":1,"mn":"ADBE Vector Group","hd":false},{"ty":"tm","s":{"a":1,"k":[{"i":{"x":[0],"y":[1]},"o":{"x":[0.008],"y":[0]},"n":["0_1_0p008_0"],"t":38,"s":[0],"e":[100]},{"t":58}],"ix":1},"e":{"a":1,"k":[{"i":{"x":[0],"y":[1]},"o":{"x":[0.008],"y":[0]},"n":["0_1_0p008_0"],"t":28,"s":[0],"e":[100]},{"t":48}],"ix":2},"o":{"a":0,"k":0,"ix":3},"m":1,"ix":2,"nm":"Trim Paths 1","mn":"ADBE Vector Filter - Trim","hd":false}],"ip":28,"op":176,"st":8,"bm":0},{"ddd":0,"ind":17,"ty":4,"nm":"Shape Layer 2","sr":1,"ks":{"o":{"a":0,"k":100,"ix":11},"r":{"a":0,"k":0,"ix":10},"p":{"a":1,"k":[{"i":{"x":0,"y":1},"o":{"x":0.013,"y":0},"n":"0_1_0p013_0","t":22,"s":[248.895,235.295,0],"e":[259.895,226.295,0],"to":[0,0,0],"ti":[0,0,0]},{"t":52}],"ix":2},"a":{"a":0,"k":[-44.75,-43.75,0],"ix":1},"s":{"a":0,"k":[34,34,100],"ix":6}},"ao":0,"shapes":[{"ty":"gr","it":[{"ind":0,"ty":"sh","ix":1,"ks":{"a":0,"k":{"i":[[0,0],[-37.5,33]],"o":[[0,0],[75.035,-66.031]],"v":[[-76.412,-16.588],[-5,-79]],"c":false},"ix":2},"nm":"Path 1","mn":"ADBE Vector Shape - Group","hd":false},{"ty":"st","c":{"a":0,"k":[1,0.267064921061,0.52231241862,1],"ix":3},"o":{"a":0,"k":100,"ix":4},"w":{"a":0,"k":35,"ix":5},"lc":2,"lj":1,"ml":4,"nm":"Stroke 1","mn":"ADBE Vector Graphic - Stroke","hd":false},{"ty":"tr","p":{"a":0,"k":[0,0],"ix":2},"a":{"a":0,"k":[0,0],"ix":1},"s":{"a":0,"k":[100,100],"ix":3},"r":{"a":0,"k":0,"ix":6},"o":{"a":0,"k":100,"ix":7},"sk":{"a":0,"k":0,"ix":4},"sa":{"a":0,"k":0,"ix":5},"nm":"变换"}],"nm":"Shape 1","np":3,"cix":2,"ix":1,"mn":"ADBE Vector Group","hd":false},{"ty":"tm","s":{"a":1,"k":[{"i":{"x":[0],"y":[1]},"o":{"x":[0.008],"y":[0]},"n":["0_1_0p008_0"],"t":32,"s":[0],"e":[100]},{"t":52}],"ix":1},"e":{"a":1,"k":[{"i":{"x":[0],"y":[1]},"o":{"x":[0.008],"y":[0]},"n":["0_1_0p008_0"],"t":22,"s":[0],"e":[100]},{"t":42}],"ix":2},"o":{"a":0,"k":0,"ix":3},"m":1,"ix":2,"nm":"Trim Paths 1","mn":"ADBE Vector Filter - Trim","hd":false}],"ip":22,"op":170,"st":2,"bm":0},{"ddd":0,"ind":19,"ty":4,"nm":"Shape Layer 1","sr":1,"ks":{"o":{"a":0,"k":100,"ix":11},"r":{"a":0,"k":0,"ix":10},"p":{"a":1,"k":[{"i":{"x":0,"y":1},"o":{"x":0.013,"y":0},"n":"0_1_0p013_0","t":26,"s":[226.517,216.34,0],"e":[223.517,200.84,0],"to":[0,0,0],"ti":[6.48329162597656,6.41000366210938,0]},{"t":56}],"ix":2},"a":{"a":0,"k":[-69.069,-99,0],"ix":1},"s":{"a":0,"k":[34,34,100],"ix":6}},"ao":0,"shapes":[{"ty":"gr","it":[{"ind":0,"ty":"sh","ix":1,"ks":{"a":0,"k":{"i":[[0,0],[22,97.5]],"o":[[0,0],[-22,-97.5]],"v":[[-79.353,-33.5],[-59.5,-189.5]],"c":false},"ix":2},"nm":"Path 1","mn":"ADBE Vector Shape - Group","hd":false},{"ty":"st","c":{"a":0,"k":[0.180392156863,0.733333333333,0.898039275525,1],"ix":3},"o":{"a":0,"k":100,"ix":4},"w":{"a":0,"k":35,"ix":5},"lc":2,"lj":1,"ml":4,"nm":"Stroke 1","mn":"ADBE Vector Graphic - Stroke","hd":false},{"ty":"tr","p":{"a":0,"k":[0,0],"ix":2},"a":{"a":0,"k":[0,0],"ix":1},"s":{"a":0,"k":[100,100],"ix":3},"r":{"a":0,"k":0,"ix":6},"o":{"a":0,"k":100,"ix":7},"sk":{"a":0,"k":0,"ix":4},"sa":{"a":0,"k":0,"ix":5},"nm":"变换"}],"nm":"Shape 1","np":3,"cix":2,"ix":1,"mn":"ADBE Vector Group","hd":false},{"ty":"tm","s":{"a":1,"k":[{"i":{"x":[0],"y":[1]},"o":{"x":[0.008],"y":[0]},"n":["0_1_0p008_0"],"t":36,"s":[0],"e":[100]},{"t":56}],"ix":1},"e":{"a":1,"k":[{"i":{"x":[0],"y":[1]},"o":{"x":[0.008],"y":[0]},"n":["0_1_0p008_0"],"t":26,"s":[0],"e":[100]},{"t":46}],"ix":2},"o":{"a":0,"k":0,"ix":3},"m":1,"ix":2,"nm":"Trim Paths 1","mn":"ADBE Vector Filter - Trim","hd":false}],"ip":30,"op":194,"st":26,"bm":0},{"ddd":0,"ind":20,"ty":4,"nm":"Shape Layer 7","sr":1,"ks":{"o":{"a":0,"k":100,"ix":11},"r":{"a":0,"k":0,"ix":10},"p":{"a":1,"k":[{"i":{"x":0,"y":1},"o":{"x":0,"y":0},"n":"0_1_0_0","t":20,"s":[244.945,239.405,0],"e":[311.445,177.905,0],"to":[0,0,0],"ti":[0,0,0]},{"t":54}],"ix":2},"a":{"a":0,"k":[-68,-224.25,0],"ix":1},"s":{"a":0,"k":[42.961,42.961,100],"ix":6}},"ao":0,"shapes":[{"ty":"gr","it":[{"d":1,"ty":"el","s":{"a":0,"k":[30.688,30.688],"ix":2},"p":{"a":0,"k":[0,0],"ix":3},"nm":"Ellipse Path 1","mn":"ADBE Vector Shape - Ellipse","hd":false},{"ty":"st","c":{"a":0,"k":[1,0.473607111912,0.267064921061,1],"ix":3},"o":{"a":0,"k":100,"ix":4},"w":{"a":0,"k":0,"ix":5},"lc":1,"lj":1,"ml":4,"nm":"Stroke 1","mn":"ADBE Vector Graphic - Stroke","hd":false},{"ty":"fl","c":{"a":0,"k":[1,0.423529441684,0.576470588235,1],"ix":4},"o":{"a":0,"k":100,"ix":5},"r":1,"nm":"Fill 1","mn":"ADBE Vector Graphic - Fill","hd":false},{"ty":"tr","p":{"a":0,"k":[-68,-224.25],"ix":2},"a":{"a":0,"k":[0,0],"ix":1},"s":{"a":0,"k":[100,100],"ix":3},"r":{"a":0,"k":0,"ix":6},"o":{"a":0,"k":100,"ix":7},"sk":{"a":0,"k":0,"ix":4},"sa":{"a":0,"k":0,"ix":5},"nm":"变换"}],"nm":"Ellipse 1","np":3,"cix":2,"ix":1,"mn":"ADBE Vector Group","hd":false}],"ip":20,"op":46,"st":20,"bm":0},{"ddd":0,"ind":21,"ty":4,"nm":"Shape Layer 6","sr":1,"ks":{"o":{"a":0,"k":100,"ix":11},"r":{"a":0,"k":0,"ix":10},"p":{"a":1,"k":[{"i":{"x":0,"y":1},"o":{"x":0,"y":0},"n":"0_1_0_0","t":16,"s":[213.88,216.755,0],"e":[257.38,133.755,0],"to":[0,0,0],"ti":[0,0,0]},{"t":50}],"ix":2},"a":{"a":0,"k":[-68,-224.25,0],"ix":1},"s":{"a":0,"k":[43.776,43.776,100],"ix":6}},"ao":0,"shapes":[{"ty":"gr","it":[{"d":1,"ty":"el","s":{"a":0,"k":[30.688,30.688],"ix":2},"p":{"a":0,"k":[0,0],"ix":3},"nm":"Ellipse Path 1","mn":"ADBE Vector Shape - Ellipse","hd":false},{"ty":"st","c":{"a":0,"k":[0.496553009632,0.496553009632,0.496553009632,1],"ix":3},"o":{"a":0,"k":100,"ix":4},"w":{"a":0,"k":0,"ix":5},"lc":1,"lj":1,"ml":4,"nm":"Stroke 1","mn":"ADBE Vector Graphic - Stroke","hd":false},{"ty":"fl","c":{"a":0,"k":[0.180392156863,0.733333333333,0.898039275525,1],"ix":4},"o":{"a":0,"k":100,"ix":5},"r":1,"nm":"Fill 1","mn":"ADBE Vector Graphic - Fill","hd":false},{"ty":"tr","p":{"a":0,"k":[-68,-224.25],"ix":2},"a":{"a":0,"k":[0,0],"ix":1},"s":{"a":0,"k":[100,100],"ix":3},"r":{"a":0,"k":0,"ix":6},"o":{"a":0,"k":100,"ix":7},"sk":{"a":0,"k":0,"ix":4},"sa":{"a":0,"k":0,"ix":5},"nm":"变换"}],"nm":"Ellipse 1","np":3,"cix":2,"ix":1,"mn":"ADBE Vector Group","hd":false}],"ip":20,"op":38,"st":16,"bm":0}]}],"layers":[{"ddd":0,"ind":1,"ty":0,"nm":"Party Pop","refId":"comp_1","sr":1,"ks":{"o":{"a":0,"k":100,"ix":11},"r":{"a":0,"k":0,"ix":10},"p":{"a":0,"k":[81.25,51.75,0],"ix":2},"a":{"a":0,"k":[250,250,0],"ix":1},"s":{"a":0,"k":[43.8,43.8,100],"ix":6}},"ao":0,"w":500,"h":500,"ip":28,"op":196,"st":28,"bm":0},{"ddd":0,"ind":2,"ty":4,"nm":"focus","sr":1,"ks":{"o":{"a":0,"k":100,"ix":11},"r":{"a":0,"k":0,"ix":10},"p":{"a":0,"k":[60,68,0],"ix":2},"a":{"a":0,"k":[36,36,0],"ix":1},"s":{"a":1,"k":[{"i":{"x":[0,0,0.667],"y":[1,1,1]},"o":{"x":[0.333,0.333,0.333],"y":[0,0,0]},"n":["0_1_0p333_0","0_1_0p333_0","0p667_1_0p333_0"],"t":30,"s":[100,100,100],"e":[90,90,100]},{"i":{"x":[0.798,0.798,0.667],"y":[1,1,1]},"o":{"x":[0.743,0.743,0.333],"y":[0,0,0]},"n":["0p798_1_0p743_0","0p798_1_0p743_0","0p667_1_0p333_0"],"t":40,"s":[90,90,100],"e":[109,109,100]},{"i":{"x":[0,0,0.667],"y":[1,1,1]},"o":{"x":[0.333,0.333,0.333],"y":[0,0,0]},"n":["0_1_0p333_0","0_1_0p333_0","0p667_1_0p333_0"],"t":48,"s":[109,109,100],"e":[116,116,100]},{"i":{"x":[0.42,0.42,0.667],"y":[1,1,1]},"o":{"x":[0.333,0.333,0.333],"y":[0,0,0]},"n":["0p42_1_0p333_0","0p42_1_0p333_0","0p667_1_0p333_0"],"t":60,"s":[116,116,100],"e":[94,94,100]},{"i":{"x":[0.028,0.028,0.667],"y":[1,1,1]},"o":{"x":[0.606,0.606,0.333],"y":[0,0,0]},"n":["0p028_1_0p606_0","0p028_1_0p606_0","0p667_1_0p333_0"],"t":68,"s":[94,94,100],"e":[100,100,100]},{"t":78}],"ix":6}},"ao":0,"shapes":[{"ty":"gr","it":[{"ind":0,"ty":"sh","ix":1,"ks":{"a":0,"k":{"i":[[0,0],[-1.909,2.427],[-3.305,1.639],[-0.35,0.546],[-0.274,1.113]],"o":[[0,-3.343],[1.778,-2.261],[1.236,-0.614],[0.392,-0.614],[0,0]],"v":[[-28.049,0.227],[-25.624,-8.352],[-17.806,-13.825],[-15.636,-15.606],[-14.734,-18.06]],"c":false},"ix":2},"nm":"路径 1","mn":"ADBE Vector Shape - Group","hd":false},{"ind":1,"ty":"sh","ix":2,"ks":{"a":0,"k":{"i":[[0,0],[-0.033,0.136],[-0.016,0.067],[-0.603,1.296],[-1.543,1.178],[-2.623,-0.646],[-1.764,-3.35],[0.417,-3.335],[0,0],[-0.033,0],[0,0],[0,0],[-0.407,-5.51],[2.658,-6.784],[5.932,0],[0,0],[-0.003,7.458],[-0.002,3.961]],"o":[[0.034,-0.135],[0.016,-0.062],[0.23,-0.945],[0.774,-1.663],[2.469,-1.887],[2.983,0.735],[1.54,2.921],[0,0],[0.033,-0.001],[0,0],[0,0],[5.527,0.034],[0.579,7.852],[-2.217,5.664],[0,0],[-7.457,0],[0.002,-5.099],[0,0]],"v":[[-14.734,-18.06],[-14.635,-18.464],[-14.588,-18.658],[-13.416,-22.294],[-9.985,-26.51],[-1.637,-28.012],[5.93,-21.923],[7.119,-12.289],[13.666,-12.37],[13.765,-12.371],[16.956,-12.357],[16.958,-12.357],[27.479,-2.554],[23.229,19.506],[9.534,28.658],[-14.555,28.658],[-28.055,15.154],[-28.049,0.227]],"c":false},"ix":2},"nm":"路径 2","mn":"ADBE Vector Shape - Group","hd":false},{"ty":"mm","mm":1,"nm":"合并路径 1","mn":"ADBE Vector Filter - Merge","hd":false},{"ty":"fl","c":{"a":0,"k":[0.180392161012,0.733333349228,0.898039221764,1],"ix":4},"o":{"a":0,"k":100,"ix":5},"r":1,"nm":"填充 1","mn":"ADBE Vector Graphic - Fill","hd":false},{"ty":"tr","p":{"a":0,"k":[37.057,34.836],"ix":2},"a":{"a":0,"k":[0,0],"ix":1},"s":{"a":0,"k":[100,100],"ix":3},"r":{"a":0,"k":0,"ix":6},"o":{"a":0,"k":100,"ix":7},"sk":{"a":0,"k":0,"ix":4},"sa":{"a":0,"k":0,"ix":5},"nm":"变换"}],"nm":"组 1","np":4,"cix":2,"ix":1,"mn":"ADBE Vector Group","hd":false}],"ip":30,"op":180,"st":0,"bm":0},{"ddd":0,"ind":3,"ty":4,"nm":"normal 2","sr":1,"ks":{"o":{"a":0,"k":3,"ix":11},"r":{"a":0,"k":0,"ix":10},"p":{"a":0,"k":[60,68,0],"ix":2},"a":{"a":0,"k":[36,36,0],"ix":1},"s":{"a":0,"k":[100,100,100],"ix":6}},"ao":0,"shapes":[{"ty":"gr","it":[{"ind":0,"ty":"sh","ix":1,"ks":{"a":0,"k":{"i":[[1.656,3.697],[0,0],[0.002,-5.099],[-7.457,0],[0,0],[-2.217,5.664],[0.089,7.718],[1.389,-2.915],[6.49,-0.009],[2.168,0.011]],"o":[[-2.337,-5.216],[-0.002,3.961],[-0.003,7.458],[0,0],[5.932,0],[2.658,-6.784],[0.089,0.031],[-1.827,3.833],[-12.582,0.017],[-4.329,-0.023]],"v":[[-25.463,15.154],[-28.049,0.227],[-28.055,15.154],[-14.555,28.658],[9.534,28.658],[23.229,19.506],[27.479,-2.554],[22.083,13.393],[9.703,21.235],[-15.165,21.187]],"c":true},"ix":2},"nm":"路径 2","mn":"ADBE Vector Shape - Group","hd":false},{"ty":"mm","mm":1,"nm":"合并路径 1","mn":"ADBE Vector Filter - Merge","hd":false},{"ty":"fl","c":{"a":0,"k":[0,0,0,1],"ix":4},"o":{"a":0,"k":100,"ix":5},"r":1,"nm":"填充 1","mn":"ADBE Vector Graphic - Fill","hd":false},{"ty":"tr","p":{"a":0,"k":[37.057,34.836],"ix":2},"a":{"a":0,"k":[0,0],"ix":1},"s":{"a":0,"k":[100,100],"ix":3},"r":{"a":0,"k":0,"ix":6},"o":{"a":0,"k":100,"ix":7},"sk":{"a":0,"k":0,"ix":4},"sa":{"a":0,"k":0,"ix":5},"nm":"变换"}],"nm":"组 1","np":3,"cix":2,"ix":1,"mn":"ADBE Vector Group","hd":false}],"ip":0,"op":30,"st":0,"bm":0},{"ddd":0,"ind":4,"ty":4,"nm":"normal ","sr":1,"ks":{"o":{"a":0,"k":100,"ix":11},"r":{"a":0,"k":0,"ix":10},"p":{"a":0,"k":[60,68,0],"ix":2},"a":{"a":0,"k":[36,36,0],"ix":1},"s":{"a":0,"k":[100,100,100],"ix":6}},"ao":0,"ef":[{"ty":25,"nm":"投影","np":8,"mn":"ADBE Drop Shadow","ix":1,"en":1,"ef":[{"ty":2,"nm":"阴影颜色","mn":"ADBE Drop Shadow-0001","ix":1,"v":{"a":0,"k":[0,0,0,1],"ix":1}},{"ty":0,"nm":"不透明度","mn":"ADBE Drop Shadow-0002","ix":2,"v":{"a":0,"k":25.5,"ix":2}},{"ty":0,"nm":"方向","mn":"ADBE Drop Shadow-0003","ix":3,"v":{"a":0,"k":180,"ix":3}},{"ty":0,"nm":"距离","mn":"ADBE Drop Shadow-0004","ix":4,"v":{"a":0,"k":4,"ix":4}},{"ty":0,"nm":"柔和度","mn":"ADBE Drop Shadow-0005","ix":5,"v":{"a":0,"k":8,"ix":5}},{"ty":7,"nm":"仅阴影","mn":"ADBE Drop Shadow-0006","ix":6,"v":{"a":0,"k":0,"ix":6}}]}],"shapes":[{"ty":"gr","it":[{"ind":0,"ty":"sh","ix":1,"ks":{"a":0,"k":{"i":[[0,0],[-1.909,2.427],[-3.305,1.639],[-0.35,0.546],[-0.274,1.113]],"o":[[0,-3.343],[1.778,-2.261],[1.236,-0.614],[0.392,-0.614],[0,0]],"v":[[-28.049,0.227],[-25.624,-8.352],[-17.806,-13.825],[-15.636,-15.606],[-14.734,-18.06]],"c":false},"ix":2},"nm":"路径 1","mn":"ADBE Vector Shape - Group","hd":false},{"ind":1,"ty":"sh","ix":2,"ks":{"a":0,"k":{"i":[[0,0],[-0.033,0.136],[-0.016,0.067],[-0.603,1.296],[-1.543,1.178],[-2.623,-0.646],[-1.764,-3.35],[0.417,-3.335],[0,0],[-0.033,0],[0,0],[0,0],[-0.407,-5.51],[2.658,-6.784],[5.932,0],[0,0],[-0.003,7.458],[-0.002,3.961]],"o":[[0.034,-0.135],[0.016,-0.062],[0.23,-0.945],[0.774,-1.663],[2.469,-1.887],[2.983,0.735],[1.54,2.921],[0,0],[0.033,-0.001],[0,0],[0,0],[5.527,0.034],[0.579,7.852],[-2.217,5.664],[0,0],[-7.457,0],[0.002,-5.099],[0,0]],"v":[[-14.734,-18.06],[-14.635,-18.464],[-14.588,-18.658],[-13.416,-22.294],[-9.985,-26.51],[-1.637,-28.012],[5.93,-21.923],[7.119,-12.289],[13.666,-12.37],[13.765,-12.371],[16.956,-12.357],[16.958,-12.357],[27.479,-2.554],[23.229,19.506],[9.534,28.658],[-14.555,28.658],[-28.055,15.154],[-28.049,0.227]],"c":false},"ix":2},"nm":"路径 2","mn":"ADBE Vector Shape - Group","hd":false},{"ty":"mm","mm":1,"nm":"合并路径 1","mn":"ADBE Vector Filter - Merge","hd":false},{"ty":"fl","c":{"a":0,"k":[1,1,1,1],"ix":4},"o":{"a":0,"k":100,"ix":5},"r":1,"nm":"填充 1","mn":"ADBE Vector Graphic - Fill","hd":false},{"ty":"tr","p":{"a":0,"k":[37.057,34.836],"ix":2},"a":{"a":0,"k":[0,0],"ix":1},"s":{"a":0,"k":[100,100],"ix":3},"r":{"a":0,"k":0,"ix":6},"o":{"a":0,"k":100,"ix":7},"sk":{"a":0,"k":0,"ix":4},"sa":{"a":0,"k":0,"ix":5},"nm":"变换"}],"nm":"组 1","np":4,"cix":2,"ix":1,"mn":"ADBE Vector Group","hd":false}],"ip":0,"op":30,"st":0,"bm":0}],"markers":[]}