{"v":"5.6.9","fr":60,"ip":30,"op":90,"w":110,"h":110,"nm":"action_icon_recommend_big_vibrate_light","ddd":0,"assets":[],"layers":[{"ddd":0,"ind":2,"ty":4,"nm":"normal 2","sr":1,"ks":{"o":{"a":0,"k":100,"ix":11},"r":{"a":1,"k":[{"i":{"x":[0.667],"y":[1]},"o":{"x":[0.333],"y":[0]},"t":30,"s":[0]},{"i":{"x":[0.667],"y":[1]},"o":{"x":[0.333],"y":[0]},"t":31.715,"s":[-6.4]},{"i":{"x":[0.667],"y":[1]},"o":{"x":[0.333],"y":[0]},"t":38,"s":[18]},{"i":{"x":[0.667],"y":[1]},"o":{"x":[0.333],"y":[0]},"t":45,"s":[-18]},{"i":{"x":[0.667],"y":[1.055]},"o":{"x":[0.333],"y":[0]},"t":52,"s":[12]},{"i":{"x":[0.667],"y":[1]},"o":{"x":[0.333],"y":[0.056]},"t":59,"s":[-12]},{"i":{"x":[0.667],"y":[1.013]},"o":{"x":[0.333],"y":[0]},"t":65,"s":[8]},{"i":{"x":[0.667],"y":[1]},"o":{"x":[0.333],"y":[0.015]},"t":72,"s":[-6]},{"i":{"x":[0.667],"y":[1]},"o":{"x":[0.333],"y":[0]},"t":79,"s":[6]},{"i":{"x":[0.667],"y":[1]},"o":{"x":[0.333],"y":[0]},"t":85,"s":[-4]},{"t":90,"s":[0]}],"ix":10},"p":{"a":0,"k":[55,71,0],"ix":2},"a":{"a":0,"k":[24,40,0],"ix":1},"s":{"a":0,"k":[100,100,100],"ix":6}},"ao":0,"shapes":[{"ty":"gr","it":[{"ind":0,"ty":"sh","ix":1,"ks":{"a":0,"k":{"i":[[0,0],[0,0]],"o":[[0,0],[0,0]],"v":[[-5.456,-16.062],[-5.445,-16.062]],"c":true},"ix":2},"nm":"路径 1","mn":"ADBE Vector Shape - Group","hd":false},{"ind":1,"ty":"sh","ix":2,"ks":{"a":0,"k":{"i":[[0.229,0],[0.342,-0.26],[0.311,-1.292],[3.228,-1.602],[0,-2.88],[0,0],[-0.945,-0.945],[-1.336,0],[0,0],[-0.834,2.13],[0.352,4.767],[1.595,0.009],[0,0],[0,0],[0,0],[0.574,0.67],[-0.15,0.891],[0.557,1.057],[0.627,0.137]],"o":[[-0.535,0],[-1.089,0.831],[-0.427,1.774],[-4.21,2.088],[0,0],[0,1.336],[0.944,0.944],[0,0],[2.4,0],[1.38,-3.526],[-0.117,-1.578],[0,0],[0,0],[0,0],[-0.879,0],[-0.587,-0.685],[0.406,-2.429],[-0.777,-1.476],[-0.237,-0.053]],"v":[[-2.874,-14.872],[-4.242,-14.473],[-5.866,-11.417],[-10.105,-5.611],[-14.712,0.171],[-14.717,10.126],[-13.253,13.663],[-9.717,15.126],[6.342,15.126],[11.749,11.566],[14.318,-1.387],[11.266,-4.217],[9.131,-4.225],[3.628,-4.156],[3.59,-4.156],[1.307,-5.208],[0.62,-7.689],[0.402,-12.73],[-2.171,-14.794]],"c":true},"ix":2},"nm":"路径 2","mn":"ADBE Vector Shape - Group","hd":false},{"ind":2,"ty":"sh","ix":3,"ks":{"a":0,"k":{"i":[[4.095,0],[0,0],[1.7,1.7],[-0.001,2.405],[0,0],[-4.815,2.389],[-0.37,1.539],[-2.217,1.693],[-1.94,-0.425],[-1.118,-2.122],[0.255,-2.04],[0,0],[0,0],[-0.268,-3.644],[1.535,-3.921]],"o":[[0,0],[-2.405,0],[-1.7,-1.7],[0,0],[0,-5.147],[1.555,-0.772],[0.366,-1.522],[1.419,-1.084],[2.219,0.489],[1.065,2.021],[0,0],[0,0],[3.669,0.021],[0.412,5.571],[-1.452,3.707]],"v":[[6.342,19.126],[-9.717,19.126],[-16.081,16.491],[-18.717,10.124],[-18.712,0.171],[-11.885,-9.195],[-9.755,-12.352],[-6.669,-17.652],[-1.309,-18.702],[3.941,-14.594],[4.734,-8.171],[9.113,-8.225],[11.286,-8.217],[18.305,-1.682],[15.473,13.025]],"c":true},"ix":2},"nm":"路径 3","mn":"ADBE Vector Shape - Group","hd":false},{"ty":"mm","mm":1,"nm":"合并路径 1","mn":"ADBE Vector Filter - Merge","hd":false},{"ty":"fl","c":{"a":0,"k":[0.180000005984,0.180000005984,0.180000005984,1],"ix":4},"o":{"a":0,"k":100,"ix":5},"r":1,"bm":0,"nm":"填充 1","mn":"ADBE Vector Graphic - Fill","hd":false},{"ty":"tr","p":{"a":0,"k":[24.719,21.873],"ix":2},"a":{"a":0,"k":[0,0],"ix":1},"s":{"a":0,"k":[100,100],"ix":3},"r":{"a":0,"k":0,"ix":6},"o":{"a":0,"k":100,"ix":7},"sk":{"a":0,"k":0,"ix":4},"sa":{"a":0,"k":0,"ix":5},"nm":"变换"}],"nm":"组 1","np":5,"cix":2,"bm":0,"ix":1,"mn":"ADBE Vector Group","hd":false}],"ip":0,"op":121,"st":0,"bm":0}],"markers":[]}