{"v":"5.8.1","fr":60,"ip":0,"op":600,"w":64,"h":64,"nm":"lottie_share_arrow_light","ddd":0,"assets":[{"id":"comp_0","nm":"arrow notion 100","fr":60,"layers":[{"ddd":0,"ind":1,"ty":4,"nm":"Ellipse 249","td":1,"sr":1,"ks":{"o":{"a":1,"k":[{"i":{"x":[0.833],"y":[0.833]},"o":{"x":[0.167],"y":[0.167]},"t":0,"s":[100],"e":[100]},{"t":73}],"ix":11},"r":{"a":0,"k":0,"ix":10},"p":{"a":0,"k":[32,32,0],"ix":2,"l":2},"a":{"a":0,"k":[0,0,0],"ix":1,"l":2},"s":{"a":0,"k":[100,100,100],"ix":6,"l":2}},"ao":0,"shapes":[{"ty":"gr","it":[{"d":1,"ty":"el","s":{"a":0,"k":[64,64],"ix":2},"p":{"a":0,"k":[0,0],"ix":3},"nm":"Ellipse Path 1","mn":"ADBE Vector Shape - Ellipse","hd":false},{"ty":"fl","c":{"a":0,"k":[0.959999978542,0.959999978542,0.959999978542,1],"ix":4},"o":{"a":0,"k":100,"ix":5},"r":1,"bm":0,"nm":"Fill 1","mn":"ADBE Vector Graphic - Fill","hd":false},{"ty":"tr","p":{"a":0,"k":[0,0],"ix":2},"a":{"a":0,"k":[0,0],"ix":1},"s":{"a":0,"k":[100,100],"ix":3},"r":{"a":0,"k":0,"ix":6},"o":{"a":0,"k":100,"ix":7},"sk":{"a":0,"k":0,"ix":4},"sa":{"a":0,"k":0,"ix":5},"nm":"Transform"}],"nm":"Ellipse 247","np":2,"cix":2,"bm":0,"ix":1,"mn":"ADBE Vector Group","hd":false}],"ip":-526,"op":73.9999999999999,"st":-526,"bm":0},{"ddd":0,"ind":2,"ty":0,"nm":"arrow motion","tt":1,"refId":"comp_1","sr":1,"ks":{"o":{"a":1,"k":[{"i":{"x":[0.833],"y":[0.833]},"o":{"x":[0.167],"y":[0.167]},"t":0,"s":[100],"e":[100]},{"t":73}],"ix":11},"r":{"a":0,"k":0,"ix":10},"p":{"a":0,"k":[32,32,0],"ix":2,"l":2},"a":{"a":0,"k":[32,32,0],"ix":1,"l":2},"s":{"a":0,"k":[100,100,100],"ix":6,"l":2}},"ao":0,"w":64,"h":64,"ip":-526,"op":73.9999999999999,"st":-526,"bm":0},{"ddd":0,"ind":4,"ty":4,"nm":"Ellipse 250","td":1,"sr":1,"ks":{"o":{"a":0,"k":100,"ix":11},"r":{"a":0,"k":0,"ix":10},"p":{"a":0,"k":[32,32,0],"ix":2,"l":2},"a":{"a":0,"k":[0,0,0],"ix":1,"l":2},"s":{"a":0,"k":[100,100,100],"ix":6,"l":2}},"ao":0,"shapes":[{"ty":"gr","it":[{"d":1,"ty":"el","s":{"a":0,"k":[64,64],"ix":2},"p":{"a":0,"k":[0,0],"ix":3},"nm":"Ellipse Path 1","mn":"ADBE Vector Shape - Ellipse","hd":false},{"ty":"fl","c":{"a":0,"k":[0.959999978542,0.959999978542,0.959999978542,1],"ix":4},"o":{"a":0,"k":100,"ix":5},"r":1,"bm":0,"nm":"Fill 1","mn":"ADBE Vector Graphic - Fill","hd":false},{"ty":"tr","p":{"a":0,"k":[0,0],"ix":2},"a":{"a":0,"k":[0,0],"ix":1},"s":{"a":0,"k":[100,100],"ix":3},"r":{"a":0,"k":0,"ix":6},"o":{"a":0,"k":100,"ix":7},"sk":{"a":0,"k":0,"ix":4},"sa":{"a":0,"k":0,"ix":5},"nm":"Transform"}],"nm":"Ellipse 247","np":2,"cix":2,"bm":0,"ix":1,"mn":"ADBE Vector Group","hd":false}],"ip":0,"op":1200,"st":0,"bm":0},{"ddd":0,"ind":5,"ty":0,"nm":"wechat logo","tt":1,"refId":"comp_2","sr":1,"ks":{"o":{"a":0,"k":100,"ix":11},"r":{"a":0,"k":0,"ix":10},"p":{"a":1,"k":[{"i":{"x":0.25,"y":1},"o":{"x":0.33,"y":0},"t":41,"s":[32,91.25,0],"e":[32,32,0],"to":[0,-9.875,0],"ti":[0,9.875,0]},{"i":{"x":0.25,"y":0.25},"o":{"x":0.167,"y":0.167},"t":60,"s":[32,32,0],"e":[32,32,0],"to":[0,0,0],"ti":[0,0,0]},{"i":{"x":0.833,"y":1},"o":{"x":0.167,"y":0},"t":360,"s":[32,32,0],"e":[32,91.25,0],"to":[0,9.875,0],"ti":[0,-9.875,0]},{"t":377}],"ix":2,"l":2},"a":{"a":0,"k":[32,32,0],"ix":1,"l":2},"s":{"a":1,"k":[{"i":{"x":[0.75,0.75,0.75],"y":[1,1,1]},"o":{"x":[0.25,0.25,0.25],"y":[0,0,0]},"t":60,"s":[100,100,100],"e":[104,104,100]},{"i":{"x":[0.75,0.75,0.75],"y":[1,1,1]},"o":{"x":[0.25,0.25,0.25],"y":[0,0,0]},"t":90,"s":[104,104,100],"e":[100,100,100]},{"i":{"x":[0.75,0.75,0.75],"y":[1,1,1]},"o":{"x":[0.25,0.25,0.25],"y":[0,0,0]},"t":120,"s":[100,100,100],"e":[104,104,100]},{"i":{"x":[0.75,0.75,0.75],"y":[1,1,1]},"o":{"x":[0.25,0.25,0.25],"y":[0,0,0]},"t":150,"s":[104,104,100],"e":[100,100,100]},{"i":{"x":[0.75,0.75,0.75],"y":[1,1,1]},"o":{"x":[0.25,0.25,0.25],"y":[0,0,0]},"t":180,"s":[100,100,100],"e":[104,104,100]},{"i":{"x":[0.75,0.75,0.75],"y":[1,1,1]},"o":{"x":[0.25,0.25,0.25],"y":[0,0,0]},"t":210,"s":[104,104,100],"e":[100,100,100]},{"i":{"x":[0.75,0.75,0.75],"y":[1,1,1]},"o":{"x":[0.25,0.25,0.25],"y":[0,0,0]},"t":240,"s":[100,100,100],"e":[104,104,100]},{"i":{"x":[0.75,0.75,0.75],"y":[1,1,1]},"o":{"x":[0.25,0.25,0.25],"y":[0,0,0]},"t":270,"s":[104,104,100],"e":[100,100,100]},{"i":{"x":[0.75,0.75,0.75],"y":[1,1,1]},"o":{"x":[0.25,0.25,0.25],"y":[0,0,0]},"t":300,"s":[100,100,100],"e":[104,104,100]},{"i":{"x":[0.75,0.75,0.75],"y":[1,1,1]},"o":{"x":[0.25,0.25,0.25],"y":[0,0,0]},"t":330,"s":[104,104,100],"e":[100,100,100]},{"t":360}],"ix":6,"l":2}},"ao":0,"w":64,"h":64,"ip":0,"op":600,"st":0,"bm":0},{"ddd":0,"ind":6,"ty":0,"nm":"arrow motion","refId":"comp_1","sr":1,"ks":{"o":{"a":1,"k":[{"i":{"x":[0.833],"y":[0.833]},"o":{"x":[0.167],"y":[0.167]},"t":304,"s":[100],"e":[100]},{"t":976}],"ix":11},"r":{"a":0,"k":0,"ix":10},"p":{"a":0,"k":[32,32,0],"ix":2,"l":2},"a":{"a":0,"k":[32,32,0],"ix":1,"l":2},"s":{"a":0,"k":[100,100,100],"ix":6,"l":2}},"ao":0,"w":64,"h":64,"ip":377,"op":977,"st":377,"bm":0},{"ddd":0,"ind":7,"ty":4,"nm":"Ellipse 247","sr":1,"ks":{"o":{"a":1,"k":[{"i":{"x":[0.833],"y":[0.833]},"o":{"x":[0.167],"y":[0.167]},"t":41,"s":[100],"e":[0]},{"i":{"x":[0.833],"y":[0.833]},"o":{"x":[0.167],"y":[0.167]},"t":60,"s":[0],"e":[0]},{"i":{"x":[0.833],"y":[0.833]},"o":{"x":[0.167],"y":[0.167]},"t":360,"s":[0],"e":[100]},{"t":377}],"ix":11},"r":{"a":0,"k":0,"ix":10},"p":{"a":0,"k":[32,32,0],"ix":2,"l":2},"a":{"a":0,"k":[0,0,0],"ix":1,"l":2},"s":{"a":0,"k":[100,100,100],"ix":6,"l":2}},"ao":0,"shapes":[{"ty":"gr","it":[{"d":1,"ty":"el","s":{"a":0,"k":[64,64],"ix":2},"p":{"a":0,"k":[0,0],"ix":3},"nm":"Ellipse Path 1","mn":"ADBE Vector Shape - Ellipse","hd":false},{"ty":"fl","c":{"a":0,"k":[0.959999978542,0.959999978542,0.959999978542,1],"ix":4},"o":{"a":0,"k":100,"ix":5},"r":1,"bm":0,"nm":"Fill 1","mn":"ADBE Vector Graphic - Fill","hd":false},{"ty":"tr","p":{"a":0,"k":[0,0],"ix":2},"a":{"a":0,"k":[0,0],"ix":1},"s":{"a":0,"k":[100,100],"ix":3},"r":{"a":0,"k":0,"ix":6},"o":{"a":0,"k":100,"ix":7},"sk":{"a":0,"k":0,"ix":4},"sa":{"a":0,"k":0,"ix":5},"nm":"Transform"}],"nm":"Ellipse 247","np":2,"cix":2,"bm":0,"ix":1,"mn":"ADBE Vector Group","hd":false}],"ip":0,"op":1200,"st":0,"bm":0}]},{"id":"comp_1","nm":"arrow motion","fr":60,"layers":[{"ddd":0,"ind":1,"ty":4,"nm":"Vector","sr":1,"ks":{"o":{"a":0,"k":100,"ix":11},"r":{"a":0,"k":0,"ix":10},"p":{"a":0,"k":[45.855,21.359,0],"ix":2,"l":2},"a":{"a":0,"k":[0,0,0],"ix":1,"l":2},"s":{"a":0,"k":[100,100,100],"ix":6,"l":2}},"ao":0,"shapes":[{"ty":"gr","it":[{"ind":0,"ty":"sh","ix":1,"ks":{"a":1,"k":[{"i":{"x":0.5,"y":1},"o":{"x":0.5,"y":0},"t":120,"s":[{"i":[[0,0],[0,0]],"o":[[0,0],[0,0]],"v":[[0,-3.4],[0,3.4]],"c":false}],"e":[{"i":[[0,0],[0,0]],"o":[[0,0],[0,0]],"v":[[0.783,-4.179],[0.783,2.618]],"c":false}]},{"i":{"x":0.5,"y":1},"o":{"x":0.5,"y":0},"t":141,"s":[{"i":[[0,0],[0,0]],"o":[[0,0],[0,0]],"v":[[0.783,-4.179],[0.783,2.618]],"c":false}],"e":[{"i":[[0,0],[0,0]],"o":[[0,0],[0,0]],"v":[[-1.092,-2.304],[-1.092,4.495]],"c":false}]},{"i":{"x":0.5,"y":1},"o":{"x":0.5,"y":0},"t":156,"s":[{"i":[[0,0],[0,0]],"o":[[0,0],[0,0]],"v":[[-1.092,-2.304],[-1.092,4.495]],"c":false}],"e":[{"i":[[0,0],[0,0]],"o":[[0,0],[0,0]],"v":[[0.971,-4.367],[0.971,2.43]],"c":false}]},{"i":{"x":0.5,"y":1},"o":{"x":0.5,"y":0},"t":169,"s":[{"i":[[0,0],[0,0]],"o":[[0,0],[0,0]],"v":[[0.971,-4.367],[0.971,2.43]],"c":false}],"e":[{"i":[[0,0],[0,0]],"o":[[0,0],[0,0]],"v":[[0,-3.4],[0,3.4]],"c":false}]},{"i":{"x":0.833,"y":1},"o":{"x":0.5,"y":0},"t":180,"s":[{"i":[[0,0],[0,0]],"o":[[0,0],[0,0]],"v":[[0,-3.4],[0,3.4]],"c":false}],"e":[{"i":[[0,0],[0,0]],"o":[[0,0],[0,0]],"v":[[0,-3.4],[0,3.4]],"c":false}]},{"i":{"x":0.5,"y":1},"o":{"x":0.5,"y":0},"t":270,"s":[{"i":[[0,0],[0,0]],"o":[[0,0],[0,0]],"v":[[0,-3.4],[0,3.4]],"c":false}],"e":[{"i":[[0,0],[0,0]],"o":[[0,0],[0,0]],"v":[[0.783,-4.179],[0.783,2.618]],"c":false}]},{"i":{"x":0.5,"y":1},"o":{"x":0.5,"y":0},"t":291,"s":[{"i":[[0,0],[0,0]],"o":[[0,0],[0,0]],"v":[[0.783,-4.179],[0.783,2.618]],"c":false}],"e":[{"i":[[0,0],[0,0]],"o":[[0,0],[0,0]],"v":[[-1.092,-2.304],[-1.092,4.495]],"c":false}]},{"i":{"x":0.5,"y":1},"o":{"x":0.5,"y":0},"t":306,"s":[{"i":[[0,0],[0,0]],"o":[[0,0],[0,0]],"v":[[-1.092,-2.304],[-1.092,4.495]],"c":false}],"e":[{"i":[[0,0],[0,0]],"o":[[0,0],[0,0]],"v":[[0.971,-4.367],[0.971,2.43]],"c":false}]},{"i":{"x":0.5,"y":1},"o":{"x":0.5,"y":0},"t":319,"s":[{"i":[[0,0],[0,0]],"o":[[0,0],[0,0]],"v":[[0.971,-4.367],[0.971,2.43]],"c":false}],"e":[{"i":[[0,0],[0,0]],"o":[[0,0],[0,0]],"v":[[0,-3.4],[0,3.4]],"c":false}]},{"i":{"x":0.833,"y":1},"o":{"x":0.5,"y":0},"t":330,"s":[{"i":[[0,0],[0,0]],"o":[[0,0],[0,0]],"v":[[0,-3.4],[0,3.4]],"c":false}],"e":[{"i":[[0,0],[0,0]],"o":[[0,0],[0,0]],"v":[[0,-3.4],[0,3.4]],"c":false}]},{"i":{"x":0.5,"y":1},"o":{"x":0.5,"y":0},"t":420,"s":[{"i":[[0,0],[0,0]],"o":[[0,0],[0,0]],"v":[[0,-3.4],[0,3.4]],"c":false}],"e":[{"i":[[0,0],[0,0]],"o":[[0,0],[0,0]],"v":[[0.783,-4.179],[0.783,2.618]],"c":false}]},{"i":{"x":0.5,"y":1},"o":{"x":0.5,"y":0},"t":441,"s":[{"i":[[0,0],[0,0]],"o":[[0,0],[0,0]],"v":[[0.783,-4.179],[0.783,2.618]],"c":false}],"e":[{"i":[[0,0],[0,0]],"o":[[0,0],[0,0]],"v":[[-1.092,-2.304],[-1.092,4.495]],"c":false}]},{"i":{"x":0.5,"y":1},"o":{"x":0.5,"y":0},"t":456,"s":[{"i":[[0,0],[0,0]],"o":[[0,0],[0,0]],"v":[[-1.092,-2.304],[-1.092,4.495]],"c":false}],"e":[{"i":[[0,0],[0,0]],"o":[[0,0],[0,0]],"v":[[0.971,-4.367],[0.971,2.43]],"c":false}]},{"i":{"x":0.5,"y":1},"o":{"x":0.5,"y":0},"t":469,"s":[{"i":[[0,0],[0,0]],"o":[[0,0],[0,0]],"v":[[0.971,-4.367],[0.971,2.43]],"c":false}],"e":[{"i":[[0,0],[0,0]],"o":[[0,0],[0,0]],"v":[[0,-3.4],[0,3.4]],"c":false}]},{"i":{"x":0.833,"y":1},"o":{"x":0.5,"y":0},"t":480,"s":[{"i":[[0,0],[0,0]],"o":[[0,0],[0,0]],"v":[[0,-3.4],[0,3.4]],"c":false}],"e":[{"i":[[0,0],[0,0]],"o":[[0,0],[0,0]],"v":[[0,-3.4],[0,3.4]],"c":false}]},{"i":{"x":0.67,"y":1},"o":{"x":0.75,"y":0},"t":552,"s":[{"i":[[0,0],[0,0]],"o":[[0,0],[0,0]],"v":[[0,-3.4],[0,3.4]],"c":false}],"e":[{"i":[[0,0],[0,0]],"o":[[0,0],[0,0]],"v":[[23.252,-24.691],[23.252,-17.891]],"c":false}]},{"t":582}],"ix":2},"nm":"Path 1","mn":"ADBE Vector Shape - Group","hd":false},{"ty":"st","c":{"a":0,"k":[0.180392161012,0.180392161012,0.180392161012,1],"ix":3},"o":{"a":0,"k":100,"ix":4},"w":{"a":0,"k":4,"ix":5},"lc":2,"lj":2,"bm":0,"nm":"Stroke 1","mn":"ADBE Vector Graphic - Stroke","hd":false},{"ty":"tr","p":{"a":0,"k":[0,0],"ix":2},"a":{"a":0,"k":[0,0],"ix":1},"s":{"a":0,"k":[100,100],"ix":3},"r":{"a":0,"k":0,"ix":6},"o":{"a":0,"k":100,"ix":7},"sk":{"a":0,"k":0,"ix":4},"sa":{"a":0,"k":0,"ix":5},"nm":"Transform"}],"nm":"Vector","np":2,"cix":2,"bm":0,"ix":1,"mn":"ADBE Vector Group","hd":false},{"ty":"tm","s":{"a":1,"k":[{"i":{"x":[0.25],"y":[1]},"o":{"x":[0.33],"y":[0]},"t":39,"s":[0],"e":[0]},{"t":61}],"ix":1},"e":{"a":1,"k":[{"i":{"x":[0.25],"y":[1]},"o":{"x":[0.33],"y":[0]},"t":39,"s":[0],"e":[100]},{"t":61}],"ix":2},"o":{"a":0,"k":0,"ix":3},"m":1,"ix":2,"nm":"Trim Paths 1","mn":"ADBE Vector Filter - Trim","hd":false}],"ip":0,"op":1200,"st":0,"bm":0},{"ddd":0,"ind":2,"ty":4,"nm":"Vector","sr":1,"ks":{"o":{"a":0,"k":100,"ix":11},"r":{"a":0,"k":0,"ix":10},"p":{"a":0,"k":[42.454,17.959,0],"ix":2,"l":2},"a":{"a":0,"k":[0,0,0],"ix":1,"l":2},"s":{"a":0,"k":[100,100,100],"ix":6,"l":2}},"ao":0,"shapes":[{"ty":"gr","it":[{"ind":0,"ty":"sh","ix":1,"ks":{"a":1,"k":[{"i":{"x":0.5,"y":1},"o":{"x":0.5,"y":0},"t":120,"s":[{"i":[[0,0],[0,0]],"o":[[0,0],[0,0]],"v":[[-3.4,0],[3.4,0]],"c":false}],"e":[{"i":[[0,0],[0,0]],"o":[[0,0],[0,0]],"v":[[-2.517,-0.893],[4.257,-0.893]],"c":false}]},{"i":{"x":0.5,"y":1},"o":{"x":0.5,"y":0},"t":141,"s":[{"i":[[0,0],[0,0]],"o":[[0,0],[0,0]],"v":[[-2.517,-0.893],[4.257,-0.893]],"c":false}],"e":[{"i":[[0,0],[0,0]],"o":[[0,0],[0,0]],"v":[[-4.555,1.157],[2.245,1.157]],"c":false}]},{"i":{"x":0.5,"y":1},"o":{"x":0.5,"y":0},"t":156,"s":[{"i":[[0,0],[0,0]],"o":[[0,0],[0,0]],"v":[[-4.555,1.157],[2.245,1.157]],"c":false}],"e":[{"i":[[0,0],[0,0]],"o":[[0,0],[0,0]],"v":[[-2.454,-0.955],[4.32,-0.955]],"c":false}]},{"i":{"x":0.5,"y":1},"o":{"x":0.5,"y":0},"t":169,"s":[{"i":[[0,0],[0,0]],"o":[[0,0],[0,0]],"v":[[-2.454,-0.955],[4.32,-0.955]],"c":false}],"e":[{"i":[[0,0],[0,0]],"o":[[0,0],[0,0]],"v":[[-3.4,0],[3.4,0]],"c":false}]},{"i":{"x":0.833,"y":1},"o":{"x":0.5,"y":0},"t":180,"s":[{"i":[[0,0],[0,0]],"o":[[0,0],[0,0]],"v":[[-3.4,0],[3.4,0]],"c":false}],"e":[{"i":[[0,0],[0,0]],"o":[[0,0],[0,0]],"v":[[-3.4,0],[3.4,0]],"c":false}]},{"i":{"x":0.5,"y":1},"o":{"x":0.5,"y":0},"t":270,"s":[{"i":[[0,0],[0,0]],"o":[[0,0],[0,0]],"v":[[-3.4,0],[3.4,0]],"c":false}],"e":[{"i":[[0,0],[0,0]],"o":[[0,0],[0,0]],"v":[[-2.517,-0.893],[4.257,-0.893]],"c":false}]},{"i":{"x":0.5,"y":1},"o":{"x":0.5,"y":0},"t":291,"s":[{"i":[[0,0],[0,0]],"o":[[0,0],[0,0]],"v":[[-2.517,-0.893],[4.257,-0.893]],"c":false}],"e":[{"i":[[0,0],[0,0]],"o":[[0,0],[0,0]],"v":[[-4.555,1.157],[2.245,1.157]],"c":false}]},{"i":{"x":0.5,"y":1},"o":{"x":0.5,"y":0},"t":306,"s":[{"i":[[0,0],[0,0]],"o":[[0,0],[0,0]],"v":[[-4.555,1.157],[2.245,1.157]],"c":false}],"e":[{"i":[[0,0],[0,0]],"o":[[0,0],[0,0]],"v":[[-2.454,-0.955],[4.32,-0.955]],"c":false}]},{"i":{"x":0.5,"y":1},"o":{"x":0.5,"y":0},"t":319,"s":[{"i":[[0,0],[0,0]],"o":[[0,0],[0,0]],"v":[[-2.454,-0.955],[4.32,-0.955]],"c":false}],"e":[{"i":[[0,0],[0,0]],"o":[[0,0],[0,0]],"v":[[-3.4,0],[3.4,0]],"c":false}]},{"i":{"x":0.833,"y":1},"o":{"x":0.5,"y":0},"t":330,"s":[{"i":[[0,0],[0,0]],"o":[[0,0],[0,0]],"v":[[-3.4,0],[3.4,0]],"c":false}],"e":[{"i":[[0,0],[0,0]],"o":[[0,0],[0,0]],"v":[[-3.4,0],[3.4,0]],"c":false}]},{"i":{"x":0.5,"y":1},"o":{"x":0.5,"y":0},"t":420,"s":[{"i":[[0,0],[0,0]],"o":[[0,0],[0,0]],"v":[[-3.4,0],[3.4,0]],"c":false}],"e":[{"i":[[0,0],[0,0]],"o":[[0,0],[0,0]],"v":[[-2.517,-0.893],[4.257,-0.893]],"c":false}]},{"i":{"x":0.5,"y":1},"o":{"x":0.5,"y":0},"t":441,"s":[{"i":[[0,0],[0,0]],"o":[[0,0],[0,0]],"v":[[-2.517,-0.893],[4.257,-0.893]],"c":false}],"e":[{"i":[[0,0],[0,0]],"o":[[0,0],[0,0]],"v":[[-4.555,1.157],[2.245,1.157]],"c":false}]},{"i":{"x":0.5,"y":1},"o":{"x":0.5,"y":0},"t":456,"s":[{"i":[[0,0],[0,0]],"o":[[0,0],[0,0]],"v":[[-4.555,1.157],[2.245,1.157]],"c":false}],"e":[{"i":[[0,0],[0,0]],"o":[[0,0],[0,0]],"v":[[-2.454,-0.955],[4.32,-0.955]],"c":false}]},{"i":{"x":0.5,"y":1},"o":{"x":0.5,"y":0},"t":469,"s":[{"i":[[0,0],[0,0]],"o":[[0,0],[0,0]],"v":[[-2.454,-0.955],[4.32,-0.955]],"c":false}],"e":[{"i":[[0,0],[0,0]],"o":[[0,0],[0,0]],"v":[[-3.4,0],[3.4,0]],"c":false}]},{"i":{"x":0.833,"y":1},"o":{"x":0.5,"y":0},"t":480,"s":[{"i":[[0,0],[0,0]],"o":[[0,0],[0,0]],"v":[[-3.4,0],[3.4,0]],"c":false}],"e":[{"i":[[0,0],[0,0]],"o":[[0,0],[0,0]],"v":[[-3.4,0],[3.4,0]],"c":false}]},{"i":{"x":0.67,"y":1},"o":{"x":0.75,"y":0},"t":552,"s":[{"i":[[0,0],[0,0]],"o":[[0,0],[0,0]],"v":[[-3.4,0],[3.4,0]],"c":false}],"e":[{"i":[[0,0],[0,0]],"o":[[0,0],[0,0]],"v":[[17.7,-22.498],[24.5,-22.498]],"c":false}]},{"t":582}],"ix":2},"nm":"Path 1","mn":"ADBE Vector Shape - Group","hd":false},{"ty":"st","c":{"a":0,"k":[0.180392161012,0.180392161012,0.180392161012,1],"ix":3},"o":{"a":0,"k":100,"ix":4},"w":{"a":0,"k":4,"ix":5},"lc":2,"lj":2,"bm":0,"nm":"Stroke 1","mn":"ADBE Vector Graphic - Stroke","hd":false},{"ty":"tr","p":{"a":0,"k":[0,0],"ix":2},"a":{"a":0,"k":[0,0],"ix":1},"s":{"a":0,"k":[100,100],"ix":3},"r":{"a":0,"k":0,"ix":6},"o":{"a":0,"k":100,"ix":7},"sk":{"a":0,"k":0,"ix":4},"sa":{"a":0,"k":0,"ix":5},"nm":"Transform"}],"nm":"Vector","np":2,"cix":2,"bm":0,"ix":1,"mn":"ADBE Vector Group","hd":false},{"ty":"tm","s":{"a":1,"k":[{"i":{"x":[0.25],"y":[1]},"o":{"x":[0.33],"y":[0]},"t":39,"s":[100],"e":[0]},{"t":61}],"ix":1},"e":{"a":1,"k":[{"i":{"x":[0.25],"y":[1]},"o":{"x":[0.33],"y":[0]},"t":39,"s":[100],"e":[100]},{"t":61}],"ix":2},"o":{"a":0,"k":0,"ix":3},"m":1,"ix":2,"nm":"Trim Paths 1","mn":"ADBE Vector Filter - Trim","hd":false}],"ip":0,"op":1200,"st":0,"bm":0},{"ddd":0,"ind":3,"ty":4,"nm":"Vector 2","sr":1,"ks":{"o":{"a":0,"k":100,"ix":11},"r":{"a":0,"k":0,"ix":10},"p":{"a":0,"k":[38.912,24.899,0],"ix":2,"l":2},"a":{"a":0,"k":[0,0,0],"ix":1,"l":2},"s":{"a":0,"k":[100,100,100],"ix":6,"l":2}},"ao":0,"shapes":[{"ty":"gr","it":[{"ind":0,"ty":"sh","ix":1,"ks":{"a":1,"k":[{"i":{"x":0.25,"y":1},"o":{"x":0.33,"y":0},"t":21,"s":[{"i":[[0,0],[0,0]],"o":[[0,0],[0,0]],"v":[[-7.317,7.316],[-18.934,18.933]],"c":false}],"e":[{"i":[[0,0],[0,0]],"o":[[0,0],[0,0]],"v":[[5.808,-5.808],[-5.808,5.808]],"c":false}]},{"i":{"x":0.5,"y":1},"o":{"x":0.33,"y":0},"t":51,"s":[{"i":[[0,0],[0,0]],"o":[[0,0],[0,0]],"v":[[5.808,-5.808],[-5.808,5.808]],"c":false}],"e":[{"i":[[0,0],[0,0]],"o":[[0,0],[0,0]],"v":[[5.808,-5.808],[-5.808,5.808]],"c":false}]},{"i":{"x":0.5,"y":1},"o":{"x":0.5,"y":0},"t":120,"s":[{"i":[[0,0],[0,0]],"o":[[0,0],[0,0]],"v":[[5.808,-5.808],[-5.808,5.808]],"c":false}],"e":[{"i":[[0,0],[0,0]],"o":[[0,0],[0,0]],"v":[[7.526,-7.528],[-4.09,4.089]],"c":false}]},{"i":{"x":0.5,"y":1},"o":{"x":0.5,"y":0},"t":141,"s":[{"i":[[0,0],[0,0]],"o":[[0,0],[0,0]],"v":[[7.526,-7.528],[-4.09,4.089]],"c":false}],"e":[{"i":[[0,0],[0,0]],"o":[[0,0],[0,0]],"v":[[5.464,-5.465],[-6.153,6.151]],"c":false}]},{"i":{"x":0.5,"y":1},"o":{"x":0.5,"y":0},"t":156,"s":[{"i":[[0,0],[0,0]],"o":[[0,0],[0,0]],"v":[[5.464,-5.465],[-6.153,6.151]],"c":false}],"e":[{"i":[[0,0],[0,0]],"o":[[0,0],[0,0]],"v":[[7.964,-7.965],[-3.653,3.651]],"c":false}]},{"i":{"x":0.5,"y":1},"o":{"x":0.5,"y":0},"t":169,"s":[{"i":[[0,0],[0,0]],"o":[[0,0],[0,0]],"v":[[7.964,-7.965],[-3.653,3.651]],"c":false}],"e":[{"i":[[0,0],[0,0]],"o":[[0,0],[0,0]],"v":[[5.808,-5.808],[-5.808,5.808]],"c":false}]},{"i":{"x":0.5,"y":1},"o":{"x":0.5,"y":0},"t":180,"s":[{"i":[[0,0],[0,0]],"o":[[0,0],[0,0]],"v":[[5.808,-5.808],[-5.808,5.808]],"c":false}],"e":[{"i":[[0,0],[0,0]],"o":[[0,0],[0,0]],"v":[[5.808,-5.808],[-5.808,5.808]],"c":false}]},{"i":{"x":0.5,"y":1},"o":{"x":0.5,"y":0},"t":270,"s":[{"i":[[0,0],[0,0]],"o":[[0,0],[0,0]],"v":[[5.808,-5.808],[-5.808,5.808]],"c":false}],"e":[{"i":[[0,0],[0,0]],"o":[[0,0],[0,0]],"v":[[7.526,-7.528],[-4.09,4.089]],"c":false}]},{"i":{"x":0.5,"y":1},"o":{"x":0.5,"y":0},"t":291,"s":[{"i":[[0,0],[0,0]],"o":[[0,0],[0,0]],"v":[[7.526,-7.528],[-4.09,4.089]],"c":false}],"e":[{"i":[[0,0],[0,0]],"o":[[0,0],[0,0]],"v":[[5.464,-5.465],[-6.153,6.151]],"c":false}]},{"i":{"x":0.5,"y":1},"o":{"x":0.5,"y":0},"t":306,"s":[{"i":[[0,0],[0,0]],"o":[[0,0],[0,0]],"v":[[5.464,-5.465],[-6.153,6.151]],"c":false}],"e":[{"i":[[0,0],[0,0]],"o":[[0,0],[0,0]],"v":[[7.964,-7.965],[-3.653,3.651]],"c":false}]},{"i":{"x":0.5,"y":1},"o":{"x":0.5,"y":0},"t":319,"s":[{"i":[[0,0],[0,0]],"o":[[0,0],[0,0]],"v":[[7.964,-7.965],[-3.653,3.651]],"c":false}],"e":[{"i":[[0,0],[0,0]],"o":[[0,0],[0,0]],"v":[[5.808,-5.808],[-5.808,5.808]],"c":false}]},{"i":{"x":0.5,"y":1},"o":{"x":0.5,"y":0},"t":330,"s":[{"i":[[0,0],[0,0]],"o":[[0,0],[0,0]],"v":[[5.808,-5.808],[-5.808,5.808]],"c":false}],"e":[{"i":[[0,0],[0,0]],"o":[[0,0],[0,0]],"v":[[5.808,-5.808],[-5.808,5.808]],"c":false}]},{"i":{"x":0.5,"y":1},"o":{"x":0.5,"y":0},"t":420,"s":[{"i":[[0,0],[0,0]],"o":[[0,0],[0,0]],"v":[[5.808,-5.808],[-5.808,5.808]],"c":false}],"e":[{"i":[[0,0],[0,0]],"o":[[0,0],[0,0]],"v":[[7.526,-7.528],[-4.09,4.089]],"c":false}]},{"i":{"x":0.5,"y":1},"o":{"x":0.5,"y":0},"t":441,"s":[{"i":[[0,0],[0,0]],"o":[[0,0],[0,0]],"v":[[7.526,-7.528],[-4.09,4.089]],"c":false}],"e":[{"i":[[0,0],[0,0]],"o":[[0,0],[0,0]],"v":[[5.464,-5.465],[-6.153,6.151]],"c":false}]},{"i":{"x":0.5,"y":1},"o":{"x":0.5,"y":0},"t":456,"s":[{"i":[[0,0],[0,0]],"o":[[0,0],[0,0]],"v":[[5.464,-5.465],[-6.153,6.151]],"c":false}],"e":[{"i":[[0,0],[0,0]],"o":[[0,0],[0,0]],"v":[[7.964,-7.965],[-3.653,3.651]],"c":false}]},{"i":{"x":0.5,"y":1},"o":{"x":0.5,"y":0},"t":469,"s":[{"i":[[0,0],[0,0]],"o":[[0,0],[0,0]],"v":[[7.964,-7.965],[-3.653,3.651]],"c":false}],"e":[{"i":[[0,0],[0,0]],"o":[[0,0],[0,0]],"v":[[5.808,-5.808],[-5.808,5.808]],"c":false}]},{"i":{"x":0.67,"y":1},"o":{"x":0.5,"y":0},"t":480,"s":[{"i":[[0,0],[0,0]],"o":[[0,0],[0,0]],"v":[[5.808,-5.808],[-5.808,5.808]],"c":false}],"e":[{"i":[[0,0],[0,0]],"o":[[0,0],[0,0]],"v":[[5.808,-5.808],[-5.808,5.808]],"c":false}]},{"i":{"x":0.67,"y":1},"o":{"x":0.75,"y":0},"t":552,"s":[{"i":[[0,0],[0,0]],"o":[[0,0],[0,0]],"v":[[5.808,-5.808],[-5.808,5.808]],"c":false}],"e":[{"i":[[0,0],[0,0]],"o":[[0,0],[0,0]],"v":[[30.183,-30.184],[18.566,-18.567]],"c":false}]},{"t":582}],"ix":2},"nm":"Path 1","mn":"ADBE Vector Shape - Group","hd":false},{"ty":"st","c":{"a":0,"k":[0.180392161012,0.180392161012,0.180392161012,1],"ix":3},"o":{"a":0,"k":100,"ix":4},"w":{"a":0,"k":4,"ix":5},"lc":2,"lj":2,"bm":0,"nm":"Stroke 1","mn":"ADBE Vector Graphic - Stroke","hd":false},{"ty":"tr","p":{"a":0,"k":[0,0],"ix":2},"a":{"a":0,"k":[0,0],"ix":1},"s":{"a":0,"k":[100,100],"ix":3},"r":{"a":0,"k":0,"ix":6},"o":{"a":0,"k":100,"ix":7},"sk":{"a":0,"k":0,"ix":4},"sa":{"a":0,"k":0,"ix":5},"nm":"Transform"}],"nm":"Vector","np":2,"cix":2,"bm":0,"ix":1,"mn":"ADBE Vector Group","hd":false},{"ty":"tm","s":{"a":1,"k":[{"i":{"x":[0.25],"y":[1]},"o":{"x":[0.33],"y":[0]},"t":21,"s":[100],"e":[0]},{"t":51}],"ix":1},"e":{"a":0,"k":100,"ix":2},"o":{"a":0,"k":0,"ix":3},"m":1,"ix":2,"nm":"Trim Paths 1","mn":"ADBE Vector Filter - Trim","hd":false}],"ip":0,"op":1200,"st":0,"bm":0},{"ddd":0,"ind":4,"ty":4,"nm":"Vector 4","sr":1,"ks":{"o":{"a":0,"k":100,"ix":11},"r":{"a":0,"k":0,"ix":10},"p":{"a":0,"k":[24.208,30.917,0],"ix":2,"l":2},"a":{"a":0,"k":[0,0,0],"ix":1,"l":2},"s":{"a":0,"k":[100,100,100],"ix":6,"l":2}},"ao":0,"shapes":[{"ty":"gr","it":[{"ind":0,"ty":"sh","ix":1,"ks":{"a":0,"k":{"i":[[0,0],[0,3.643],[0,0],[-7.083,0],[0,0]],"o":[[-1.692,-1.587],[0,0],[0,-7.083],[0,0],[0,0]],"v":[[-3.934,13.083],[-6.375,5.334],[-6.375,-3.166],[3.542,-13.083],[6.375,-13.083]],"c":false},"ix":2},"nm":"Path 1","mn":"ADBE Vector Shape - Group","hd":false},{"ty":"st","c":{"a":0,"k":[0.180392161012,0.180392161012,0.180392161012,1],"ix":3},"o":{"a":0,"k":100,"ix":4},"w":{"a":0,"k":4,"ix":5},"lc":2,"lj":2,"bm":0,"nm":"Stroke 1","mn":"ADBE Vector Graphic - Stroke","hd":false},{"ty":"tr","p":{"a":0,"k":[0,0],"ix":2},"a":{"a":0,"k":[0,0],"ix":1},"s":{"a":0,"k":[100,100],"ix":3},"r":{"a":0,"k":0,"ix":6},"o":{"a":0,"k":100,"ix":7},"sk":{"a":0,"k":0,"ix":4},"sa":{"a":0,"k":0,"ix":5},"nm":"Transform"}],"nm":"Vector","np":2,"cix":2,"bm":0,"ix":1,"mn":"ADBE Vector Group","hd":false},{"ty":"tm","s":{"a":1,"k":[{"i":{"x":[0.25],"y":[1]},"o":{"x":[0.33],"y":[0]},"t":0,"s":[100],"e":[0]},{"i":{"x":[0.67],"y":[1]},"o":{"x":[0.33],"y":[0]},"t":30,"s":[0],"e":[0]},{"i":{"x":[0.67],"y":[1]},"o":{"x":[1],"y":[0]},"t":540,"s":[0],"e":[0]},{"t":565}],"ix":1},"e":{"a":1,"k":[{"i":{"x":[0.67],"y":[1]},"o":{"x":[0.33],"y":[0]},"t":30,"s":[100],"e":[100]},{"i":{"x":[0.67],"y":[1]},"o":{"x":[1],"y":[0]},"t":540,"s":[100],"e":[0]},{"t":565}],"ix":2},"o":{"a":0,"k":0,"ix":3},"m":1,"ix":2,"nm":"Trim Paths 1","mn":"ADBE Vector Filter - Trim","hd":false}],"ip":0,"op":1200,"st":0,"bm":0},{"ddd":0,"ind":5,"ty":4,"nm":"Vector 3","sr":1,"ks":{"o":{"a":0,"k":100,"ix":11},"r":{"a":0,"k":0,"ix":10},"p":{"a":0,"k":[33.221,39.792,0],"ix":2,"l":2},"a":{"a":0,"k":[0,0,0],"ix":1,"l":2},"s":{"a":0,"k":[100,100,100],"ix":6,"l":2}},"ao":0,"shapes":[{"ty":"gr","it":[{"ind":0,"ty":"sh","ix":1,"ks":{"a":0,"k":{"i":[[0,0],[-3.44,0],[0,0],[0,7.083],[0,0]],"o":[[1.598,1.499],[0,0],[7.083,0],[0,0],[0,0]],"v":[[-12.946,4.208],[-5.471,6.375],[3.029,6.375],[12.946,-3.542],[12.946,-6.375]],"c":false},"ix":2},"nm":"Path 1","mn":"ADBE Vector Shape - Group","hd":false},{"ty":"st","c":{"a":0,"k":[0.180392161012,0.180392161012,0.180392161012,1],"ix":3},"o":{"a":0,"k":100,"ix":4},"w":{"a":0,"k":4,"ix":5},"lc":2,"lj":2,"bm":0,"nm":"Stroke 1","mn":"ADBE Vector Graphic - Stroke","hd":false},{"ty":"tr","p":{"a":0,"k":[0,0],"ix":2},"a":{"a":0,"k":[0,0],"ix":1},"s":{"a":0,"k":[100,100],"ix":3},"r":{"a":0,"k":0,"ix":6},"o":{"a":0,"k":100,"ix":7},"sk":{"a":0,"k":0,"ix":4},"sa":{"a":0,"k":0,"ix":5},"nm":"Transform"}],"nm":"Vector","np":2,"cix":2,"bm":0,"ix":1,"mn":"ADBE Vector Group","hd":false},{"ty":"tm","s":{"a":1,"k":[{"i":{"x":[0.25],"y":[1]},"o":{"x":[0.33],"y":[0]},"t":0,"s":[100],"e":[0]},{"i":{"x":[0.67],"y":[1]},"o":{"x":[0.33],"y":[0]},"t":30,"s":[0],"e":[0]},{"t":540}],"ix":1},"e":{"a":1,"k":[{"i":{"x":[0.67],"y":[1]},"o":{"x":[0.33],"y":[0]},"t":30,"s":[100],"e":[100]},{"i":{"x":[0.67],"y":[1]},"o":{"x":[1],"y":[0]},"t":540,"s":[100],"e":[0]},{"t":565}],"ix":2},"o":{"a":0,"k":0,"ix":3},"m":1,"ix":2,"nm":"Trim Paths 1","mn":"ADBE Vector Filter - Trim","hd":false}],"ip":0,"op":1200,"st":0,"bm":0}]},{"id":"comp_2","nm":"wechat logo","fr":60,"layers":[{"ddd":0,"ind":1,"ty":4,"nm":"Union","sr":1,"ks":{"o":{"a":0,"k":100,"ix":11},"r":{"a":0,"k":0,"ix":10},"p":{"a":0,"k":[31.949,31.697,0],"ix":2,"l":2},"a":{"a":0,"k":[0,0,0],"ix":1,"l":2},"s":{"a":0,"k":[100,100,100],"ix":6,"l":2}},"ao":0,"shapes":[{"ty":"gr","it":[{"ind":0,"ty":"sh","ix":1,"ks":{"a":0,"k":{"i":[[0,-6.439],[-2.957,-2.135],[0,-0.308],[0.037,-0.151],[0.111,-0.467],[0.015,-0.058],[0.016,-0.045],[-0.005,-0.073],[-0.265,0],[-0.104,0.056],[0,0],[-0.147,0],[-0.163,-0.04],[-1.598,0.033],[-0.247,0.03],[0.015,0.949],[-7.035,-0.01],[-0.188,-0.003],[-0.063,-0.001],[6.948,0]],"o":[[0,3.467],[0.218,0.161],[0,0.107],[-0.156,0.637],[-0.065,0.275],[-0.014,0.055],[-0.028,0.081],[-0.008,0.258],[0.092,0],[0,0],[0.194,-0.118],[0.148,0],[1.423,0.364],[0.247,0.03],[-0.293,-0.902],[0.012,-5.882],[0.181,-0.007],[0.063,0.001],[-1.05,-5.533],[-7.706,0]],"v":[[-19.264,-3.938],[-14.429,4.811],[-14.095,5.464],[-14.15,5.835],[-14.582,7.634],[-14.708,8.163],[-14.754,8.312],[-14.801,8.535],[-14.336,9],[-14.057,8.907],[-10.989,7.138],[-10.43,6.96],[-9.873,7.045],[-5.317,7.604],[-4.574,7.604],[-5.038,4.812],[7.7,-5.799],[8.255,-5.802],[8.444,-5.799],[-5.317,-15.573]],"c":true},"ix":2},"nm":"Path 1","mn":"ADBE Vector Shape - Group","hd":false},{"ind":1,"ty":"sh","ix":2,"ks":{"a":0,"k":{"i":[[0.244,0],[0.226,0.094],[0.173,0.173],[0.093,0.226],[0,0.244],[-0.093,0.226],[-0.173,0.173],[-0.226,0.094],[-0.244,0],[-0.226,-0.094],[-0.173,-0.173],[-0.093,-0.226],[0,-0.244],[0.093,-0.226],[0.173,-0.173],[0.226,-0.094]],"o":[[-0.244,0],[-0.226,-0.094],[-0.173,-0.173],[-0.093,-0.226],[0,-0.244],[0.093,-0.226],[0.173,-0.173],[0.226,-0.094],[0.244,0],[0.226,0.094],[0.173,0.173],[0.093,0.226],[0,0.244],[-0.093,0.226],[-0.173,0.173],[-0.226,0.094]],"v":[[-10.059,-5.799],[-10.771,-5.941],[-11.374,-6.345],[-11.777,-6.949],[-11.919,-7.661],[-11.777,-8.373],[-11.374,-8.977],[-10.771,-9.381],[-10.059,-9.523],[-9.348,-9.381],[-8.744,-8.977],[-8.341,-8.373],[-8.2,-7.661],[-8.341,-6.949],[-8.744,-6.345],[-9.348,-5.941]],"c":true},"ix":2},"nm":"Path 2","mn":"ADBE Vector Shape - Group","hd":false},{"ind":2,"ty":"sh","ix":3,"ks":{"a":0,"k":{"i":[[0.488,-0.007],[0.226,0.094],[0.173,0.173],[0.093,0.226],[0,0.244],[-0.093,0.226],[-0.173,0.173],[-0.226,0.094],[-0.244,0],[-0.343,-0.348],[0,-0.489],[0.343,-0.348]],"o":[[-0.244,0],[-0.226,-0.094],[-0.173,-0.173],[-0.093,-0.226],[0,-0.244],[0.093,-0.226],[0.173,-0.173],[0.226,-0.094],[0.488,0.007],[0.343,0.348],[0,0.489],[-0.343,0.348]],"v":[[-0.761,-5.799],[-1.473,-5.941],[-2.076,-6.345],[-2.479,-6.949],[-2.621,-7.661],[-2.479,-8.373],[-2.076,-8.977],[-1.473,-9.381],[-0.761,-9.523],[0.536,-8.968],[1.072,-7.661],[0.536,-6.354]],"c":true},"ix":2},"nm":"Path 3","mn":"ADBE Vector Shape - Group","hd":false},{"ind":3,"ty":"sh","ix":4,"ks":{"a":0,"k":{"i":[[0,2.897],[6.422,0],[0,-5.338],[-6.423,-0.019],[-1.207,0.349],[0,0],[-0.219,0.043],[-0.171,-0.09],[-0.007,-0.004],[0,0],[-0.095,0],[0.004,0.198],[0.023,0.075],[0.005,0.016],[0.161,0.715],[0,0.191],[-0.216,0.18]],"o":[[0,-5.338],[-6.423,0],[0,5.318],[1.327,-0.019],[0,0],[0.073,-0.02],[0.225,-0.044],[0.007,0.004],[0,0],[0.116,0.062],[0.204,0],[0.004,-0.09],[-0.005,-0.016],[-0.027,-0.092],[-0.023,-0.101],[0,-0.192],[2.433,-1.729]],"v":[[19.264,4.802],[7.635,-4.854],[-3.994,4.802],[7.635,14.459],[11.45,13.902],[11.465,13.898],[11.765,13.833],[12.358,13.983],[12.38,13.995],[14.891,15.48],[15.17,15.573],[15.543,15.202],[15.5,14.961],[15.485,14.912],[14.985,12.973],[14.949,12.622],[15.264,12.045]],"c":true},"ix":2},"nm":"Path 4","mn":"ADBE Vector Shape - Group","hd":false},{"ind":4,"ty":"sh","ix":5,"ks":{"a":0,"k":{"i":[[0.868,0],[0,0.866],[-0.776,0],[0,-0.775]],"o":[[-0.776,0],[0,-0.776],[0.868,0],[0,0.866]],"v":[[3.682,3.131],[2.238,1.601],[3.682,0.16],[5.216,1.601]],"c":true},"ix":2},"nm":"Path 5","mn":"ADBE Vector Shape - Group","hd":false},{"ind":5,"ty":"sh","ix":6,"ks":{"a":0,"k":{"i":[[0.868,0],[0,0.866],[-0.776,0],[0,-0.775]],"o":[[-0.776,0],[0,-0.776],[0.868,0],[0,0.866]],"v":[[11.403,3.131],[9.96,1.601],[11.403,0.16],[12.937,1.601]],"c":true},"ix":2},"nm":"Path 6","mn":"ADBE Vector Shape - Group","hd":false},{"ty":"mm","mm":1,"nm":"Merge Paths 1","mn":"ADBE Vector Filter - Merge","hd":false},{"ty":"fl","c":{"a":0,"k":[1,1,1,1],"ix":4},"o":{"a":0,"k":100,"ix":5},"r":1,"bm":0,"nm":"Fill 1","mn":"ADBE Vector Graphic - Fill","hd":false},{"ty":"tr","p":{"a":0,"k":[0,0],"ix":2},"a":{"a":0,"k":[0,0],"ix":1},"s":{"a":0,"k":[100,100],"ix":3},"r":{"a":0,"k":0,"ix":6},"o":{"a":0,"k":100,"ix":7},"sk":{"a":0,"k":0,"ix":4},"sa":{"a":0,"k":0,"ix":5},"nm":"Transform"}],"nm":"Union","np":8,"cix":2,"bm":0,"ix":1,"mn":"ADBE Vector Group","hd":false}],"ip":0,"op":600,"st":0,"bm":0},{"ddd":0,"ind":2,"ty":4,"nm":"Ellipse 271","sr":1,"ks":{"o":{"a":0,"k":100,"ix":11},"r":{"a":0,"k":0,"ix":10},"p":{"a":0,"k":[32,32,0],"ix":2,"l":2},"a":{"a":0,"k":[0,0,0],"ix":1,"l":2},"s":{"a":0,"k":[100,100,100],"ix":6,"l":2}},"ao":0,"shapes":[{"ty":"gr","it":[{"d":1,"ty":"el","s":{"a":0,"k":[54,54],"ix":2},"p":{"a":0,"k":[0,0],"ix":3},"nm":"Ellipse Path 1","mn":"ADBE Vector Shape - Ellipse","hd":false},{"ty":"fl","c":{"a":0,"k":[0.027450980392,0.756862745098,0.376470588235,1],"ix":4},"o":{"a":0,"k":100,"ix":5},"r":1,"bm":0,"nm":"Fill 1","mn":"ADBE Vector Graphic - Fill","hd":false},{"ty":"tr","p":{"a":0,"k":[0,0],"ix":2},"a":{"a":0,"k":[0,0],"ix":1},"s":{"a":0,"k":[100,100],"ix":3},"r":{"a":0,"k":0,"ix":6},"o":{"a":0,"k":100,"ix":7},"sk":{"a":0,"k":0,"ix":4},"sa":{"a":0,"k":0,"ix":5},"nm":"Transform"}],"nm":"Ellipse 271","np":2,"cix":2,"bm":0,"ix":1,"mn":"ADBE Vector Group","hd":false}],"ip":0,"op":600,"st":0,"bm":0},{"ddd":0,"ind":3,"ty":4,"nm":"wechat logo","sr":1,"ks":{"o":{"a":0,"k":100,"ix":11},"r":{"a":0,"k":0,"ix":10},"p":{"a":0,"k":[32,32,0],"ix":2,"l":2},"a":{"a":0,"k":[0,0,0],"ix":1,"l":2},"s":{"a":0,"k":[100,100,100],"ix":6,"l":2}},"ao":0,"shapes":[{"ty":"gr","it":[{"ty":"rc","d":1,"s":{"a":0,"k":[64,64],"ix":2},"p":{"a":0,"k":[0,0],"ix":3},"r":{"a":0,"k":0,"ix":4},"nm":"Rectangle Path 1","mn":"ADBE Vector Shape - Rect","hd":false},{"ty":"tr","p":{"a":0,"k":[0,0],"ix":2},"a":{"a":0,"k":[0,0],"ix":1},"s":{"a":0,"k":[100,100],"ix":3},"r":{"a":0,"k":0,"ix":6},"o":{"a":0,"k":100,"ix":7},"sk":{"a":0,"k":0,"ix":4},"sa":{"a":0,"k":0,"ix":5},"nm":"Transform"}],"nm":"wechat logo","np":1,"cix":2,"bm":0,"ix":1,"mn":"ADBE Vector Group","hd":false}],"ip":0,"op":600,"st":0,"bm":0}]}],"layers":[{"ddd":0,"ind":1,"ty":0,"nm":"arrow notion 100","refId":"comp_0","sr":1,"ks":{"o":{"a":0,"k":100,"ix":11},"r":{"a":0,"k":0,"ix":10},"p":{"a":0,"k":[32,32,0],"ix":2,"l":2},"a":{"a":0,"k":[32,32,0],"ix":1,"l":2},"s":{"a":0,"k":[100,100,100],"ix":6,"l":2}},"ao":0,"w":64,"h":64,"ip":0,"op":602.5,"st":0,"bm":0}],"markers":[]}