{"v":"5.1.9","fr":60,"ip":0,"op":360,"w":140,"h":60,"nm":"notification_motion_cat","ddd":0,"assets":[],"layers":[{"ddd":0,"ind":1,"ty":4,"nm":"“notification_text”轮廓","sr":1,"ks":{"o":{"a":0,"k":100,"ix":11},"r":{"a":0,"k":0,"ix":10},"p":{"a":0,"k":[41.25,31.25,0],"ix":2},"a":{"a":0,"k":[5.5,30.25,0],"ix":1},"s":{"a":1,"k":[{"i":{"x":[0.667,0.667,0.667],"y":[1,1,1]},"o":{"x":[0.817,0.817,0.333],"y":[0,0,0]},"n":["0p667_1_0p817_0","0p667_1_0p817_0","0p667_1_0p333_0"],"t":54,"s":[0,0,100],"e":[102,102,100]},{"i":{"x":[0.667,0.667,0.667],"y":[1,1,1]},"o":{"x":[0.333,0.333,0.333],"y":[0,0,0]},"n":["0p667_1_0p333_0","0p667_1_0p333_0","0p667_1_0p333_0"],"t":79,"s":[102,102,100],"e":[90,90,100]},{"i":{"x":[0.667,0.667,0.667],"y":[1,1,1]},"o":{"x":[0.333,0.333,0.333],"y":[0,0,0]},"n":["0p667_1_0p333_0","0p667_1_0p333_0","0p667_1_0p333_0"],"t":89,"s":[90,90,100],"e":[95,95,100]},{"i":{"x":[0.674,0.674,0.674],"y":[1,1,1]},"o":{"x":[0.305,0.305,0.305],"y":[0,0,0]},"n":["0p674_1_0p305_0","0p674_1_0p305_0","0p674_1_0p305_0"],"t":105,"s":[95,95,100],"e":[95,95,100]},{"i":{"x":[0.833,0.833,0.833],"y":[1,1,1]},"o":{"x":[0.167,0.167,0.167],"y":[0,0,0]},"n":["0p833_1_0p167_0","0p833_1_0p167_0","0p833_1_0p167_0"],"t":212,"s":[95,95,100],"e":[0,0,100]},{"t":235}],"ix":6}},"ao":0,"shapes":[{"ty":"gr","it":[{"ind":0,"ty":"sh","ix":1,"ks":{"a":0,"k":{"i":[[0.601,0],[0,0],[0,1.119],[0,0],[0,0],[0,0],[-0.359,0],[0,0],[-0.119,0.266],[-0.066,1.641],[0,0],[0.306,-0.426]],"o":[[0,0],[-1,0],[0,0],[0,0],[0,0],[0,0.467],[0,0],[0.281,0],[0.147,-0.347],[0,0],[-0.12,2.026],[-0.294,0.374]],"v":[[37.219,8.79],[35.74,8.79],[34.24,7.111],[34.24,-8.91],[35.6,-8.91],[35.6,6.831],[36.139,7.531],[36.999,7.531],[37.6,7.131],[37.919,4.15],[39.199,4.551],[38.561,8.23]],"c":true},"ix":2},"nm":"路径 1","mn":"ADBE Vector Shape - Group","hd":false},{"ind":1,"ty":"sh","ix":2,"ks":{"a":0,"k":{"i":[[-0.747,0.253],[0,0],[0.8,-0.227],[0,0],[1.066,0],[0,0],[0,0],[-0.254,0],[0,0.547],[0,0],[1.04,-0.213],[0,0],[-0.907,0.2],[0,0],[-0.507,0.906],[0,0],[0,0],[0,0],[0,0],[0.987,-1.347],[0,0]],"o":[[0,0],[-0.653,0.213],[0,0],[0,1.081],[0,0],[0,0],[0.96,0.066],[0.439,0],[0,0],[-0.507,0.12],[0,0],[0.866,-0.16],[0,0],[0.786,-1.027],[0,0],[0,0],[0,0],[0,0],[-0.426,0.907],[0,0],[0.707,-0.187]],"v":[[33.061,-1.15],[33.061,0.251],[30.88,0.911],[30.88,7.23],[29.281,8.85],[27.38,8.85],[27.079,7.59],[28.9,7.689],[29.561,6.87],[29.561,1.271],[27.24,1.771],[26.9,0.391],[29.561,-0.15],[29.561,-4.23],[31.499,-7.13],[27.38,-7.13],[27.38,-8.41],[32.999,-8.41],[32.999,-7.21],[30.88,-3.829],[30.88,-0.49]],"c":true},"ix":2},"nm":"路径 2","mn":"ADBE Vector Shape - Group","hd":false},{"ind":2,"ty":"sh","ix":3,"ks":{"a":0,"k":{"i":[[0,0],[0,0],[0,0],[0,0]],"o":[[0,0],[0,0],[0,0],[0,0]],"v":[[22.999,4.57],[24.96,4.57],[24.96,-6.27],[22.999,-6.27]],"c":true},"ix":2},"nm":"路径 3","mn":"ADBE Vector Shape - Group","hd":false},{"ind":3,"ty":"sh","ix":4,"ks":{"a":0,"k":{"i":[[0,0],[0,0],[0,0],[0,0],[0,0],[0,0],[0,0],[0,0]],"o":[[0,0],[0,0],[0,0],[0,0],[0,0],[0,0],[0,0],[0,0]],"v":[[26.259,-7.549],[26.259,7.111],[24.96,7.111],[24.96,5.85],[22.999,5.85],[22.999,7.59],[21.68,7.59],[21.68,-7.549]],"c":true},"ix":2},"nm":"路径 4","mn":"ADBE Vector Shape - Group","hd":false},{"ind":4,"ty":"sh","ix":5,"ks":{"a":0,"k":{"i":[[0,0],[0,0],[0,0],[0,0]],"o":[[0,0],[0,0],[0,0],[0,0]],"v":[[6.46,7.111],[15.499,7.111],[15.499,5.751],[6.46,5.751]],"c":true},"ix":2},"nm":"路径 5","mn":"ADBE Vector Shape - Group","hd":false},{"ind":5,"ty":"sh","ix":6,"ks":{"a":0,"k":{"i":[[0,0]],"o":[[0,0]],"v":[[6.46,5.751]],"c":false},"ix":2},"nm":"路径 6","mn":"ADBE Vector Shape - Group","hd":false},{"ind":6,"ty":"sh","ix":7,"ks":{"a":0,"k":{"i":[[0,0],[0,0],[0,0],[0,0]],"o":[[0,0],[0,0],[0,0],[0,0]],"v":[[15.499,0.911],[6.46,0.911],[6.46,2.251],[15.499,2.251]],"c":true},"ix":2},"nm":"路径 7","mn":"ADBE Vector Shape - Group","hd":false},{"ind":7,"ty":"sh","ix":8,"ks":{"a":0,"k":{"i":[[0,0]],"o":[[0,0]],"v":[[15.499,2.251]],"c":false},"ix":2},"nm":"路径 8","mn":"ADBE Vector Shape - Group","hd":false},{"ind":8,"ty":"sh","ix":9,"ks":{"a":0,"k":{"i":[[0,0],[0,0],[0,0],[0,0]],"o":[[0,0],[0,0],[0,0],[0,0]],"v":[[6.46,4.631],[15.499,4.631],[15.499,3.37],[6.46,3.37]],"c":true},"ix":2},"nm":"路径 9","mn":"ADBE Vector Shape - Group","hd":false},{"ind":9,"ty":"sh","ix":10,"ks":{"a":0,"k":{"i":[[0,0]],"o":[[0,0]],"v":[[6.46,3.37]],"c":false},"ix":2},"nm":"路径 10","mn":"ADBE Vector Shape - Group","hd":false},{"ind":10,"ty":"sh","ix":11,"ks":{"a":0,"k":{"i":[[0,0],[0,0],[-0.334,0.786],[2.281,0],[0,0],[-3.747,0.76],[0,0],[2.559,-0.2],[0.24,-0.6],[0,0],[0,0],[0,0],[0.346,-0.587],[0,0],[0,0],[0,0],[0.333,-0.387],[0,0],[0,0],[0,0],[0,0],[0,0],[0,0],[0,0],[0,0],[1.161,-0.787],[0,0],[-1.401,1.653],[0,0],[0,0],[0,0],[-0.252,0.427],[0,0]],"o":[[0,0],[0.08,-0.187],[-1.96,0.12],[0,0],[5.667,0],[0,0],[-1.854,0.413],[-0.148,0.44],[0,0],[0,0],[0,0],[-0.16,0.32],[0,0],[0,0],[0,0],[-0.401,0.533],[0,0],[0,0],[0,0],[0,0],[0,0],[0,0],[0,0],[0,0],[-1.093,0.987],[0,0],[2.2,-1.493],[0,0],[0,0],[0,0],[0.333,-0.48],[0,0],[0,0]],"v":[[2.521,-5.529],[8.861,-5.529],[9.48,-6.99],[3.12,-6.809],[2.7,-8.01],[16.82,-9.15],[17.48,-8.01],[10.861,-7.089],[10.281,-5.529],[17.719,-5.529],[17.719,-4.29],[9.699,-4.29],[8.941,-2.93],[18.88,-2.93],[18.88,-1.649],[8.061,-1.649],[6.96,-0.27],[16.88,-0.27],[16.88,9.15],[15.499,9.15],[15.499,8.29],[6.46,8.29],[6.46,9.15],[5.079,9.15],[5.079,1.65],[1.7,4.311],[0.92,3.07],[6.32,-1.649],[1.441,-1.649],[1.441,-2.93],[7.32,-2.93],[8.199,-4.29],[2.521,-4.29]],"c":true},"ix":2},"nm":"路径 11","mn":"ADBE Vector Shape - Group","hd":false},{"ind":11,"ty":"sh","ix":12,"ks":{"a":0,"k":{"i":[[0,0],[0,0],[0,0],[0,0]],"o":[[0,0],[0,0],[0,0],[0,0]],"v":[[-13.54,7.111],[-4.501,7.111],[-4.501,5.751],[-13.54,5.751]],"c":true},"ix":2},"nm":"路径 12","mn":"ADBE Vector Shape - Group","hd":false},{"ind":12,"ty":"sh","ix":13,"ks":{"a":0,"k":{"i":[[0,0]],"o":[[0,0]],"v":[[-13.54,5.751]],"c":false},"ix":2},"nm":"路径 13","mn":"ADBE Vector Shape - Group","hd":false},{"ind":13,"ty":"sh","ix":14,"ks":{"a":0,"k":{"i":[[0,0],[0,0],[0,0],[0,0]],"o":[[0,0],[0,0],[0,0],[0,0]],"v":[[-4.501,0.911],[-13.54,0.911],[-13.54,2.251],[-4.501,2.251]],"c":true},"ix":2},"nm":"路径 14","mn":"ADBE Vector Shape - Group","hd":false},{"ind":14,"ty":"sh","ix":15,"ks":{"a":0,"k":{"i":[[0,0]],"o":[[0,0]],"v":[[-4.501,2.251]],"c":false},"ix":2},"nm":"路径 15","mn":"ADBE Vector Shape - Group","hd":false},{"ind":15,"ty":"sh","ix":16,"ks":{"a":0,"k":{"i":[[0,0],[0,0],[0,0],[0,0]],"o":[[0,0],[0,0],[0,0],[0,0]],"v":[[-13.54,4.631],[-4.501,4.631],[-4.501,3.37],[-13.54,3.37]],"c":true},"ix":2},"nm":"路径 16","mn":"ADBE Vector Shape - Group","hd":false},{"ind":16,"ty":"sh","ix":17,"ks":{"a":0,"k":{"i":[[0,0]],"o":[[0,0]],"v":[[-13.54,3.37]],"c":false},"ix":2},"nm":"路径 17","mn":"ADBE Vector Shape - Group","hd":false},{"ind":17,"ty":"sh","ix":18,"ks":{"a":0,"k":{"i":[[0,0],[0,0],[-0.333,0.786],[2.28,0],[0,0],[-3.747,0.76],[0,0],[2.56,-0.2],[0.239,-0.6],[0,0],[0,0],[0,0],[0.347,-0.587],[0,0],[0,0],[0,0],[0.334,-0.387],[0,0],[0,0],[0,0],[0,0],[0,0],[0,0],[0,0],[0,0],[1.16,-0.787],[0,0],[-1.401,1.653],[0,0],[0,0],[0,0],[-0.253,0.427],[0,0]],"o":[[0,0],[0.08,-0.187],[-1.96,0.12],[0,0],[5.667,0],[0,0],[-1.854,0.413],[-0.146,0.44],[0,0],[0,0],[0,0],[-0.16,0.32],[0,0],[0,0],[0,0],[-0.4,0.533],[0,0],[0,0],[0,0],[0,0],[0,0],[0,0],[0,0],[0,0],[-1.093,0.987],[0,0],[2.2,-1.493],[0,0],[0,0],[0,0],[0.333,-0.48],[0,0],[0,0]],"v":[[-17.48,-5.529],[-11.141,-5.529],[-10.521,-6.99],[-16.88,-6.809],[-17.301,-8.01],[-3.18,-9.15],[-2.52,-8.01],[-9.141,-7.089],[-9.719,-5.529],[-2.281,-5.529],[-2.281,-4.29],[-10.301,-4.29],[-11.061,-2.93],[-1.12,-2.93],[-1.12,-1.649],[-11.941,-1.649],[-13.04,-0.27],[-3.12,-0.27],[-3.12,9.15],[-4.501,9.15],[-4.501,8.29],[-13.54,8.29],[-13.54,9.15],[-14.921,9.15],[-14.921,1.65],[-18.301,4.311],[-19.081,3.07],[-13.68,-1.649],[-18.561,-1.649],[-18.561,-2.93],[-12.68,-2.93],[-11.801,-4.29],[-17.48,-4.29]],"c":true},"ix":2},"nm":"路径 18","mn":"ADBE Vector Shape - Group","hd":false},{"ind":18,"ty":"sh","ix":19,"ks":{"a":0,"k":{"i":[[-1.213,2.253],[0,0],[0,0],[0,0],[0,0],[0,0],[0,0],[0,0],[0,0],[0,0],[0,0],[0,0],[0,0],[0,0],[0,0],[0,0],[-0.574,1.626],[0,0],[0.746,-1.174],[0,0],[0,0],[0,0],[-3.414,-1.787],[0,0],[1.427,2.706],[0,0],[0,0],[0,0],[0,0],[0,0],[3.8,-2.066],[0,0]],"o":[[0,0],[0,0],[0,0],[0,0],[0,0],[0,0],[0,0],[0,0],[0,0],[0,0],[0,0],[0,0],[0,0],[0,0],[0,0],[0.759,-1.32],[0,0],[-0.573,1.44],[0,0],[0,0],[0,0],[1.413,2.267],[0,0],[-3.533,-2.172],[0,0],[0,0],[0,0],[0,0],[0,0],[-1.28,2.826],[0,0],[3.613,-1.786]],"v":[[-31.96,0.951],[-38.641,0.951],[-38.641,-0.43],[-30.66,-0.43],[-30.66,-5.449],[-37.861,-5.449],[-37.861,-6.829],[-30.66,-6.829],[-30.66,-9.13],[-29.18,-9.13],[-29.18,-6.829],[-21.82,-6.829],[-21.82,-5.449],[-29.18,-5.449],[-29.18,-0.43],[-27.18,-0.43],[-25.18,-4.85],[-23.781,-4.35],[-25.76,-0.43],[-21.24,-0.43],[-21.24,0.951],[-27.921,0.951],[-20.68,7.031],[-21.661,8.27],[-29.1,0.951],[-29.18,0.951],[-29.18,9.09],[-30.66,9.09],[-30.66,0.951],[-30.781,0.951],[-38.4,8.29],[-39.199,7.01]],"c":true},"ix":2},"nm":"路径 19","mn":"ADBE Vector Shape - Group","hd":false},{"ind":19,"ty":"sh","ix":20,"ks":{"a":0,"k":{"i":[[0,0],[-0.613,-1.253],[0,0],[0.72,1.053]],"o":[[0.641,1],[0,0],[-0.547,-1.213],[0,0]],"v":[[-34.861,-4.669],[-32.98,-1.29],[-34.219,-0.669],[-36.12,-4.07]],"c":true},"ix":2},"nm":"路径 20","mn":"ADBE Vector Shape - Group","hd":false},{"ty":"mm","mm":1,"nm":"合并路径 1","mn":"ADBE Vector Filter - Merge","hd":false},{"ty":"fl","c":{"a":0,"k":[0.276192190133,0.27619117288,0.276192369648,1],"ix":4},"o":{"a":0,"k":100,"ix":5},"r":1,"nm":"填充 1","mn":"ADBE Vector Graphic - Fill","hd":false},{"ty":"tr","p":{"a":0,"k":[55.92,14.87],"ix":2},"a":{"a":0,"k":[0,0],"ix":1},"s":{"a":0,"k":[100,100],"ix":3},"r":{"a":0,"k":0,"ix":6},"o":{"a":0,"k":100,"ix":7},"sk":{"a":0,"k":0,"ix":4},"sa":{"a":0,"k":0,"ix":5},"nm":"变换"}],"nm":"组 1","np":22,"cix":2,"ix":1,"mn":"ADBE Vector Group","hd":false},{"ty":"gr","it":[{"ind":0,"ty":"sh","ix":1,"ks":{"a":0,"k":{"i":[[0,0],[0,-4.962],[0,0],[3.161,-2.299],[-0.169,-0.52],[-0.835,0],[0,0],[0,4.963],[0,0],[4.963,0]],"o":[[-4.962,0],[0,0],[0,3.909],[-0.676,0.491],[0.169,0.52],[0,0],[4.963,0],[0,0],[0,-4.962],[0,0]],"v":[[-32.543,-14],[-41.543,-5],[-41.543,1.267],[-46.591,11.181],[-47.157,12.923],[-45.674,14],[38.457,14],[47.457,5],[47.457,-5],[38.457,-14]],"c":true},"ix":2},"nm":"路径 1","mn":"ADBE Vector Shape - Group","hd":false},{"ind":1,"ty":"sh","ix":2,"ks":{"a":0,"k":{"i":[[5.514,0],[0,0],[0.349,1.075],[-0.913,0.664],[0,3.589],[0,0],[-5.514,0],[0,0],[0,-5.514],[0,0]],"o":[[0,0],[-1.13,0],[-0.349,-1.073],[2.903,-2.111],[0,0],[0,-5.514],[0,0],[5.514,0],[0,0],[0,5.514]],"v":[[38.457,15],[-45.674,15],[-48.108,13.232],[-47.179,10.372],[-42.543,1.267],[-42.543,-5],[-32.543,-15],[38.457,-15],[48.457,-5],[48.457,5]],"c":true},"ix":2},"nm":"路径 2","mn":"ADBE Vector Shape - Group","hd":false},{"ty":"mm","mm":1,"nm":"合并路径 1","mn":"ADBE Vector Filter - Merge","hd":false},{"ty":"fl","c":{"a":0,"k":[0.276192190133,0.27619117288,0.276192369648,1],"ix":4},"o":{"a":0,"k":100,"ix":5},"r":1,"nm":"填充 1","mn":"ADBE Vector Graphic - Fill","hd":false},{"ty":"tr","p":{"a":0,"k":[53.543,15],"ix":2},"a":{"a":0,"k":[0,0],"ix":1},"s":{"a":0,"k":[100,100],"ix":3},"r":{"a":0,"k":0,"ix":6},"o":{"a":0,"k":100,"ix":7},"sk":{"a":0,"k":0,"ix":4},"sa":{"a":0,"k":0,"ix":5},"nm":"变换"}],"nm":"组 2","np":4,"cix":2,"ix":2,"mn":"ADBE Vector Group","hd":false},{"ty":"gr","it":[{"ind":0,"ty":"sh","ix":1,"ks":{"a":0,"k":{"i":[[0,0],[-5.247,0],[0,0],[0,-5.247],[0,0],[5.247,0],[0,0],[0,0],[-1.613,1.173],[0,3.762]],"o":[[0,-5.247],[0,0],[5.247,0],[0,0],[0,5.247],[0,0],[0,0],[-1.994,0],[3.042,-2.213],[0,0]],"v":[[-41.773,-5],[-32.273,-14.5],[38.728,-14.5],[48.228,-5],[48.228,5],[38.728,14.5],[-42.273,14.5],[-45.404,14.5],[-46.615,10.776],[-41.773,1.267]],"c":true},"ix":2},"nm":"路径 1","mn":"ADBE Vector Shape - Group","hd":false},{"ty":"fl","c":{"a":0,"k":[1,0.999998922909,1,1],"ix":4},"o":{"a":0,"k":100,"ix":5},"r":1,"nm":"填充 1","mn":"ADBE Vector Graphic - Fill","hd":false},{"ty":"tr","p":{"a":0,"k":[53.272,15],"ix":2},"a":{"a":0,"k":[0,0],"ix":1},"s":{"a":0,"k":[100,100],"ix":3},"r":{"a":0,"k":0,"ix":6},"o":{"a":0,"k":100,"ix":7},"sk":{"a":0,"k":0,"ix":4},"sa":{"a":0,"k":0,"ix":5},"nm":"变换"}],"nm":"组 3","np":2,"cix":2,"ix":3,"mn":"ADBE Vector Group","hd":false}],"ip":0,"op":360,"st":0,"bm":0},{"ddd":0,"ind":2,"ty":4,"nm":"“notification_motion_cat”轮廓","sr":1,"ks":{"o":{"a":0,"k":100,"ix":11},"r":{"a":0,"k":0,"ix":10},"p":{"a":0,"k":[24.5,36,0],"ix":2},"a":{"a":0,"k":[24,24,0],"ix":1},"s":{"a":0,"k":[100,100,100],"ix":6}},"ao":0,"shapes":[{"ty":"gr","it":[{"ind":0,"ty":"sh","ix":1,"ks":{"a":0,"k":{"i":[[0,0],[0,0],[0,0],[0,0]],"o":[[0,0],[0,0],[0,0],[0,0]],"v":[[11.75,-0.25],[-0.5,-0.375],[-0.5,48.5],[11.75,48.5]],"c":true},"ix":2},"nm":"路径 1","mn":"ADBE Vector Shape - Group","hd":false},{"ty":"st","c":{"a":0,"k":[0.180000005984,0.180000005984,0.180000005984,1],"ix":3},"o":{"a":0,"k":100,"ix":4},"w":{"a":0,"k":0,"ix":5},"lc":1,"lj":1,"ml":4,"nm":"描边 1","mn":"ADBE Vector Graphic - Stroke","hd":false},{"ty":"fl","c":{"a":0,"k":[1,1,1,1],"ix":4},"o":{"a":0,"k":100,"ix":5},"r":1,"nm":"填充 1","mn":"ADBE Vector Graphic - Fill","hd":false},{"ty":"tr","p":{"a":0,"k":[0,0],"ix":2},"a":{"a":0,"k":[0,0],"ix":1},"s":{"a":0,"k":[100,100],"ix":3},"r":{"a":0,"k":0,"ix":6},"o":{"a":0,"k":100,"ix":7},"sk":{"a":0,"k":0,"ix":4},"sa":{"a":0,"k":0,"ix":5},"nm":"变换"}],"nm":"形状 1","np":3,"cix":2,"ix":1,"mn":"ADBE Vector Group","hd":false},{"ty":"gr","it":[{"ty":"gr","it":[{"ind":0,"ty":"sh","ix":1,"ks":{"a":0,"k":{"i":[[0.201,0.446],[0.248,-0.039],[0.171,-0.145],[-0.414,-0.035],[-0.545,-0.069],[0.208,0.575]],"o":[[-0.103,-0.229],[-1.052,0.163],[-0.213,0.18],[0.378,0.031],[0.545,0.069],[-0.137,-0.379]],"v":[[1.982,-0.935],[1.394,-1.258],[-2.539,-0.518],[-2.432,0.71],[1.719,1.228],[2.638,0.611]],"c":true},"ix":2},"nm":"路径 1","mn":"ADBE Vector Shape - Group","hd":false},{"ind":1,"ty":"sh","ix":2,"ks":{"a":0,"k":{"i":[[0.056,-0.028],[0,0],[0,0],[0.092,0.024],[0.053,0.078],[0,0],[0,0],[-0.007,0.087],[-0.058,0.064],[0,0],[0,0],[-0.102,0.005],[-0.076,-0.068],[0,0],[-0.022,-0.059],[0.009,-0.063],[0.037,-0.051]],"o":[[0,0],[0,0],[-0.084,0.043],[-0.091,-0.024],[0,0],[0,0],[-0.049,-0.072],[0.006,-0.088],[0,0],[0,0],[0.07,-0.075],[0.102,-0.005],[0,0],[0.047,0.042],[0.022,0.059],[-0.009,0.062],[-0.036,0.051]],"v":[[0.334,-2.874],[0.334,-2.874],[-2.637,-1.364],[-2.909,-1.334],[-3.132,-1.492],[-3.213,-1.611],[-3.213,-1.612],[-3.278,-1.857],[-3.178,-2.091],[-1.093,-4.353],[-1.093,-4.354],[-0.826,-4.478],[-0.549,-4.379],[0.419,-3.506],[0.523,-3.352],[0.543,-3.167],[0.475,-2.995]],"c":true},"ix":2},"nm":"路径 2","mn":"ADBE Vector Shape - Group","hd":false},{"ind":2,"ty":"sh","ix":3,"ks":{"a":0,"k":{"i":[[0,0],[0,0],[0,0],[-0.251,0.229],[0,0],[0.384,0.215]],"o":[[0,0],[0,0],[0.244,0.237],[0,0],[0.327,-0.296],[0,0]],"v":[[-2.097,2.109],[-2.721,2.871],[-0.54,4.991],[0.341,5.006],[0.718,4.664],[0.601,3.625]],"c":true},"ix":2},"nm":"路径 3","mn":"ADBE Vector Shape - Group","hd":false},{"ty":"st","c":{"a":0,"k":[0.180000005984,0.180000005984,0.180000005984,1],"ix":3},"o":{"a":0,"k":100,"ix":4},"w":{"a":0,"k":0.195,"ix":5},"lc":1,"lj":1,"ml":4,"nm":"描边 1","mn":"ADBE Vector Graphic - Stroke","hd":false},{"ty":"fl","c":{"a":0,"k":[0.180000005984,0.180000005984,0.180000005984,1],"ix":4},"o":{"a":0,"k":100,"ix":5},"r":1,"nm":"填充 1","mn":"ADBE Vector Graphic - Fill","hd":false},{"ty":"tr","p":{"a":0,"k":[36.368,23.614],"ix":2},"a":{"a":0,"k":[0,0],"ix":1},"s":{"a":0,"k":[100,100],"ix":3},"r":{"a":0,"k":0,"ix":6},"o":{"a":1,"k":[{"i":{"x":[0.833],"y":[0.833]},"o":{"x":[0.167],"y":[0.167]},"n":["0p833_0p833_0p167_0p167"],"t":62,"s":[100],"e":[0]},{"i":{"x":[0.833],"y":[0.833]},"o":{"x":[0.167],"y":[0.167]},"n":["0p833_0p833_0p167_0p167"],"t":68,"s":[0],"e":[0]},{"i":{"x":[0.833],"y":[0.833]},"o":{"x":[0.167],"y":[0.167]},"n":["0p833_0p833_0p167_0p167"],"t":76,"s":[0],"e":[100]},{"i":{"x":[0.833],"y":[0.833]},"o":{"x":[0.167],"y":[0.167]},"n":["0p833_0p833_0p167_0p167"],"t":82,"s":[100],"e":[0]},{"i":{"x":[0.833],"y":[0.833]},"o":{"x":[0.167],"y":[0.167]},"n":["0p833_0p833_0p167_0p167"],"t":90,"s":[0],"e":[100]},{"t":96}],"ix":7},"sk":{"a":0,"k":0,"ix":4},"sa":{"a":0,"k":0,"ix":5},"nm":"变换"}],"nm":"dot","np":5,"cix":2,"ix":1,"mn":"ADBE Vector Group","hd":false},{"ty":"gr","it":[{"ind":0,"ty":"sh","ix":1,"ks":{"a":0,"k":{"i":[[0.319,0.259],[0,0],[0.156,0.4],[-0.236,0.293],[-0.463,-0.027],[-0.314,-0.253],[0,0],[-0.102,-0.417],[0.242,-0.299],[0.402,0.055]],"o":[[0,0],[-0.32,-0.259],[-0.158,-0.4],[0.241,-0.296],[0.461,0.027],[0,0],[0.3,0.255],[0.104,0.43],[-0.239,0.295],[-0.404,-0.057]],"v":[[-0.751,0.988],[-0.751,0.988],[-1.529,-0.059],[-1.454,-1.143],[-0.327,-1.531],[0.921,-1.077],[0.949,-1.057],[1.587,0.016],[1.406,1.174],[0.396,1.503]],"c":true},"ix":2},"nm":"路径 1","mn":"ADBE Vector Shape - Group","hd":false},{"ind":1,"ty":"sh","ix":2,"ks":{"a":0,"k":{"i":[[0,0],[0,0],[0,0]],"o":[[0,0],[0,0],[0,0]],"v":[[-0.264,0.385],[-0.264,0.385],[-0.204,0.311]],"c":false},"ix":2},"nm":"路径 2","mn":"ADBE Vector Shape - Group","hd":false},{"ind":2,"ty":"sh","ix":3,"ks":{"a":0,"k":{"i":[[0,0],[0,0],[0,0]],"o":[[0,0],[0,0],[0,0]],"v":[[-0.264,0.385],[-0.264,0.387],[-0.204,0.311]],"c":false},"ix":2},"nm":"路径 3","mn":"ADBE Vector Shape - Group","hd":false},{"ind":3,"ty":"sh","ix":4,"ks":{"a":0,"k":{"i":[[0,0],[0.409,0.331]],"o":[[-0.064,0.079],[0,0]],"v":[[0.729,0.626],[-0.204,0.311]],"c":false},"ix":2},"nm":"路径 4","mn":"ADBE Vector Shape - Group","hd":false},{"ind":4,"ty":"sh","ix":5,"ks":{"a":0,"k":{"i":[[0,0],[0.028,-0.008],[0.034,0],[0.092,0.025],[0.216,0.175]],"o":[[-0.026,0.033],[-0.03,0.008],[-0.07,0],[-0.186,-0.051],[0,0]],"v":[[0.803,0.687],[0.712,0.743],[0.613,0.755],[0.367,0.717],[-0.264,0.385]],"c":false},"ix":2},"nm":"路径 5","mn":"ADBE Vector Shape - Group","hd":false},{"ind":5,"ty":"sh","ix":6,"ks":{"a":0,"k":{"i":[[0,0],[0,0],[0,0]],"o":[[0,0],[0,0],[0,0]],"v":[[0.803,0.687],[0.803,0.687],[0.729,0.626]],"c":false},"ix":2},"nm":"路径 6","mn":"ADBE Vector Shape - Group","hd":false},{"ind":6,"ty":"sh","ix":7,"ks":{"a":0,"k":{"i":[[0,0],[0,0]],"o":[[0,0],[0,0]],"v":[[0.803,0.687],[0.729,0.626]],"c":false},"ix":2},"nm":"路径 7","mn":"ADBE Vector Shape - Group","hd":false},{"ind":7,"ty":"sh","ix":8,"ks":{"a":0,"k":{"i":[[0,0],[0,0]],"o":[[0,0],[0,0]],"v":[[0.434,-0.478],[-0.204,0.311]],"c":false},"ix":2},"nm":"路径 8","mn":"ADBE Vector Shape - Group","hd":false},{"ind":8,"ty":"sh","ix":9,"ks":{"a":0,"k":{"i":[[0,0],[0.239,0.03],[0.095,-0.012],[0.039,-0.014],[0.03,-0.035],[0,0],[0.002,-0.016],[-0.001,-0.015],[-0.011,-0.033],[-0.05,-0.092],[-0.226,-0.181]],"o":[[-0.197,-0.159],[-0.121,-0.016],[-0.048,0.007],[-0.038,0.014],[0,0],[-0.017,0.023],[-0.003,0.018],[0.002,0.03],[0.02,0.07],[0.101,0.184],[0,0]],"v":[[0.434,-0.478],[-0.281,-0.753],[-0.613,-0.758],[-0.745,-0.728],[-0.854,-0.657],[-0.855,-0.656],[-0.88,-0.594],[-0.882,-0.545],[-0.861,-0.449],[-0.755,-0.202],[-0.264,0.385]],"c":false},"ix":2},"nm":"路径 9","mn":"ADBE Vector Shape - Group","hd":false},{"ind":9,"ty":"sh","ix":10,"ks":{"a":0,"k":{"i":[[0,0],[0,0]],"o":[[0,0],[0,0]],"v":[[0.434,-0.478],[0.729,0.626]],"c":false},"ix":2},"nm":"路径 10","mn":"ADBE Vector Shape - Group","hd":false},{"ind":10,"ty":"sh","ix":11,"ks":{"a":0,"k":{"i":[[0,0],[0,0],[-0.066,-0.215],[-0.001,-0.094],[0.054,-0.066]],"o":[[0,0],[0.187,0.153],[0.034,0.108],[0.001,0.089],[0,0]],"v":[[0.434,-0.478],[0.436,-0.478],[0.816,0.128],[0.87,0.436],[0.803,0.687]],"c":false},"ix":2},"nm":"路径 11","mn":"ADBE Vector Shape - Group","hd":false},{"ty":"mm","mm":1,"nm":"合并路径 1","mn":"ADBE Vector Filter - Merge","hd":false},{"ty":"st","c":{"a":0,"k":[0.180000005984,0.180000005984,0.180000005984,1],"ix":3},"o":{"a":0,"k":100,"ix":4},"w":{"a":0,"k":0.195,"ix":5},"lc":1,"lj":1,"ml":4,"nm":"描边 1","mn":"ADBE Vector Graphic - Stroke","hd":false},{"ty":"fl","c":{"a":0,"k":[0.180000005984,0.180000005984,0.180000005984,1],"ix":4},"o":{"a":0,"k":100,"ix":5},"r":1,"nm":"填充 1","mn":"ADBE Vector Graphic - Fill","hd":false},{"ty":"tr","p":{"a":0,"k":[14.113,39.815],"ix":2},"a":{"a":0,"k":[0,0],"ix":1},"s":{"a":0,"k":[100,100],"ix":3},"r":{"a":0,"k":0,"ix":6},"o":{"a":0,"k":100,"ix":7},"sk":{"a":0,"k":0,"ix":4},"sa":{"a":0,"k":0,"ix":5},"nm":"变换"}],"nm":"组 3","np":14,"cix":2,"ix":2,"mn":"ADBE Vector Group","hd":false},{"ty":"gr","it":[{"ind":0,"ty":"sh","ix":1,"ks":{"a":0,"k":{"i":[[-0.4,1.104],[0,0],[0,0],[0,0],[0,0],[0.902,-0.661],[1.416,-0.042],[0,0],[0,0],[-0.813,0.537]],"o":[[0,0],[0,0],[0,0],[0,0],[-0.428,1.265],[-0.924,0.678],[0,0],[0,0],[1.228,-0.013],[0.835,-0.55]],"v":[[2.059,-1.962],[2.059,-1.962],[2.06,-1.963],[2.11,-2.109],[2.847,-1.87],[0.846,1.02],[-2.667,2.106],[-2.847,2.109],[-2.847,1.337],[0.213,0.519]],"c":true},"ix":2},"nm":"路径 1","mn":"ADBE Vector Shape - Group","hd":false},{"ty":"st","c":{"a":0,"k":[0.180000005984,0.180000005984,0.180000005984,1],"ix":3},"o":{"a":0,"k":100,"ix":4},"w":{"a":0,"k":0.195,"ix":5},"lc":1,"lj":1,"ml":4,"nm":"描边 1","mn":"ADBE Vector Graphic - Stroke","hd":false},{"ty":"fl","c":{"a":0,"k":[0.180000005984,0.180000005984,0.180000005984,1],"ix":4},"o":{"a":0,"k":100,"ix":5},"r":1,"nm":"填充 1","mn":"ADBE Vector Graphic - Fill","hd":false},{"ty":"tr","p":{"a":0,"k":[15.948,39.702],"ix":2},"a":{"a":0,"k":[0,0],"ix":1},"s":{"a":0,"k":[100,100],"ix":3},"r":{"a":0,"k":0,"ix":6},"o":{"a":0,"k":100,"ix":7},"sk":{"a":0,"k":0,"ix":4},"sa":{"a":0,"k":0,"ix":5},"nm":"变换"}],"nm":"组 4","np":3,"cix":2,"ix":3,"mn":"ADBE Vector Group","hd":false},{"ty":"gr","it":[{"ind":0,"ty":"sh","ix":1,"ks":{"a":0,"k":{"i":[[0,0],[0,0],[0,0],[0,0]],"o":[[0,0],[0,0],[0,0],[0,0]],"v":[[-12.151,-15.883],[-11.378,-15.883],[-11.378,15.883],[-12.151,15.883]],"c":true},"ix":2},"nm":"路径 1","mn":"ADBE Vector Shape - Group","hd":false},{"ty":"mm","mm":1,"nm":"合并路径 1","mn":"ADBE Vector Filter - Merge","hd":false},{"ty":"st","c":{"a":0,"k":[0.180000005984,0.180000005984,0.180000005984,1],"ix":3},"o":{"a":0,"k":100,"ix":4},"w":{"a":0,"k":0.195,"ix":5},"lc":1,"lj":1,"ml":4,"nm":"描边 1","mn":"ADBE Vector Graphic - Stroke","hd":false},{"ty":"fl","c":{"a":0,"k":[0.180000005984,0.180000005984,0.180000005984,1],"ix":4},"o":{"a":0,"k":100,"ix":5},"r":1,"nm":"填充 1","mn":"ADBE Vector Graphic - Fill","hd":false},{"ty":"tr","p":{"a":0,"k":[24.769,26.105],"ix":2},"a":{"a":0,"k":[0,0],"ix":1},"s":{"a":0,"k":[100,100],"ix":3},"r":{"a":0,"k":0,"ix":6},"o":{"a":0,"k":100,"ix":7},"sk":{"a":0,"k":0,"ix":4},"sa":{"a":0,"k":0,"ix":5},"nm":"变换"}],"nm":"组 5","np":4,"cix":2,"ix":4,"mn":"ADBE Vector Group","hd":false},{"ty":"gr","it":[{"ind":0,"ty":"sh","ix":1,"ks":{"a":0,"k":{"i":[[-0.23,-0.261],[0.244,-0.823],[0.317,0.031],[-0.167,0.464]],"o":[[0.229,0.261],[-0.243,0.824],[-0.316,-0.032],[0.168,-0.466]],"v":[[7.613,2.083],[7.471,3.795],[6.633,5.395],[5.169,2.997]],"c":true},"ix":2},"nm":"路径 1","mn":"ADBE Vector Shape - Group","hd":false},{"ind":1,"ty":"sh","ix":2,"ks":{"a":0,"k":{"i":[[0.341,0.068],[0.591,-0.622],[-0.186,-0.258],[-0.32,0.378]],"o":[[-0.342,-0.068],[-0.591,0.622],[0.185,0.258],[0.318,-0.378]],"v":[[-5.277,-5.358],[-6.688,-4.38],[-7.656,-2.855],[-4.844,-2.785]],"c":true},"ix":2},"nm":"路径 2","mn":"ADBE Vector Shape - Group","hd":false},{"ty":"mm","mm":1,"nm":"合并路径 1","mn":"ADBE Vector Filter - Merge","hd":false},{"ty":"fl","c":{"a":0,"k":[0.964999988032,0.698000021542,0.694000004787,1],"ix":4},"o":{"a":0,"k":100,"ix":5},"r":1,"nm":"填充 1","mn":"ADBE Vector Graphic - Fill","hd":false},{"ty":"tr","p":{"a":0,"k":[21.799,14.102],"ix":2},"a":{"a":0,"k":[0,0],"ix":1},"s":{"a":0,"k":[100,100],"ix":3},"r":{"a":0,"k":0,"ix":6},"o":{"a":0,"k":100,"ix":7},"sk":{"a":0,"k":0,"ix":4},"sa":{"a":0,"k":0,"ix":5},"nm":"变换"}],"nm":"组 6","np":4,"cix":2,"ix":5,"mn":"ADBE Vector Group","hd":false},{"ty":"gr","it":[{"ind":0,"ty":"sh","ix":1,"ks":{"a":0,"k":{"i":[[0,0],[0.481,-0.139],[0.443,0.234],[0.157,0.476],[-0.218,0.453],[0,0],[0,0],[-0.115,0.036],[-0.11,-0.05],[-0.046,-0.112],[0.04,-0.114],[0,0],[0,0],[-0.057,-0.241],[-0.207,-0.137],[-0.243,0.043],[-0.147,0.2],[0,0],[0,0],[-0.115,0.037],[-0.109,-0.051],[-0.047,-0.111],[0.041,-0.113],[0,0]],"o":[[-0.25,0.435],[-0.482,0.139],[-0.444,-0.234],[-0.156,-0.477],[0,0],[0,0],[0.06,-0.104],[0.115,-0.037],[0.11,0.051],[0.047,0.111],[0,0],[0,0],[-0.125,0.214],[0.057,0.241],[0.206,0.135],[0.244,-0.044],[0,0],[0,0],[0.061,-0.105],[0.116,-0.037],[0.11,0.051],[0.046,0.112],[0,0],[0,0]],"v":[[1.648,0.842],[0.507,1.736],[-0.936,1.587],[-1.872,0.48],[-1.775,-0.968],[-1.708,-1.095],[-1.406,-1.618],[-1.133,-1.838],[-0.783,-1.816],[-0.54,-1.563],[-0.529,-1.213],[-0.566,-1.134],[-0.868,-0.611],[-0.975,0.098],[-0.564,0.686],[0.137,0.83],[0.747,0.452],[0.809,0.358],[1.111,-0.165],[1.383,-0.385],[1.734,-0.363],[1.978,-0.111],[1.986,0.239],[1.949,0.319]],"c":true},"ix":2},"nm":"路径 1","mn":"ADBE Vector Shape - Group","hd":false},{"ty":"st","c":{"a":0,"k":[0.180000005984,0.180000005984,0.180000005984,1],"ix":3},"o":{"a":0,"k":100,"ix":4},"w":{"a":0,"k":0.4,"ix":5},"lc":1,"lj":1,"ml":4,"nm":"描边 1","mn":"ADBE Vector Graphic - Stroke","hd":false},{"ty":"fl","c":{"a":0,"k":[0.180000005984,0.180000005984,0.180000005984,1],"ix":4},"o":{"a":0,"k":100,"ix":5},"r":1,"nm":"填充 1","mn":"ADBE Vector Graphic - Fill","hd":false},{"ty":"tr","p":{"a":0,"k":[15.992,27.563],"ix":2},"a":{"a":0,"k":[0,0],"ix":1},"s":{"a":0,"k":[100,100],"ix":3},"r":{"a":0,"k":0,"ix":6},"o":{"a":0,"k":100,"ix":7},"sk":{"a":0,"k":0,"ix":4},"sa":{"a":0,"k":0,"ix":5},"nm":"变换"}],"nm":"组 7","np":3,"cix":2,"ix":6,"mn":"ADBE Vector Group","hd":false},{"ty":"gr","it":[{"ind":0,"ty":"sh","ix":1,"ks":{"a":0,"k":{"i":[[0,0],[0.179,-0.129],[0.216,-0.045],[0.215,0.049],[0.178,0.132],[0.023,0.118],[-0.063,0.103],[-0.116,0.034],[-0.108,-0.052],[0,0],[-0.14,0.026],[-0.089,0.112],[0,0],[0,0],[-0.115,0.037],[-0.11,-0.051],[-0.047,-0.112],[0.041,-0.113],[0,0],[0,0]],"o":[[-0.11,0.191],[-0.179,0.129],[-0.216,0.044],[-0.216,-0.047],[-0.096,-0.073],[-0.022,-0.119],[0.063,-0.103],[0.116,-0.033],[0,0],[0.124,0.072],[0.141,-0.027],[0,0],[0,0],[0.06,-0.105],[0.115,-0.037],[0.109,0.051],[0.047,0.112],[0,0],[0,0],[0,0]],"v":[[0.999,0.338],[0.559,0.824],[-0.04,1.088],[-0.695,1.082],[-1.29,0.81],[-1.475,0.514],[-1.413,0.17],[-1.135,-0.043],[-0.786,-0.013],[-0.654,0.072],[-0.245,0.142],[0.111,-0.073],[0.161,-0.146],[0.581,-0.875],[0.855,-1.095],[1.204,-1.073],[1.447,-0.821],[1.456,-0.471],[1.419,-0.391],[0.999,0.338]],"c":true},"ix":2},"nm":"路径 1","mn":"ADBE Vector Shape - Group","hd":false},{"ty":"st","c":{"a":0,"k":[0.180000005984,0.180000005984,0.180000005984,1],"ix":3},"o":{"a":0,"k":100,"ix":4},"w":{"a":0,"k":0.4,"ix":5},"lc":1,"lj":1,"ml":4,"nm":"描边 1","mn":"ADBE Vector Graphic - Stroke","hd":false},{"ty":"fl","c":{"a":0,"k":[0.180000005984,0.180000005984,0.180000005984,1],"ix":4},"o":{"a":0,"k":100,"ix":5},"r":1,"nm":"填充 1","mn":"ADBE Vector Graphic - Fill","hd":false},{"ty":"tr","p":{"a":0,"k":[13.914,26.846],"ix":2},"a":{"a":0,"k":[0,0],"ix":1},"s":{"a":0,"k":[100,100],"ix":3},"r":{"a":0,"k":0,"ix":6},"o":{"a":0,"k":100,"ix":7},"sk":{"a":0,"k":0,"ix":4},"sa":{"a":0,"k":0,"ix":5},"nm":"变换"}],"nm":"组 8","np":3,"cix":2,"ix":7,"mn":"ADBE Vector Group","hd":false},{"ty":"gr","it":[{"ind":0,"ty":"sh","ix":1,"ks":{"a":0,"k":{"i":[[-0.25,-0.145],[0,0],[-0.077,-0.142],[0.055,-0.094],[0.16,-0.005],[0.25,0.143],[0.067,0.136],[-0.058,0.099],[0,0],[-0.147,0.009]],"o":[[0,0],[0.25,0.144],[0.077,0.142],[-0.054,0.093],[-0.163,0.006],[-0.249,-0.145],[-0.066,-0.133],[0,0],[0.056,-0.097],[0.152,-0.009]],"v":[[0.206,-0.388],[0.206,-0.388],[0.689,0.056],[0.708,0.415],[0.389,0.577],[-0.238,0.383],[-0.701,-0.05],[-0.702,-0.401],[-0.702,-0.402],[-0.398,-0.574]],"c":true},"ix":2},"nm":"路径 1","mn":"ADBE Vector Shape - Group","hd":false},{"ty":"st","c":{"a":0,"k":[0.180000005984,0.180000005984,0.180000005984,1],"ix":3},"o":{"a":0,"k":100,"ix":4},"w":{"a":0,"k":0.195,"ix":5},"lc":1,"lj":1,"ml":4,"nm":"描边 1","mn":"ADBE Vector Graphic - Stroke","hd":false},{"ty":"fl","c":{"a":0,"k":[0.180000005984,0.180000005984,0.180000005984,1],"ix":4},"o":{"a":0,"k":100,"ix":5},"r":1,"nm":"填充 1","mn":"ADBE Vector Graphic - Fill","hd":false},{"ty":"tr","p":{"a":0,"k":[15.291,25.766],"ix":2},"a":{"a":0,"k":[0,0],"ix":1},"s":{"a":0,"k":[100,100],"ix":3},"r":{"a":0,"k":0,"ix":6},"o":{"a":0,"k":100,"ix":7},"sk":{"a":0,"k":0,"ix":4},"sa":{"a":0,"k":0,"ix":5},"nm":"变换"}],"nm":"组 9","np":3,"cix":2,"ix":8,"mn":"ADBE Vector Group","hd":false},{"ty":"gr","it":[{"ind":0,"ty":"sh","ix":1,"ks":{"a":0,"k":{"i":[[0.114,0.015],[0.099,0.058],[0.058,0.223],[-0.115,0.199],[-0.222,0.06],[-0.2,-0.114],[-0.07,-0.091],[-0.03,-0.11],[0.015,-0.114],[0.058,-0.099],[0.091,-0.069],[0.112,-0.03]],"o":[[-0.114,-0.016],[-0.198,-0.117],[-0.059,-0.222],[0.115,-0.199],[0.222,-0.06],[0.1,0.057],[0.07,0.09],[0.03,0.112],[-0.014,0.114],[-0.058,0.1],[-0.091,0.07],[-0.111,0.029]],"v":[[-0.107,0.874],[-0.43,0.762],[-0.831,0.234],[-0.743,-0.424],[-0.217,-0.829],[0.441,-0.745],[0.7,-0.521],[0.852,-0.217],[0.874,0.124],[0.766,0.447],[0.54,0.702],[0.234,0.854]],"c":true},"ix":2},"nm":"路径 1","mn":"ADBE Vector Shape - Group","hd":false},{"ty":"st","c":{"a":0,"k":[0.180000005984,0.180000005984,0.180000005984,1],"ix":3},"o":{"a":0,"k":100,"ix":4},"w":{"a":0,"k":0.195,"ix":5},"lc":1,"lj":1,"ml":4,"nm":"描边 1","mn":"ADBE Vector Graphic - Stroke","hd":false},{"ty":"fl","c":{"a":0,"k":[0.180000005984,0.180000005984,0.180000005984,1],"ix":4},"o":{"a":0,"k":100,"ix":5},"r":1,"nm":"填充 1","mn":"ADBE Vector Graphic - Fill","hd":false},{"ty":"tr","p":{"a":0,"k":[21.253,29.617],"ix":2},"a":{"a":0,"k":[0,0],"ix":1},"s":{"a":0,"k":[100,100],"ix":3},"r":{"a":0,"k":0,"ix":6},"o":{"a":0,"k":100,"ix":7},"sk":{"a":0,"k":0,"ix":4},"sa":{"a":0,"k":0,"ix":5},"nm":"变换"}],"nm":"组 10","np":3,"cix":2,"ix":9,"mn":"ADBE Vector Group","hd":false},{"ty":"gr","it":[{"ind":0,"ty":"sh","ix":1,"ks":{"a":0,"k":{"i":[[-0.441,-0.259],[-0.253,-0.034],[-0.247,0.066],[-0.203,0.155],[-0.127,0.221],[-0.033,0.254],[0.067,0.246],[0.156,0.202],[0.222,0.126],[0.494,-0.134],[0.256,-0.443],[-0.131,-0.495]],"o":[[0.221,0.129],[0.254,0.034],[0.247,-0.064],[0.202,-0.155],[0.128,-0.222],[0.033,-0.253],[-0.067,-0.246],[-0.157,-0.202],[-0.444,-0.252],[-0.493,0.135],[-0.256,0.444],[0.131,0.494]],"v":[[-0.955,1.697],[-0.238,1.945],[0.52,1.898],[1.202,1.564],[1.702,0.995],[1.946,0.275],[1.894,-0.482],[1.556,-1.161],[0.982,-1.659],[-0.483,-1.844],[-1.653,-0.943],[-1.848,0.521]],"c":true},"ix":2},"nm":"路径 1","mn":"ADBE Vector Shape - Group","hd":false},{"ty":"fl","c":{"a":0,"k":[0.964999988032,0.698000021542,0.694000004787,1],"ix":4},"o":{"a":0,"k":100,"ix":5},"r":1,"nm":"填充 1","mn":"ADBE Vector Graphic - Fill","hd":false},{"ty":"tr","p":{"a":0,"k":[22.243,32.978],"ix":2},"a":{"a":0,"k":[0,0],"ix":1},"s":{"a":0,"k":[100,100],"ix":3},"r":{"a":0,"k":0,"ix":6},"o":{"a":0,"k":100,"ix":7},"sk":{"a":0,"k":0,"ix":4},"sa":{"a":0,"k":0,"ix":5},"nm":"变换"}],"nm":"组 11","np":2,"cix":2,"ix":10,"mn":"ADBE Vector Group","hd":false},{"ty":"gr","it":[{"ind":0,"ty":"sh","ix":1,"ks":{"a":0,"k":{"i":[[0,0],[0.121,-0.01],[0.081,-0.09],[0,-0.121],[-0.082,-0.089],[0,0],[0,0],[-0.12,0.011],[-0.081,0.089],[-0.001,0.12],[0.08,0.089],[0,0]],"o":[[-0.096,-0.073],[-0.12,0.012],[-0.081,0.088],[0,0.121],[0,0],[0,0],[0.097,0.071],[0.12,-0.012],[0.08,-0.088],[0,-0.12],[0,0],[0,0]],"v":[[-1.997,-0.932],[-2.335,-1.029],[-2.648,-0.87],[-2.773,-0.544],[-2.646,-0.217],[-2.583,-0.16],[0.531,2.198],[0.867,2.292],[1.18,2.135],[1.305,1.81],[1.18,1.484],[1.115,1.424]],"c":true},"ix":2},"nm":"路径 1","mn":"ADBE Vector Shape - Group","hd":false},{"ind":1,"ty":"sh","ix":2,"ks":{"a":0,"k":{"i":[[0.109,0.053],[0,0],[0,0],[0.108,-0.053],[0.043,-0.112],[-0.044,-0.113],[-0.109,-0.054],[0,0],[0,0],[-0.108,0.054],[-0.044,0.114],[0.044,0.112]],"o":[[0,0],[0,0],[-0.116,-0.033],[-0.108,0.054],[-0.044,0.113],[0.044,0.113],[0,0],[0,0],[0.117,0.035],[0.109,-0.054],[0.043,-0.112],[-0.044,-0.113]],"v":[[2.492,-1.139],[2.409,-1.171],[-1.43,-2.27],[-1.779,-2.238],[-2.016,-1.979],[-2.016,-1.628],[-1.777,-1.368],[-1.697,-1.339],[2.143,-0.24],[2.493,-0.271],[2.73,-0.531],[2.73,-0.88]],"c":true},"ix":2},"nm":"路径 2","mn":"ADBE Vector Shape - Group","hd":false},{"ty":"mm","mm":1,"nm":"合并路径 1","mn":"ADBE Vector Filter - Merge","hd":false},{"ty":"st","c":{"a":0,"k":[0.180000005984,0.180000005984,0.180000005984,1],"ix":3},"o":{"a":0,"k":100,"ix":4},"w":{"a":0,"k":0.4,"ix":5},"lc":1,"lj":1,"ml":4,"nm":"描边 1","mn":"ADBE Vector Graphic - Stroke","hd":false},{"ty":"fl","c":{"a":0,"k":[0.180000005984,0.180000005984,0.180000005984,1],"ix":4},"o":{"a":0,"k":100,"ix":5},"r":1,"nm":"填充 1","mn":"ADBE Vector Graphic - Fill","hd":false},{"ty":"tr","p":{"a":0,"k":[28.805,34.883],"ix":2},"a":{"a":0,"k":[0,0],"ix":1},"s":{"a":0,"k":[100,100],"ix":3},"r":{"a":0,"k":0,"ix":6},"o":{"a":0,"k":100,"ix":7},"sk":{"a":0,"k":0,"ix":4},"sa":{"a":0,"k":0,"ix":5},"nm":"变换"}],"nm":"组 12","np":5,"cix":2,"ix":11,"mn":"ADBE Vector Group","hd":false},{"ty":"gr","it":[{"ind":0,"ty":"sh","ix":1,"ks":{"a":0,"k":{"i":[[0,0],[0.037,0.052],[0.053,0.034],[0.063,0.011],[0.061,-0.013],[0.053,-0.037],[0.034,-0.054],[0.011,-0.062],[-0.014,-0.062],[2.7,-3.398],[5.691,3.089],[0.121,-0.037],[0.061,-0.111],[-0.034,-0.121],[-0.11,-0.063],[-2.967,3.735],[1.178,5.333]],"o":[[-0.014,-0.062],[-0.036,-0.053],[-0.054,-0.034],[-0.062,-0.011],[-0.063,0.014],[-0.052,0.036],[-0.034,0.053],[-0.011,0.063],[1.117,5.06],[-2.624,3.304],[-0.113,-0.057],[-0.12,0.037],[-0.06,0.111],[0.034,0.122],[6.061,3.292],[2.891,-3.64],[0,0]],"v":[[8.551,-0.318],[8.475,-0.491],[8.339,-0.622],[8.162,-0.691],[7.974,-0.687],[7.8,-0.61],[7.669,-0.474],[7.601,-0.298],[7.605,-0.109],[5.225,12.559],[-7.173,12.927],[-7.537,12.895],[-7.82,13.126],[-7.86,13.489],[-7.636,13.777],[5.984,13.161],[8.55,-0.318]],"c":true},"ix":2},"nm":"路径 1","mn":"ADBE Vector Shape - Group","hd":false},{"ind":1,"ty":"sh","ix":2,"ks":{"a":0,"k":{"i":[[-0.312,-1.158],[0,0],[0,0],[-0.021,-0.079],[0,0],[-0.018,-0.056],[0,0],[0.037,0.017],[0,0],[-0.606,-0.222],[-0.397,-0.185],[-0.225,-0.13],[-0.244,-0.172],[-0.319,-0.255],[0,0],[-0.103,-0.084],[0,0],[0,0],[-0.027,0.007],[0,0],[-0.128,0.046],[0,0],[-0.151,0.059],[0,0],[0,0],[-0.438,-0.255],[1.345,-2.329],[0.124,-0.032],[0.11,0.064],[0.033,0.123],[-0.062,0.111],[0.352,0.203],[1.02,-0.394],[0,0],[0.127,-0.046],[0.296,0.172],[0,0],[0.129,0.107],[0,0],[0,0],[0.209,0.147],[0.218,0.127],[0.227,0.105],[0.427,0.158],[0,0],[0.182,0.095],[0.157,0.58],[0,0],[0,0],[0,0],[0.144,0.084],[2.279,-2.752],[0.057,-0.031],[0.064,-0.007],[0.061,0.018],[0.049,0.041],[0.03,0.057],[0.006,0.064],[-0.019,0.061],[-0.041,0.049],[0,0],[-0.819,-0.472]],"o":[[0,0],[0,0],[0.022,0.093],[0,0],[0.022,0.072],[0,0],[0.014,0.037],[0,0],[0.182,0.075],[0.509,0.193],[0.266,0.126],[0.228,0.131],[0.285,0.198],[0,0],[0.128,0.105],[0,0],[0,0],[-0.068,-0.038],[0,0],[0.133,-0.031],[0,0],[0.119,-0.043],[0,0],[0,0],[1.264,-0.479],[1.072,0.617],[-0.064,0.11],[-0.123,0.033],[-0.111,-0.064],[-0.033,-0.123],[1.074,-1.86],[-0.077,-0.045],[0,0],[-0.16,0.062],[-0.693,0.249],[0,0],[-0.137,-0.098],[0,0],[0,0],[-0.201,-0.158],[-0.207,-0.146],[-0.217,-0.124],[-0.412,-0.189],[0,0],[-0.193,-0.068],[-0.248,-0.144],[0,0],[0,0],[0,0],[-0.281,-1.126],[-0.176,-0.102],[-0.04,0.049],[-0.056,0.03],[-0.063,0.006],[-0.062,-0.019],[-0.05,-0.04],[-0.03,-0.057],[-0.005,-0.064],[0.019,-0.061],[0,0],[2.412,-2.838],[0.435,0.251]],"v":[[-3.48,-14.566],[-3.318,-13.93],[-2.923,-12.242],[-2.859,-11.987],[-2.792,-11.739],[-2.732,-11.546],[-2.703,-11.469],[-2.715,-11.426],[-2.568,-11.36],[-1.456,-10.943],[-0.129,-10.393],[0.609,-10.011],[1.316,-9.556],[2.203,-8.888],[2.449,-8.689],[3.153,-8.108],[3.411,-7.905],[3.57,-7.796],[3.527,-7.85],[3.55,-7.856],[3.943,-7.972],[4.071,-8.016],[4.473,-8.167],[5.974,-8.77],[6.447,-8.954],[8.786,-9.312],[7.466,-1.469],[7.172,-1.246],[6.807,-1.295],[6.581,-1.587],[6.627,-1.953],[8.302,-8.474],[6.524,-7.944],[4.822,-7.264],[4.398,-7.105],[3.085,-6.957],[2.941,-7.05],[2.541,-7.357],[1.836,-7.938],[1.378,-8.306],[0.762,-8.763],[0.125,-9.173],[-0.54,-9.516],[-1.799,-10.037],[-2.675,-10.361],[-3.238,-10.607],[-3.752,-11.577],[-3.901,-12.163],[-4.224,-13.555],[-4.293,-13.84],[-4.989,-15.758],[-8.995,-11.715],[-9.142,-11.594],[-9.324,-11.539],[-9.512,-11.558],[-9.679,-11.649],[-9.799,-11.796],[-9.853,-11.978],[-9.832,-12.167],[-9.741,-12.333],[-9.098,-13.101],[-4.505,-16.597]],"c":true},"ix":2},"nm":"路径 2","mn":"ADBE Vector Shape - Group","hd":false},{"ty":"mm","mm":1,"nm":"合并路径 1","mn":"ADBE Vector Filter - Merge","hd":false},{"ty":"st","c":{"a":0,"k":[0.180000005984,0.180000005984,0.180000005984,1],"ix":3},"o":{"a":0,"k":100,"ix":4},"w":{"a":0,"k":0.5,"ix":5},"lc":1,"lj":1,"ml":4,"nm":"描边 1","mn":"ADBE Vector Graphic - Stroke","hd":false},{"ty":"fl","c":{"a":0,"k":[0.180000005984,0.180000005984,0.180000005984,1],"ix":4},"o":{"a":0,"k":100,"ix":5},"r":1,"nm":"填充 1","mn":"ADBE Vector Graphic - Fill","hd":false},{"ty":"tr","p":{"a":0,"k":[22.428,22.487],"ix":2},"a":{"a":0,"k":[0,0],"ix":1},"s":{"a":0,"k":[100,100],"ix":3},"r":{"a":0,"k":0,"ix":6},"o":{"a":0,"k":100,"ix":7},"sk":{"a":0,"k":0,"ix":4},"sa":{"a":0,"k":0,"ix":5},"nm":"变换"}],"nm":"组 13","np":5,"cix":2,"ix":12,"mn":"ADBE Vector Group","hd":false},{"ty":"tr","p":{"a":1,"k":[{"i":{"x":0.833,"y":0.833},"o":{"x":0.167,"y":0.167},"n":"0p833_0p833_0p167_0p167","t":23,"s":[-14.455,41.617],"e":[12.42,41.617],"to":[4.47916650772095,0],"ti":[-4.47916650772095,0]},{"i":{"x":0.235,"y":0.235},"o":{"x":0.167,"y":0.167},"n":"0p235_0p235_0p167_0p167","t":50,"s":[12.42,41.617],"e":[12.42,41.617],"to":[0,0],"ti":[0,0]},{"i":{"x":0,"y":1},"o":{"x":0.333,"y":0},"n":"0_1_0p333_0","t":229,"s":[12.42,41.617],"e":[-19.455,41.617],"to":[-5.3125,0],"ti":[5.3125,0]},{"t":263}],"ix":2},"a":{"a":0,"k":[12.92,41.617],"ix":1},"s":{"a":0,"k":[100,100],"ix":3},"r":{"a":1,"k":[{"i":{"x":[0.833],"y":[0.833]},"o":{"x":[0.167],"y":[0.167]},"n":["0p833_0p833_0p167_0p167"],"t":36,"s":[-19],"e":[0]},{"i":{"x":[0.833],"y":[0.833]},"o":{"x":[0.167],"y":[0.167]},"n":["0p833_0p833_0p167_0p167"],"t":62,"s":[0],"e":[0]},{"i":{"x":[0.833],"y":[0.833]},"o":{"x":[0.167],"y":[0.167]},"n":["0p833_0p833_0p167_0p167"],"t":220,"s":[0],"e":[-19]},{"t":253}],"ix":6},"o":{"a":0,"k":100,"ix":7},"sk":{"a":0,"k":0,"ix":4},"sa":{"a":0,"k":0,"ix":5},"nm":"变换"}],"nm":"组 1","np":12,"cix":2,"ix":2,"mn":"ADBE Vector Group","hd":false}],"ip":0,"op":360,"st":0,"bm":0}],"markers":[]}