{"v":"5.7.8","fr":30,"ip":0,"op":150,"w":166,"h":128,"nm":"slide export","ddd":0,"assets":[{"id":"comp_0","layers":[{"ddd":0,"ind":1,"ty":4,"nm":"arrow 5","sr":1,"ks":{"o":{"a":1,"k":[{"i":{"x":[0.833],"y":[0.833]},"o":{"x":[0.167],"y":[0.167]},"t":99,"s":[0]},{"t":118,"s":[100]}],"ix":11},"r":{"a":0,"k":0,"ix":10},"p":{"a":1,"k":[{"i":{"x":0.833,"y":0.833},"o":{"x":0.167,"y":0.167},"t":99,"s":[90,131,0],"to":[0,-5,0],"ti":[0,5,0]},{"t":118,"s":[90,101,0]}],"ix":2,"l":2},"a":{"a":0,"k":[90,79,0],"ix":1,"l":2},"s":{"a":0,"k":[100,100,100],"ix":6,"l":2}},"ao":0,"shapes":[{"ty":"gr","it":[{"ind":0,"ty":"sh","ix":1,"ks":{"a":0,"k":{"i":[[1.113,0],[0.605,0.416],[0,0],[0,0],[1.095,1.593],[-1.593,1.095],[0,0],[-1.194,-0.821],[0,0],[1.095,-1.592]],"o":[[-0.684,0],[0,0],[0,0],[-1.594,1.094],[-1.096,-1.592],[0,0],[1.194,-0.821],[0,0],[1.594,1.095],[-0.679,0.987]],"v":[[15.997,9.001],[14.018,8.385],[0,-1.252],[-14.017,8.385],[-18.884,7.483],[-17.983,2.616],[-1.983,-8.384],[1.983,-8.384],[17.982,2.616],[18.884,7.483]],"c":true},"ix":2},"nm":"Path 1","mn":"ADBE Vector Shape - Group","hd":false},{"ty":"fl","c":{"a":0,"k":[1,1,1,1],"ix":4},"o":{"a":0,"k":100,"ix":5},"r":1,"bm":0,"nm":"Fill 1","mn":"ADBE Vector Graphic - Fill","hd":false},{"ty":"tr","p":{"a":0,"k":[89,14.5],"ix":2},"a":{"a":0,"k":[0,0],"ix":1},"s":{"a":0,"k":[100,100],"ix":3},"r":{"a":0,"k":0,"ix":6},"o":{"a":0,"k":50,"ix":7},"sk":{"a":0,"k":0,"ix":4},"sa":{"a":0,"k":0,"ix":5},"nm":"Transform"}],"nm":"Group 3","np":4,"cix":2,"bm":0,"ix":1,"mn":"ADBE Vector Group","hd":false},{"ty":"gr","it":[{"ind":0,"ty":"sh","ix":1,"ks":{"a":0,"k":{"i":[[1.113,0],[0.605,0.416],[0,0],[0,0],[1.095,1.593],[-1.593,1.095],[0,0],[-1.194,-0.821],[0,0],[1.095,-1.592]],"o":[[-0.684,0],[0,0],[0,0],[-1.594,1.094],[-1.096,-1.592],[0,0],[1.194,-0.821],[0,0],[1.594,1.095],[-0.679,0.987]],"v":[[15.997,9.001],[14.018,8.385],[0,-1.253],[-14.017,8.385],[-18.884,7.483],[-17.983,2.616],[-1.983,-8.384],[1.983,-8.384],[17.982,2.616],[18.884,7.483]],"c":true},"ix":2},"nm":"Path 1","mn":"ADBE Vector Shape - Group","hd":false},{"ty":"fl","c":{"a":0,"k":[1,1,1,1],"ix":4},"o":{"a":0,"k":100,"ix":5},"r":1,"bm":0,"nm":"Fill 1","mn":"ADBE Vector Graphic - Fill","hd":false},{"ty":"tr","p":{"a":1,"k":[{"i":{"x":0.833,"y":0.833},"o":{"x":0.167,"y":0.167},"t":99,"s":[89,43],"to":[0,-1.667],"ti":[0,1.667]},{"t":118,"s":[89,33]}],"ix":2},"a":{"a":0,"k":[0,0],"ix":1},"s":{"a":0,"k":[100,100],"ix":3},"r":{"a":0,"k":0,"ix":6},"o":{"a":0,"k":80,"ix":7},"sk":{"a":0,"k":0,"ix":4},"sa":{"a":0,"k":0,"ix":5},"nm":"Transform"}],"nm":"Group 4","np":4,"cix":2,"bm":0,"ix":2,"mn":"ADBE Vector Group","hd":false}],"ip":99,"op":151,"st":99,"bm":0},{"ddd":0,"ind":2,"ty":4,"nm":"arrow 6","sr":1,"ks":{"o":{"a":1,"k":[{"i":{"x":[0.833],"y":[0.833]},"o":{"x":[0.167],"y":[0.167]},"t":84,"s":[100]},{"t":103,"s":[0]}],"ix":11},"r":{"a":0,"k":0,"ix":10},"p":{"a":1,"k":[{"i":{"x":0.833,"y":0.833},"o":{"x":0.167,"y":0.167},"t":84,"s":[90,101,0],"to":[0,-7.667,0],"ti":[0,7.667,0]},{"t":103,"s":[90,55,0]}],"ix":2,"l":2},"a":{"a":0,"k":[90,79,0],"ix":1,"l":2},"s":{"a":0,"k":[100,100,100],"ix":6,"l":2}},"ao":0,"shapes":[{"ty":"gr","it":[{"ind":0,"ty":"sh","ix":1,"ks":{"a":0,"k":{"i":[[1.113,0],[0.605,0.416],[0,0],[0,0],[1.095,1.593],[-1.593,1.095],[0,0],[-1.194,-0.821],[0,0],[1.095,-1.592]],"o":[[-0.684,0],[0,0],[0,0],[-1.594,1.094],[-1.096,-1.592],[0,0],[1.194,-0.821],[0,0],[1.594,1.095],[-0.679,0.987]],"v":[[15.997,9.001],[14.018,8.385],[0,-1.252],[-14.017,8.385],[-18.884,7.483],[-17.983,2.616],[-1.983,-8.384],[1.983,-8.384],[17.982,2.616],[18.884,7.483]],"c":true},"ix":2},"nm":"Path 1","mn":"ADBE Vector Shape - Group","hd":false},{"ty":"fl","c":{"a":0,"k":[1,1,1,1],"ix":4},"o":{"a":0,"k":100,"ix":5},"r":1,"bm":0,"nm":"Fill 1","mn":"ADBE Vector Graphic - Fill","hd":false},{"ty":"tr","p":{"a":0,"k":[89,14.5],"ix":2},"a":{"a":0,"k":[0,0],"ix":1},"s":{"a":0,"k":[100,100],"ix":3},"r":{"a":0,"k":0,"ix":6},"o":{"a":0,"k":50,"ix":7},"sk":{"a":0,"k":0,"ix":4},"sa":{"a":0,"k":0,"ix":5},"nm":"Transform"}],"nm":"Group 3","np":4,"cix":2,"bm":0,"ix":1,"mn":"ADBE Vector Group","hd":false},{"ty":"gr","it":[{"ind":0,"ty":"sh","ix":1,"ks":{"a":0,"k":{"i":[[1.113,0],[0.605,0.416],[0,0],[0,0],[1.095,1.593],[-1.593,1.095],[0,0],[-1.194,-0.821],[0,0],[1.095,-1.592]],"o":[[-0.684,0],[0,0],[0,0],[-1.594,1.094],[-1.096,-1.592],[0,0],[1.194,-0.821],[0,0],[1.594,1.095],[-0.679,0.987]],"v":[[15.997,9.001],[14.018,8.385],[0,-1.253],[-14.017,8.385],[-18.884,7.483],[-17.983,2.616],[-1.983,-8.384],[1.983,-8.384],[17.982,2.616],[18.884,7.483]],"c":true},"ix":2},"nm":"Path 1","mn":"ADBE Vector Shape - Group","hd":false},{"ty":"fl","c":{"a":0,"k":[1,1,1,1],"ix":4},"o":{"a":0,"k":100,"ix":5},"r":1,"bm":0,"nm":"Fill 1","mn":"ADBE Vector Graphic - Fill","hd":false},{"ty":"tr","p":{"a":1,"k":[{"i":{"x":0.833,"y":0.833},"o":{"x":0.167,"y":0.167},"t":87,"s":[89,33],"to":[0,1.667],"ti":[0,-1.667]},{"t":103,"s":[89,43]}],"ix":2},"a":{"a":0,"k":[0,0],"ix":1},"s":{"a":0,"k":[100,100],"ix":3},"r":{"a":0,"k":0,"ix":6},"o":{"a":0,"k":80,"ix":7},"sk":{"a":0,"k":0,"ix":4},"sa":{"a":0,"k":0,"ix":5},"nm":"Transform"}],"nm":"Group 4","np":4,"cix":2,"bm":0,"ix":2,"mn":"ADBE Vector Group","hd":false}],"ip":84,"op":108,"st":78,"bm":0},{"ddd":0,"ind":3,"ty":4,"nm":"arrow 3","sr":1,"ks":{"o":{"a":1,"k":[{"i":{"x":[0.833],"y":[0.833]},"o":{"x":[0.167],"y":[0.167]},"t":57,"s":[0]},{"t":75,"s":[100]}],"ix":11},"r":{"a":0,"k":0,"ix":10},"p":{"a":1,"k":[{"i":{"x":0.833,"y":0.833},"o":{"x":0.167,"y":0.167},"t":57,"s":[90,131,0],"to":[0,-5,0],"ti":[0,5,0]},{"t":75,"s":[90,101,0]}],"ix":2,"l":2},"a":{"a":0,"k":[90,79,0],"ix":1,"l":2},"s":{"a":0,"k":[100,100,100],"ix":6,"l":2}},"ao":0,"shapes":[{"ty":"gr","it":[{"ind":0,"ty":"sh","ix":1,"ks":{"a":0,"k":{"i":[[1.113,0],[0.605,0.416],[0,0],[0,0],[1.095,1.593],[-1.593,1.095],[0,0],[-1.194,-0.821],[0,0],[1.095,-1.592]],"o":[[-0.684,0],[0,0],[0,0],[-1.594,1.094],[-1.096,-1.592],[0,0],[1.194,-0.821],[0,0],[1.594,1.095],[-0.679,0.987]],"v":[[15.997,9.001],[14.018,8.385],[0,-1.252],[-14.017,8.385],[-18.884,7.483],[-17.983,2.616],[-1.983,-8.384],[1.983,-8.384],[17.982,2.616],[18.884,7.483]],"c":true},"ix":2},"nm":"Path 1","mn":"ADBE Vector Shape - Group","hd":false},{"ty":"fl","c":{"a":0,"k":[1,1,1,1],"ix":4},"o":{"a":0,"k":100,"ix":5},"r":1,"bm":0,"nm":"Fill 1","mn":"ADBE Vector Graphic - Fill","hd":false},{"ty":"tr","p":{"a":0,"k":[89,14.5],"ix":2},"a":{"a":0,"k":[0,0],"ix":1},"s":{"a":0,"k":[100,100],"ix":3},"r":{"a":0,"k":0,"ix":6},"o":{"a":0,"k":50,"ix":7},"sk":{"a":0,"k":0,"ix":4},"sa":{"a":0,"k":0,"ix":5},"nm":"Transform"}],"nm":"Group 3","np":4,"cix":2,"bm":0,"ix":1,"mn":"ADBE Vector Group","hd":false},{"ty":"gr","it":[{"ind":0,"ty":"sh","ix":1,"ks":{"a":0,"k":{"i":[[1.113,0],[0.605,0.416],[0,0],[0,0],[1.095,1.593],[-1.593,1.095],[0,0],[-1.194,-0.821],[0,0],[1.095,-1.592]],"o":[[-0.684,0],[0,0],[0,0],[-1.594,1.094],[-1.096,-1.592],[0,0],[1.194,-0.821],[0,0],[1.594,1.095],[-0.679,0.987]],"v":[[15.997,9.001],[14.018,8.385],[0,-1.253],[-14.017,8.385],[-18.884,7.483],[-17.983,2.616],[-1.983,-8.384],[1.983,-8.384],[17.982,2.616],[18.884,7.483]],"c":true},"ix":2},"nm":"Path 1","mn":"ADBE Vector Shape - Group","hd":false},{"ty":"fl","c":{"a":0,"k":[1,1,1,1],"ix":4},"o":{"a":0,"k":100,"ix":5},"r":1,"bm":0,"nm":"Fill 1","mn":"ADBE Vector Graphic - Fill","hd":false},{"ty":"tr","p":{"a":1,"k":[{"i":{"x":0.833,"y":0.833},"o":{"x":0.167,"y":0.167},"t":57,"s":[89,43],"to":[0,-1.667],"ti":[0,1.667]},{"t":75,"s":[89,33]}],"ix":2},"a":{"a":0,"k":[0,0],"ix":1},"s":{"a":0,"k":[100,100],"ix":3},"r":{"a":0,"k":0,"ix":6},"o":{"a":0,"k":80,"ix":7},"sk":{"a":0,"k":0,"ix":4},"sa":{"a":0,"k":0,"ix":5},"nm":"Transform"}],"nm":"Group 4","np":4,"cix":2,"bm":0,"ix":2,"mn":"ADBE Vector Group","hd":false}],"ip":57,"op":84,"st":57,"bm":0},{"ddd":0,"ind":4,"ty":4,"nm":"arrow 4","sr":1,"ks":{"o":{"a":1,"k":[{"i":{"x":[0.833],"y":[0.833]},"o":{"x":[0.167],"y":[0.167]},"t":42,"s":[100]},{"t":61,"s":[0]}],"ix":11},"r":{"a":0,"k":0,"ix":10},"p":{"a":1,"k":[{"i":{"x":0.833,"y":0.833},"o":{"x":0.167,"y":0.167},"t":42,"s":[90,101,0],"to":[0,-7.667,0],"ti":[0,7.667,0]},{"t":61,"s":[90,55,0]}],"ix":2,"l":2},"a":{"a":0,"k":[90,79,0],"ix":1,"l":2},"s":{"a":0,"k":[100,100,100],"ix":6,"l":2}},"ao":0,"shapes":[{"ty":"gr","it":[{"ind":0,"ty":"sh","ix":1,"ks":{"a":0,"k":{"i":[[1.113,0],[0.605,0.416],[0,0],[0,0],[1.095,1.593],[-1.593,1.095],[0,0],[-1.194,-0.821],[0,0],[1.095,-1.592]],"o":[[-0.684,0],[0,0],[0,0],[-1.594,1.094],[-1.096,-1.592],[0,0],[1.194,-0.821],[0,0],[1.594,1.095],[-0.679,0.987]],"v":[[15.997,9.001],[14.018,8.385],[0,-1.252],[-14.017,8.385],[-18.884,7.483],[-17.983,2.616],[-1.983,-8.384],[1.983,-8.384],[17.982,2.616],[18.884,7.483]],"c":true},"ix":2},"nm":"Path 1","mn":"ADBE Vector Shape - Group","hd":false},{"ty":"fl","c":{"a":0,"k":[1,1,1,1],"ix":4},"o":{"a":0,"k":100,"ix":5},"r":1,"bm":0,"nm":"Fill 1","mn":"ADBE Vector Graphic - Fill","hd":false},{"ty":"tr","p":{"a":0,"k":[89,14.5],"ix":2},"a":{"a":0,"k":[0,0],"ix":1},"s":{"a":0,"k":[100,100],"ix":3},"r":{"a":0,"k":0,"ix":6},"o":{"a":0,"k":50,"ix":7},"sk":{"a":0,"k":0,"ix":4},"sa":{"a":0,"k":0,"ix":5},"nm":"Transform"}],"nm":"Group 3","np":4,"cix":2,"bm":0,"ix":1,"mn":"ADBE Vector Group","hd":false},{"ty":"gr","it":[{"ind":0,"ty":"sh","ix":1,"ks":{"a":0,"k":{"i":[[1.113,0],[0.605,0.416],[0,0],[0,0],[1.095,1.593],[-1.593,1.095],[0,0],[-1.194,-0.821],[0,0],[1.095,-1.592]],"o":[[-0.684,0],[0,0],[0,0],[-1.594,1.094],[-1.096,-1.592],[0,0],[1.194,-0.821],[0,0],[1.594,1.095],[-0.679,0.987]],"v":[[15.997,9.001],[14.018,8.385],[0,-1.253],[-14.017,8.385],[-18.884,7.483],[-17.983,2.616],[-1.983,-8.384],[1.983,-8.384],[17.982,2.616],[18.884,7.483]],"c":true},"ix":2},"nm":"Path 1","mn":"ADBE Vector Shape - Group","hd":false},{"ty":"fl","c":{"a":0,"k":[1,1,1,1],"ix":4},"o":{"a":0,"k":100,"ix":5},"r":1,"bm":0,"nm":"Fill 1","mn":"ADBE Vector Graphic - Fill","hd":false},{"ty":"tr","p":{"a":1,"k":[{"i":{"x":0.833,"y":0.833},"o":{"x":0.167,"y":0.167},"t":45,"s":[89,33],"to":[0,1.667],"ti":[0,-1.667]},{"t":61,"s":[89,43]}],"ix":2},"a":{"a":0,"k":[0,0],"ix":1},"s":{"a":0,"k":[100,100],"ix":3},"r":{"a":0,"k":0,"ix":6},"o":{"a":0,"k":80,"ix":7},"sk":{"a":0,"k":0,"ix":4},"sa":{"a":0,"k":0,"ix":5},"nm":"Transform"}],"nm":"Group 4","np":4,"cix":2,"bm":0,"ix":2,"mn":"ADBE Vector Group","hd":false}],"ip":42,"op":66,"st":36,"bm":0},{"ddd":0,"ind":5,"ty":4,"nm":"arrow 2","sr":1,"ks":{"o":{"a":1,"k":[{"i":{"x":[0.833],"y":[0.833]},"o":{"x":[0.167],"y":[0.167]},"t":15,"s":[0]},{"t":34,"s":[100]}],"ix":11},"r":{"a":0,"k":0,"ix":10},"p":{"a":1,"k":[{"i":{"x":0.833,"y":0.833},"o":{"x":0.167,"y":0.167},"t":15,"s":[90,131,0],"to":[0,-5,0],"ti":[0,5,0]},{"t":34,"s":[90,101,0]}],"ix":2,"l":2},"a":{"a":0,"k":[90,79,0],"ix":1,"l":2},"s":{"a":0,"k":[100,100,100],"ix":6,"l":2}},"ao":0,"shapes":[{"ty":"gr","it":[{"ind":0,"ty":"sh","ix":1,"ks":{"a":0,"k":{"i":[[1.113,0],[0.605,0.416],[0,0],[0,0],[1.095,1.593],[-1.593,1.095],[0,0],[-1.194,-0.821],[0,0],[1.095,-1.592]],"o":[[-0.684,0],[0,0],[0,0],[-1.594,1.094],[-1.096,-1.592],[0,0],[1.194,-0.821],[0,0],[1.594,1.095],[-0.679,0.987]],"v":[[15.997,9.001],[14.018,8.385],[0,-1.252],[-14.017,8.385],[-18.884,7.483],[-17.983,2.616],[-1.983,-8.384],[1.983,-8.384],[17.982,2.616],[18.884,7.483]],"c":true},"ix":2},"nm":"Path 1","mn":"ADBE Vector Shape - Group","hd":false},{"ty":"fl","c":{"a":0,"k":[1,1,1,1],"ix":4},"o":{"a":0,"k":100,"ix":5},"r":1,"bm":0,"nm":"Fill 1","mn":"ADBE Vector Graphic - Fill","hd":false},{"ty":"tr","p":{"a":0,"k":[89,14.5],"ix":2},"a":{"a":0,"k":[0,0],"ix":1},"s":{"a":0,"k":[100,100],"ix":3},"r":{"a":0,"k":0,"ix":6},"o":{"a":0,"k":50,"ix":7},"sk":{"a":0,"k":0,"ix":4},"sa":{"a":0,"k":0,"ix":5},"nm":"Transform"}],"nm":"Group 3","np":4,"cix":2,"bm":0,"ix":1,"mn":"ADBE Vector Group","hd":false},{"ty":"gr","it":[{"ind":0,"ty":"sh","ix":1,"ks":{"a":0,"k":{"i":[[1.113,0],[0.605,0.416],[0,0],[0,0],[1.095,1.593],[-1.593,1.095],[0,0],[-1.194,-0.821],[0,0],[1.095,-1.592]],"o":[[-0.684,0],[0,0],[0,0],[-1.594,1.094],[-1.096,-1.592],[0,0],[1.194,-0.821],[0,0],[1.594,1.095],[-0.679,0.987]],"v":[[15.997,9.001],[14.018,8.385],[0,-1.253],[-14.017,8.385],[-18.884,7.483],[-17.983,2.616],[-1.983,-8.384],[1.983,-8.384],[17.982,2.616],[18.884,7.483]],"c":true},"ix":2},"nm":"Path 1","mn":"ADBE Vector Shape - Group","hd":false},{"ty":"fl","c":{"a":0,"k":[1,1,1,1],"ix":4},"o":{"a":0,"k":100,"ix":5},"r":1,"bm":0,"nm":"Fill 1","mn":"ADBE Vector Graphic - Fill","hd":false},{"ty":"tr","p":{"a":1,"k":[{"i":{"x":0.833,"y":0.833},"o":{"x":0.167,"y":0.167},"t":15,"s":[89,43],"to":[0,-1.667],"ti":[0,1.667]},{"t":34,"s":[89,33]}],"ix":2},"a":{"a":0,"k":[0,0],"ix":1},"s":{"a":0,"k":[100,100],"ix":3},"r":{"a":0,"k":0,"ix":6},"o":{"a":0,"k":80,"ix":7},"sk":{"a":0,"k":0,"ix":4},"sa":{"a":0,"k":0,"ix":5},"nm":"Transform"}],"nm":"Group 4","np":4,"cix":2,"bm":0,"ix":2,"mn":"ADBE Vector Group","hd":false}],"ip":15,"op":42,"st":15,"bm":0},{"ddd":0,"ind":6,"ty":4,"nm":"arrow","sr":1,"ks":{"o":{"a":1,"k":[{"i":{"x":[0.833],"y":[0.833]},"o":{"x":[0.167],"y":[0.167]},"t":0,"s":[100]},{"t":18,"s":[0]}],"ix":11},"r":{"a":0,"k":0,"ix":10},"p":{"a":1,"k":[{"i":{"x":0.833,"y":0.833},"o":{"x":0.167,"y":0.167},"t":0,"s":[90,101,0],"to":[0,-7.667,0],"ti":[0,7.667,0]},{"t":18,"s":[90,55,0]}],"ix":2,"l":2},"a":{"a":0,"k":[90,79,0],"ix":1,"l":2},"s":{"a":0,"k":[100,100,100],"ix":6,"l":2}},"ao":0,"shapes":[{"ty":"gr","it":[{"ind":0,"ty":"sh","ix":1,"ks":{"a":0,"k":{"i":[[1.113,0],[0.605,0.416],[0,0],[0,0],[1.095,1.593],[-1.593,1.095],[0,0],[-1.194,-0.821],[0,0],[1.095,-1.592]],"o":[[-0.684,0],[0,0],[0,0],[-1.594,1.094],[-1.096,-1.592],[0,0],[1.194,-0.821],[0,0],[1.594,1.095],[-0.679,0.987]],"v":[[15.997,9.001],[14.018,8.385],[0,-1.252],[-14.017,8.385],[-18.884,7.483],[-17.983,2.616],[-1.983,-8.384],[1.983,-8.384],[17.982,2.616],[18.884,7.483]],"c":true},"ix":2},"nm":"Path 1","mn":"ADBE Vector Shape - Group","hd":false},{"ty":"fl","c":{"a":0,"k":[1,1,1,1],"ix":4},"o":{"a":0,"k":100,"ix":5},"r":1,"bm":0,"nm":"Fill 1","mn":"ADBE Vector Graphic - Fill","hd":false},{"ty":"tr","p":{"a":0,"k":[89,14.5],"ix":2},"a":{"a":0,"k":[0,0],"ix":1},"s":{"a":0,"k":[100,100],"ix":3},"r":{"a":0,"k":0,"ix":6},"o":{"a":0,"k":50,"ix":7},"sk":{"a":0,"k":0,"ix":4},"sa":{"a":0,"k":0,"ix":5},"nm":"Transform"}],"nm":"Group 3","np":4,"cix":2,"bm":0,"ix":1,"mn":"ADBE Vector Group","hd":false},{"ty":"gr","it":[{"ind":0,"ty":"sh","ix":1,"ks":{"a":0,"k":{"i":[[1.113,0],[0.605,0.416],[0,0],[0,0],[1.095,1.593],[-1.593,1.095],[0,0],[-1.194,-0.821],[0,0],[1.095,-1.592]],"o":[[-0.684,0],[0,0],[0,0],[-1.594,1.094],[-1.096,-1.592],[0,0],[1.194,-0.821],[0,0],[1.594,1.095],[-0.679,0.987]],"v":[[15.997,9.001],[14.018,8.385],[0,-1.253],[-14.017,8.385],[-18.884,7.483],[-17.983,2.616],[-1.983,-8.384],[1.983,-8.384],[17.982,2.616],[18.884,7.483]],"c":true},"ix":2},"nm":"Path 1","mn":"ADBE Vector Shape - Group","hd":false},{"ty":"fl","c":{"a":0,"k":[1,1,1,1],"ix":4},"o":{"a":0,"k":100,"ix":5},"r":1,"bm":0,"nm":"Fill 1","mn":"ADBE Vector Graphic - Fill","hd":false},{"ty":"tr","p":{"a":1,"k":[{"i":{"x":0.833,"y":0.833},"o":{"x":0.167,"y":0.167},"t":3,"s":[89,33],"to":[0,1.667],"ti":[0,-1.667]},{"t":18,"s":[89,43]}],"ix":2},"a":{"a":0,"k":[0,0],"ix":1},"s":{"a":0,"k":[100,100],"ix":3},"r":{"a":0,"k":0,"ix":6},"o":{"a":0,"k":80,"ix":7},"sk":{"a":0,"k":0,"ix":4},"sa":{"a":0,"k":0,"ix":5},"nm":"Transform"}],"nm":"Group 4","np":4,"cix":2,"bm":0,"ix":2,"mn":"ADBE Vector Group","hd":false}],"ip":0,"op":24,"st":-6,"bm":0},{"ddd":0,"ind":7,"ty":4,"nm":"bg","sr":1,"ks":{"o":{"a":0,"k":95,"ix":11},"r":{"a":0,"k":0,"ix":10},"p":{"a":0,"k":[90,101,0],"ix":2,"l":2},"a":{"a":0,"k":[90,79,0],"ix":1,"l":2},"s":{"a":0,"k":[100,100,100],"ix":6,"l":2}},"ao":0,"ef":[{"ty":25,"nm":"Drop Shadow","np":8,"mn":"ADBE Drop Shadow","ix":1,"en":1,"ef":[{"ty":2,"nm":"Shadow Color","mn":"ADBE Drop Shadow-0001","ix":1,"v":{"a":0,"k":[0,0,0,1],"ix":1}},{"ty":0,"nm":"Opacity","mn":"ADBE Drop Shadow-0002","ix":2,"v":{"a":0,"k":25.5,"ix":2}},{"ty":0,"nm":"Direction","mn":"ADBE Drop Shadow-0003","ix":3,"v":{"a":0,"k":180,"ix":3}},{"ty":0,"nm":"Distance","mn":"ADBE Drop Shadow-0004","ix":4,"v":{"a":0,"k":2,"ix":4}},{"ty":0,"nm":"Softness","mn":"ADBE Drop Shadow-0005","ix":5,"v":{"a":0,"k":0,"ix":5}},{"ty":7,"nm":"Shadow Only","mn":"ADBE Drop Shadow-0006","ix":6,"v":{"a":0,"k":0,"ix":6}}]}],"shapes":[{"ty":"gr","it":[{"ind":0,"ty":"sh","ix":1,"ks":{"a":0,"k":{"i":[[0,0],[0,0],[1.248,-1.248],[3.504,-0.768],[0,0],[-1.535,1.488],[-0.145,2.664],[0,0]],"o":[[0,0],[-0.12,2.016],[-1.248,1.176],[0,0],[3.505,-0.816],[1.584,-1.608],[0,0],[0,0]],"v":[[76.98,-2.616],[76.98,1.2],[74.94,6.096],[67.812,9],[69.108,11.04],[76.692,7.608],[79.285,1.2],[79.285,-2.616]],"c":true},"ix":2},"nm":"Path 1","mn":"ADBE Vector Shape - Group","hd":false},{"ind":1,"ty":"sh","ix":2,"ks":{"a":0,"k":{"i":[[3.073,0.984],[0,0],[-2.689,-1.632],[0,0]],"o":[[0,0],[2.808,0.936],[0,0],[-2.521,-1.416]],"v":[[79.884,5.376],[78.636,7.272],[86.869,11.136],[88.285,8.976]],"c":true},"ix":2},"nm":"Path 2","mn":"ADBE Vector Shape - Group","hd":false},{"ind":2,"ty":"sh","ix":3,"ks":{"a":0,"k":{"i":[[0,0],[0,0],[-0.145,0.72],[0,0],[0,0],[0,0],[0,0],[0,0],[0.145,-0.696],[0,0],[0,0],[0,0],[0,0],[0,0],[0,0],[0,0]],"o":[[0,0],[0.192,-0.672],[0,0],[0,0],[0,0],[0,0],[0,0],[-0.096,0.72],[0,0],[0,0],[0,0],[0,0],[0,0],[0,0],[0,0],[0,0]],"v":[[85.812,-6],[78.852,-6],[79.333,-8.112],[88.764,-8.112],[88.764,-10.272],[67.501,-10.272],[67.501,-8.112],[76.86,-8.112],[76.476,-6],[70.356,-6],[70.356,5.664],[72.661,5.664],[72.661,-3.768],[83.508,-3.768],[83.508,5.64],[85.812,5.64]],"c":true},"ix":2},"nm":"Path 3","mn":"ADBE Vector Shape - Group","hd":false},{"ind":3,"ty":"sh","ix":4,"ks":{"a":0,"k":{"i":[[0,0],[0.456,-2.064],[0,0],[-0.048,2.4]],"o":[[-0.048,2.256],[0,0],[0.481,-2.16],[0,0]],"v":[[41.621,-6.384],[40.852,0.096],[42.556,0.576],[43.348,-6.264]],"c":true},"ix":2},"nm":"Path 4","mn":"ADBE Vector Shape - Group","hd":false},{"ind":4,"ty":"sh","ix":5,"ks":{"a":0,"k":{"i":[[0,0],[0,0],[0,0],[0,0],[0,0],[0,0],[0,0],[0,0],[0,0],[0,0],[0,0],[0.433,1.008],[0,0],[0,0],[0,0],[0,0],[0,0],[0,0],[-0.361,-1.44],[0,0],[0,0],[0,0],[0,0],[0,0],[0,0],[0,0],[0,0],[0,0],[0,0],[0,0],[0,0],[0,0],[0,0]],"o":[[0,0],[0,0],[0,0],[0,0],[0,0],[0,0],[0,0],[0,0],[0,0],[0,0],[-0.359,-1.248],[0,0],[0,0],[0,0],[0,0],[0,0],[0,0],[0.504,1.272],[0,0],[0,0],[0,0],[0,0],[0,0],[0,0],[0,0],[0,0],[0,0],[0,0],[0,0],[0,0],[0,0],[0,0],[0,0]],"v":[[54.892,-11.088],[54.892,-9.696],[49.444,-9.696],[49.444,-7.848],[54.892,-7.848],[54.892,-6.624],[50.26,-6.624],[50.26,-4.8],[54.892,-4.8],[54.892,-3.624],[48.892,-3.624],[47.692,-6.984],[46.205,-6.48],[46.205,-11.016],[43.997,-11.016],[43.997,10.968],[46.205,10.968],[46.205,-6.216],[47.501,-2.16],[48.724,-2.448],[48.724,-1.752],[63.22,-1.752],[63.22,-3.624],[57.148,-3.624],[57.148,-4.8],[61.709,-4.8],[61.709,-6.624],[57.148,-6.624],[57.148,-7.848],[62.524,-7.848],[62.524,-9.696],[57.148,-9.696],[57.148,-11.088]],"c":true},"ix":2},"nm":"Path 5","mn":"ADBE Vector Shape - Group","hd":false},{"ind":5,"ty":"sh","ix":6,"ks":{"a":0,"k":{"i":[[0,0],[0,0],[0,0],[0.528,0],[0,0],[0,0],[0,0],[0,1.464],[0,0],[0,0],[0,0],[0,0]],"o":[[0,0],[0,0],[0,0.528],[0,0],[0,0],[0,0],[1.537,0],[0,0],[0,0],[0,0],[0,0],[0,0]],"v":[[52.42,7.272],[59.524,7.272],[59.524,8.208],[58.732,9.024],[57.029,8.904],[57.581,10.896],[59.38,10.896],[61.684,8.688],[61.684,-0.672],[50.285,-0.672],[50.285,11.016],[52.42,11.016]],"c":true},"ix":2},"nm":"Path 6","mn":"ADBE Vector Shape - Group","hd":false},{"ind":6,"ty":"sh","ix":7,"ks":{"a":0,"k":{"i":[[0,0],[0,0],[0,0],[0,0]],"o":[[0,0],[0,0],[0,0],[0,0]],"v":[[59.524,2.544],[52.42,2.544],[52.42,1.176],[59.524,1.176]],"c":true},"ix":2},"nm":"Path 7","mn":"ADBE Vector Shape - Group","hd":false},{"ind":7,"ty":"sh","ix":8,"ks":{"a":0,"k":{"i":[[0,0],[0,0],[0,0],[0,0]],"o":[[0,0],[0,0],[0,0],[0,0]],"v":[[52.42,4.272],[59.524,4.272],[59.524,5.544],[52.42,5.544]],"c":true},"ix":2},"nm":"Path 8","mn":"ADBE Vector Shape - Group","hd":false},{"ind":8,"ty":"sh","ix":9,"ks":{"a":0,"k":{"i":[[0,0],[0,0],[0,0],[0,0],[0.383,-0.36],[0,0],[-1.296,1.464],[0,0],[0.481,-0.528],[0,0]],"o":[[0,0],[0,0],[0,0],[0,0.504],[0,0],[1.439,-1.176],[0,0],[-0.528,0.624],[0,0],[0,0]],"v":[[15.044,-3.936],[15.044,-1.752],[18.26,-1.752],[18.26,7.056],[17.661,8.352],[18.501,10.344],[22.581,6.384],[22.004,4.104],[20.468,5.832],[20.468,-3.936]],"c":true},"ix":2},"nm":"Path 9","mn":"ADBE Vector Shape - Group","hd":false},{"ind":9,"ty":"sh","ix":10,"ks":{"a":0,"k":{"i":[[1.536,1.152],[0,0],[-0.935,-1.104],[0,0]],"o":[[0,0],[1.679,1.272],[0,0],[-1.055,-1.176]],"v":[[18.285,-10.848],[16.701,-9.36],[20.636,-5.784],[22.172,-7.344]],"c":true},"ix":2},"nm":"Path 10","mn":"ADBE Vector Shape - Group","hd":false},{"ind":10,"ty":"sh","ix":11,"ks":{"a":0,"k":{"i":[[0,0],[0,0],[0,0],[0,0],[0,0],[0,0],[0,0],[0,0],[0,0],[0,0],[0,0],[0,0],[0,0],[0,0],[0,0],[0,0],[0,0],[0,0],[0,0],[0,0],[0,0],[0,0],[0,0],[-0.528,1.32],[0,0],[0.673,-1.344],[0,0],[0,0],[0.745,1.056],[0,0],[-0.673,-1.224],[0,0],[0,0]],"o":[[0,0],[0,0],[0,0],[0,0],[0,0],[0,0],[0,0],[0,0],[0,0],[0,0],[0,0],[0,0],[0,0],[0,0],[0,0],[0,0],[0,0],[0,0],[0,0],[0,0],[0,0],[0,0],[0.624,-1.008],[0,0],[-0.528,1.488],[0,0],[0,0],[-0.697,-1.248],[0,0],[0.721,0.96],[0,0],[0,0],[0,0]],"v":[[28.917,-4.8],[28.917,-1.8],[24.285,-1.8],[24.285,0.336],[28.917,0.336],[28.917,3.456],[22.964,3.456],[22.964,5.616],[28.917,5.616],[28.917,11.088],[31.197,11.088],[31.197,5.616],[37.172,5.616],[37.172,3.456],[31.197,3.456],[31.197,0.336],[35.829,0.336],[35.829,-1.8],[31.197,-1.8],[31.197,-4.8],[36.548,-4.8],[36.548,-6.936],[33.405,-6.936],[35.132,-10.44],[32.972,-11.184],[31.148,-6.936],[27.548,-6.936],[28.917,-7.632],[26.756,-11.112],[24.86,-10.2],[26.949,-6.936],[23.564,-6.936],[23.564,-4.8]],"c":true},"ix":2},"nm":"Path 11","mn":"ADBE Vector Shape - Group","hd":false},{"ind":11,"ty":"sh","ix":12,"ks":{"a":0,"k":{"i":[[0,0],[0,0],[0,0],[0.168,-0.768],[0,0],[0,0],[0,0],[0.48,-1.464],[0,0],[1.248,-1.104],[1.152,0.48],[0,0],[-2.471,-1.92],[0,0],[0.864,0.528],[-0.767,1.536],[0,0],[0,0],[-0.263,0.912],[0,0],[0,0],[0,0],[-0.168,0.768],[0,0],[0,0],[0,0],[-0.168,0.96],[0,0],[0.191,-0.984]],"o":[[0,0],[0,0],[-0.168,0.72],[0,0],[0,0],[0,0],[-0.433,1.584],[0,0],[-0.745,1.152],[-1.057,-0.6],[0,0],[2.592,1.104],[0,0],[-0.792,-0.576],[1.584,-1.536],[0,0],[0,0],[0.239,-0.792],[0,0],[0,0],[0,0],[0.168,-0.72],[0,0],[0,0],[0,0],[0.145,-0.888],[0,0],[-0.168,1.008],[0,0]],"v":[[-0.804,-8.136],[-0.804,-5.928],[2.388,-5.928],[1.884,-3.696],[-1.499,-3.696],[-1.499,-1.512],[1.333,-1.512],[-0.012,3.072],[7.957,3.072],[4.957,6.456],[1.644,4.824],[0.42,6.624],[8.004,11.16],[9.276,9.192],[6.804,7.512],[10.308,2.928],[10.308,1.056],[2.821,1.056],[3.588,-1.512],[11.268,-1.512],[11.268,-3.696],[4.14,-3.696],[4.644,-5.928],[10.668,-5.928],[10.668,-8.136],[5.1,-8.136],[5.581,-10.896],[3.348,-11.112],[2.821,-8.136]],"c":true},"ix":2},"nm":"Path 12","mn":"ADBE Vector Shape - Group","hd":false},{"ind":12,"ty":"sh","ix":13,"ks":{"a":0,"k":{"i":[[0,0],[0,0],[0,0],[-0.527,1.824],[0,0],[0,0],[0,0],[-0.192,0.912],[0,0],[0.215,-0.936],[0,0],[0,0],[0,0],[0.624,-1.296],[0,0],[0,0],[0,0],[1.631,-0.192],[0,0],[-1.392,0.24],[0,0],[0,0],[0,0],[-0.984,0.24],[0,0],[1.08,-0.216],[0,0],[0,0],[0,0],[0,0],[0,0]],"o":[[0,0],[0,0],[0.6,-1.44],[0,0],[0,0],[0,0],[0.191,-0.84],[0,0],[-0.193,1.032],[0,0],[0,0],[0,0],[-0.551,1.992],[0,0],[0,0],[0,0],[-1.464,0.24],[0,0],[1.512,-0.192],[0,0],[0,0],[0,0],[1.057,-0.24],[0,0],[-0.96,0.24],[0,0],[0,0],[0,0],[0,0],[0,0],[0,0]],"v":[[-6.324,-4.416],[-6.324,-1.032],[-8.34,-1.032],[-6.66,-5.928],[-1.764,-5.928],[-1.764,-8.136],[-6.083,-8.136],[-5.508,-10.776],[-7.667,-11.088],[-8.291,-8.136],[-10.979,-8.136],[-10.979,-5.928],[-8.868,-5.928],[-10.644,-1.008],[-10.164,1.008],[-6.324,1.008],[-6.324,4.152],[-10.979,4.8],[-10.692,7.032],[-6.324,6.36],[-6.324,11.04],[-4.14,11.04],[-4.14,5.928],[-1.068,5.208],[-1.068,3.048],[-4.14,3.744],[-4.14,1.008],[-1.644,1.008],[-1.644,-1.032],[-4.14,-1.032],[-4.14,-4.416]],"c":true},"ix":2},"nm":"Path 13","mn":"ADBE Vector Shape - Group","hd":false},{"ind":13,"ty":"sh","ix":14,"ks":{"a":0,"k":{"i":[[0,0],[0.912,-1.296],[0,0],[0,0],[0,0],[-1.44,0],[0,0],[-0.408,0.432],[-0.169,2.472],[0,0],[0.192,-0.36],[0.36,0],[0,0],[0,0.456],[0,0],[-1.007,-1.224],[0,0],[1.536,1.008],[0,0],[0,0],[-0.768,1.944]],"o":[[-0.672,1.704],[0,0],[0,0],[0,0],[0,1.488],[0,0],[0.817,0],[0.433,-0.48],[0,0],[-0.047,1.776],[-0.143,0.312],[0,0],[-0.432,0],[0,0],[1.008,0.864],[0,0],[-1.32,-1.368],[0,0],[0,0],[1.056,-1.44],[0,0]],"v":[[-16.868,-8.232],[-19.244,-3.744],[-19.244,-11.016],[-21.404,-11.016],[-21.404,8.4],[-19.268,10.656],[-17.444,10.656],[-15.62,9.984],[-14.731,5.568],[-16.724,4.944],[-17.108,8.16],[-17.852,8.64],[-18.62,8.64],[-19.244,7.944],[-19.244,1.032],[-16.244,4.176],[-14.948,2.208],[-19.244,-1.344],[-19.244,-3.336],[-17.708,-2.256],[-14.972,-7.32]],"c":true},"ix":2},"nm":"Path 14","mn":"ADBE Vector Shape - Group","hd":false},{"ind":14,"ty":"sh","ix":15,"ks":{"a":0,"k":{"i":[[0,0],[0,0],[0,0],[0,0]],"o":[[0,0],[0,0],[0,0],[0,0]],"v":[[-31.124,-4.272],[-33.98,-4.272],[-33.98,-8.255],[-31.124,-8.255]],"c":true},"ix":2},"nm":"Path 15","mn":"ADBE Vector Shape - Group","hd":false},{"ind":15,"ty":"sh","ix":16,"ks":{"a":0,"k":{"i":[[0,0],[0,0],[0,0],[0,0],[0.408,-0.144],[0,0],[0,0],[0,0],[0,0],[0,0],[-2.159,0.912],[0,0],[0.745,-0.264],[0,0],[0,0],[0,0],[0,0],[-0.864,0.936],[1.92,-1.68],[0,0],[-0.048,5.136],[0,0],[0,0],[0,0],[0.697,1.392],[0,0],[-0.696,-1.776],[0,0],[0,0],[1.489,-0.816],[0,0],[0,0],[0,0],[0,0],[0,0]],"o":[[0,0],[0,0],[0,0],[-0.384,0.12],[0,0],[0,0],[0,0],[0,0],[0,0],[2.784,-0.816],[0,0],[-0.672,0.288],[0,0],[0,0],[0,0],[0,0],[1.009,-0.696],[-0.359,3.264],[0,0],[2.617,-2.376],[0,0],[0,0],[0,0],[-0.624,-1.68],[0,0],[0.792,1.392],[0,0],[0,0],[-1.2,1.248],[0,0],[0,0],[0,0],[0,0],[0,0],[0,0]],"v":[[-35.972,-10.128],[-35.972,-2.4],[-33.068,-2.4],[-33.068,7.44],[-34.268,7.824],[-34.268,-0.12],[-36.116,-0.12],[-36.116,8.328],[-37.028,8.568],[-36.38,10.608],[-28.988,8.016],[-28.988,5.952],[-31.1,6.768],[-31.1,3.096],[-28.988,3.096],[-28.988,2.904],[-27.884,4.704],[-25.1,2.256],[-28.508,9.672],[-26.804,11.184],[-22.796,-0.072],[-22.796,-11.016],[-24.956,-11.016],[-24.956,-2.88],[-26.948,-7.512],[-28.771,-6.624],[-26.54,-1.872],[-24.956,-2.664],[-24.956,-0.48],[-28.988,2.592],[-28.988,1.128],[-31.1,1.128],[-31.1,-2.4],[-29.132,-2.4],[-29.132,-10.128]],"c":true},"ix":2},"nm":"Path 16","mn":"ADBE Vector Shape - Group","hd":false},{"ind":16,"ty":"sh","ix":17,"ks":{"a":0,"k":{"i":[[0,0],[0,1.728],[0,0],[0,0],[0,0],[0,0],[0,0],[0,0],[0,0],[0.672,0],[0,0],[0,0]],"o":[[1.679,0],[0,0],[0,0],[0,0],[0,0],[0,0],[0,0],[0,0],[0,0.624],[0,0],[0,0],[0,0]],"v":[[-44.187,7.776],[-41.644,5.184],[-41.644,-10.248],[-49.875,-10.248],[-49.875,10.992],[-47.596,10.992],[-47.596,-8.112],[-43.924,-8.112],[-43.924,4.68],[-44.932,5.64],[-46.708,5.568],[-46.108,7.776]],"c":true},"ix":2},"nm":"Path 17","mn":"ADBE Vector Shape - Group","hd":false},{"ind":17,"ty":"sh","ix":18,"ks":{"a":0,"k":{"i":[[0,0],[-2.448,1.032],[-0.336,-0.72],[0,0],[1.488,2.28],[0,0],[-0.409,-0.672],[1.823,-0.528],[0,0],[0,0],[0,0],[0,0],[0,0],[0.648,-0.24]],"o":[[3.12,-0.768],[0.385,0.768],[0,0],[-0.792,-1.68],[0,0],[0.408,0.672],[-1.441,0.576],[0,0],[0,0],[0,0],[0,0],[0,0],[0,0.552],[0,0]],"v":[[-61.948,10.392],[-53.572,7.704],[-52.492,9.912],[-50.716,8.664],[-54.124,2.712],[-55.852,3.816],[-54.627,5.808],[-59.523,7.464],[-59.523,1.344],[-52.372,1.344],[-52.372,-10.272],[-61.756,-10.272],[-61.756,7.032],[-62.74,8.208]],"c":true},"ix":2},"nm":"Path 18","mn":"ADBE Vector Shape - Group","hd":false},{"ind":18,"ty":"sh","ix":19,"ks":{"a":0,"k":{"i":[[0,0],[0,0],[0,0],[0,0]],"o":[[0,0],[0,0],[0,0],[0,0]],"v":[[-54.484,-5.592],[-59.524,-5.592],[-59.524,-8.233],[-54.484,-8.233]],"c":true},"ix":2},"nm":"Path 19","mn":"ADBE Vector Shape - Group","hd":false},{"ind":19,"ty":"sh","ix":20,"ks":{"a":0,"k":{"i":[[0,0],[0,0],[0,0],[0,0]],"o":[[0,0],[0,0],[0,0],[0,0]],"v":[[-59.523,-3.552],[-54.483,-3.552],[-54.483,-0.769],[-59.523,-0.769]],"c":true},"ix":2},"nm":"Path 20","mn":"ADBE Vector Shape - Group","hd":false},{"ind":20,"ty":"sh","ix":21,"ks":{"a":0,"k":{"i":[[1.056,3.072],[0,0],[-0.721,-3.624],[0,0]],"o":[[0,0],[1.104,3.36],[0,0],[-0.816,-4.008]],"v":[[-82.38,-4.104],[-84.78,-3.312],[-82.043,7.152],[-79.596,6.528]],"c":true},"ix":2},"nm":"Path 21","mn":"ADBE Vector Shape - Group","hd":false},{"ind":21,"ty":"sh","ix":22,"ks":{"a":0,"k":{"i":[[0,0],[0,0],[0,0],[0,0],[0,0],[-0.96,4.152],[0,0],[1.391,-3.12]],"o":[[0,0],[0,0],[0,0],[0,0],[1.368,-3.216],[0,0],[-1.056,4.656],[0,0]],"v":[[-88.764,7.584],[-88.764,9.792],[-66.9,9.792],[-66.9,7.584],[-74.34,7.584],[-70.86,-3.48],[-73.284,-4.104],[-76.979,7.584]],"c":true},"ix":2},"nm":"Path 22","mn":"ADBE Vector Shape - Group","hd":false},{"ind":22,"ty":"sh","ix":23,"ks":{"a":0,"k":{"i":[[0,0],[0,0],[0,0],[0,0],[0,0],[0.336,1.056],[0,0],[-0.361,-1.152]],"o":[[0,0],[0,0],[0,0],[0,0],[-0.337,-1.344],[0,0],[0.408,0.984],[0,0]],"v":[[-87.948,-7.416],[-87.948,-5.208],[-67.716,-5.208],[-67.716,-7.416],[-76.523,-7.416],[-77.556,-11.04],[-80.196,-10.608],[-79.043,-7.416]],"c":true},"ix":2},"nm":"Path 23","mn":"ADBE Vector Shape - Group","hd":false},{"ty":"mm","mm":1,"nm":"Merge Paths 1","mn":"ADBE Vector Filter - Merge","hd":false},{"ty":"fl","c":{"a":0,"k":[1,1,1,1],"ix":4},"o":{"a":0,"k":100,"ix":5},"r":1,"bm":0,"nm":"Fill 1","mn":"ADBE Vector Graphic - Fill","hd":false},{"ty":"tr","p":{"a":0,"k":[89.868,141.408],"ix":2},"a":{"a":0,"k":[0,0],"ix":1},"s":{"a":0,"k":[100,100],"ix":3},"r":{"a":0,"k":0,"ix":6},"o":{"a":0,"k":100,"ix":7},"sk":{"a":0,"k":0,"ix":4},"sa":{"a":0,"k":0,"ix":5},"nm":"Transform"}],"nm":"Group 1","np":27,"cix":2,"bm":0,"ix":1,"mn":"ADBE Vector Group","hd":false},{"ty":"gr","it":[{"ind":0,"ty":"sh","ix":1,"ks":{"a":0,"k":{"i":[[0,0],[0,0],[0,0],[0,0]],"o":[[0,0],[0,0],[0,0],[0,0]],"v":[[61.38,-15.42],[46.981,-15.42],[46.981,-11.1],[61.38,-11.1]],"c":true},"ix":2},"nm":"Path 1","mn":"ADBE Vector Shape - Group","hd":false},{"ind":1,"ty":"sh","ix":2,"ks":{"a":0,"k":{"i":[[0,0]],"o":[[0,0]],"v":[[61.38,-11.1]],"c":false},"ix":2},"nm":"Path 2","mn":"ADBE Vector Shape - Group","hd":false},{"ind":2,"ty":"sh","ix":3,"ks":{"a":0,"k":{"i":[[-0.04,1.48],[0,0],[0,0],[0,0],[0,0],[0,0],[2,-3.88],[1,2.28],[0,0],[-0.92,-2.28],[0,0],[-1.16,3.72],[0,0],[0,0],[0,0],[0,0],[0,0],[0.72,-1.28],[1.08,-0.48],[0,0],[-3.04,0.24],[-0.12,-0.24],[0,0],[0.84,-0.96],[0,0],[-0.48,13.12],[0,0],[0.08,-2.24],[2.68,0],[0,0],[0,0],[0,0],[-0.12,3.92],[0,0],[0,0]],"o":[[0,0],[0,0],[0,0],[0,0],[0,0],[-0.24,8.32],[-1.24,-3.04],[0,0],[0.76,1.68],[0,0],[0.92,-1.32],[0,0],[0,0],[0,0],[0,0],[0,0],[-1.16,3.68],[-0.56,0.92],[0,0],[3.04,-0.56],[0.12,0.32],[0,0],[-0.64,0.84],[0,0],[6.12,-7.64],[0,0],[-0.08,2.56],[-0.08,2.44],[0,0],[0,0],[0,0],[4.28,0],[0,0],[0,0],[0.08,-2.76]],"v":[[70.34,-17.74],[66.02,-17.74],[65.86,-10.98],[61.26,-10.98],[61.26,-6.58],[65.74,-6.58],[62.9,9.98],[59.02,0.82],[54.94,2.3],[57.62,8.62],[50.98,9.06],[55.06,-1.22],[62.66,-1.22],[62.66,-5.62],[45.34,-5.62],[45.34,-1.22],[50.26,-1.22],[46.7,7.86],[44.94,9.78],[46.62,14.26],[59.3,12.94],[59.62,13.82],[60.82,13.22],[58.62,15.94],[62.7,18.62],[70.1,-6.58],[75.1,-6.58],[74.46,9.66],[71.02,12.58],[67.1,12.58],[68.06,17.06],[72.78,17.06],[78.74,11.82],[79.5,-10.98],[70.22,-10.98]],"c":true},"ix":2},"nm":"Path 3","mn":"ADBE Vector Shape - Group","hd":false},{"ind":3,"ty":"sh","ix":4,"ks":{"a":0,"k":{"i":[[0,0],[0,0],[0,0],[0,0]],"o":[[0,0],[0,0],[0,0],[0,0]],"v":[[23.5,-6.02],[18.78,-6.02],[18.78,-7.94],[23.5,-7.94]],"c":true},"ix":2},"nm":"Path 4","mn":"ADBE Vector Shape - Group","hd":false},{"ind":4,"ty":"sh","ix":5,"ks":{"a":0,"k":{"i":[[0,0]],"o":[[0,0]],"v":[[23.5,-7.94]],"c":false},"ix":2},"nm":"Path 5","mn":"ADBE Vector Shape - Group","hd":false},{"ind":5,"ty":"sh","ix":6,"ks":{"a":0,"k":{"i":[[0,0],[0,0],[0,0],[0,0]],"o":[[0,0],[0,0],[0,0],[0,0]],"v":[[19.1,7.06],[30.259,7.06],[30.259,8.58],[19.1,8.58]],"c":true},"ix":2},"nm":"Path 6","mn":"ADBE Vector Shape - Group","hd":false},{"ind":6,"ty":"sh","ix":7,"ks":{"a":0,"k":{"i":[[0,0],[0,0],[0,0],[0,0]],"o":[[0,0],[0,0],[0,0],[0,0]],"v":[[19.1,2.3],[30.259,2.3],[30.259,3.86],[19.1,3.86]],"c":true},"ix":2},"nm":"Path 7","mn":"ADBE Vector Shape - Group","hd":false},{"ind":7,"ty":"sh","ix":8,"ks":{"a":0,"k":{"i":[[0,0],[0,0],[0,0],[0,0]],"o":[[0,0],[0,0],[0,0],[0,0]],"v":[[14.7,-2.62],[34.7,-2.62],[34.7,-1.059],[14.7,-1.059]],"c":true},"ix":2},"nm":"Path 8","mn":"ADBE Vector Shape - Group","hd":false},{"ind":8,"ty":"sh","ix":9,"ks":{"a":0,"k":{"i":[[0,0],[0,0],[0,0],[0,0],[0,0],[0,0]],"o":[[0,0],[0,0],[0,0],[0,0],[0,0],[0,0]],"v":[[18.78,-13.02],[30.3,-13.02],[30.3,-6.02],[27.38,-6.02],[27.38,-11.38],[18.78,-11.38]],"c":true},"ix":2},"nm":"Path 9","mn":"ADBE Vector Shape - Group","hd":false},{"ind":9,"ty":"sh","ix":10,"ks":{"a":0,"k":{"i":[[-2.04,-1.76],[0,0],[1.84,1.4],[0,0]],"o":[[0,0],[-2.04,-1.6],[0,0],[2,1.48]],"v":[[10.54,-8.1],[13.22,-11.86],[6.22,-17.3],[3.5,-13.78]],"c":true},"ix":2},"nm":"Path 10","mn":"ADBE Vector Shape - Group","hd":false},{"ind":10,"ty":"sh","ix":11,"ks":{"a":0,"k":{"i":[[-0.68,2.36],[0,0],[0.76,-2.16],[0,0]],"o":[[0,0],[-0.44,2.36],[0,0],[0.76,-2.92]],"v":[[11.38,3.46],[6.82,2.34],[2.98,15.98],[7.62,17.22]],"c":true},"ix":2},"nm":"Path 11","mn":"ADBE Vector Shape - Group","hd":false},{"ind":11,"ty":"sh","ix":12,"ks":{"a":0,"k":{"i":[[-1.76,-1.52],[0,0],[0,0],[0,0],[0,0],[0,0],[0,0],[0,0],[0,0],[1.24,0],[0,0],[0,0],[0,0],[0,3.52],[0,0],[0,0],[0,0],[0,0],[0,0],[0,0],[0,0],[0,0],[0,0],[0,0],[0,0]],"o":[[0,0],[0,0],[0,0],[0,0],[0,0],[0,0],[0,0],[0,0],[0,1.44],[0,0],[0,0],[0,0],[3.96,0],[0,0],[0,0],[0,0],[0,0],[0,0],[0,0],[0,0],[0,0],[0,0],[0,0],[0,0],[1.76,1.2]],"v":[[8.78,0.58],[11.22,-2.86],[11.22,1.74],[14.54,1.74],[14.54,17.14],[19.1,17.14],[19.1,11.78],[30.26,11.78],[30.26,12.14],[28.7,13.74],[25.42,13.74],[26.22,17.58],[29.98,17.58],[34.82,13.1],[34.82,1.74],[38.22,1.74],[38.22,-6.02],[34.9,-6.02],[34.9,-16.62],[14.18,-16.62],[14.18,-6.02],[11.22,-6.02],[11.22,-3.46],[4.34,-8.54],[1.78,-4.94]],"c":true},"ix":2},"nm":"Path 12","mn":"ADBE Vector Shape - Group","hd":false},{"ind":12,"ty":"sh","ix":13,"ks":{"a":0,"k":{"i":[[0,0],[0,0],[0,0],[0,0],[0,0],[0,0],[0,0],[0,0],[0,0],[0,0],[0,0],[0,0]],"o":[[0,0],[0,0],[0,0],[0,0],[0,0],[0,0],[0,0],[0,0],[0,0],[0,0],[0,0],[0,0]],"v":[[-5.58,-2.86],[-5.58,-7.22],[-19.86,-7.22],[-19.86,-17.74],[-24.5,-17.74],[-24.5,11.82],[-39.02,11.82],[-39.02,16.3],[-3.38,16.3],[-3.38,11.82],[-19.86,11.82],[-19.86,-2.86]],"c":true},"ix":2},"nm":"Path 13","mn":"ADBE Vector Shape - Group","hd":false},{"ind":13,"ty":"sh","ix":14,"ks":{"a":0,"k":{"i":[[0,0],[0,0],[0,0],[0,0]],"o":[[0,0],[0,0],[0,0],[0,0]],"v":[[-67.06,-1.02],[-59.9,-1.02],[-59.9,6.339],[-67.06,6.339]],"c":true},"ix":2},"nm":"Path 14","mn":"ADBE Vector Shape - Group","hd":false},{"ind":14,"ty":"sh","ix":15,"ks":{"a":0,"k":{"i":[[0,0],[0,0],[0,0],[0,0]],"o":[[0,0],[0,0],[0,0],[0,0]],"v":[[-71.54,10.66],[-55.5,10.66],[-55.5,-5.34],[-71.54,-5.34]],"c":true},"ix":2},"nm":"Path 15","mn":"ADBE Vector Shape - Group","hd":false},{"ind":15,"ty":"sh","ix":16,"ks":{"a":0,"k":{"i":[[0,0]],"o":[[0,0]],"v":[[-71.54,-5.34]],"c":false},"ix":2},"nm":"Path 16","mn":"ADBE Vector Shape - Group","hd":false},{"ind":16,"ty":"sh","ix":17,"ks":{"a":0,"k":{"i":[[-0.32,0.92],[0,0],[0.72,-1.68],[0,0],[0,0],[0,0],[0,0],[0,0],[0,0],[2.04,0],[0,0],[0,0],[0,0],[0,3.6],[0,0],[0,0]],"o":[[0,0],[-0.48,1.32],[0,0],[0,0],[0,0],[0,0],[0,0],[0,0],[0,1.52],[0,0],[0,0],[0,0],[4.16,0],[0,0],[0,0],[0.68,-1.52]],"v":[[-61.58,-17.74],[-66.94,-18.62],[-68.98,-13.58],[-79.5,-13.58],[-79.5,16.82],[-74.9,16.82],[-74.9,-9.22],[-52.1,-9.22],[-52.1,11.02],[-54.3,12.9],[-58.78,12.9],[-57.9,17.3],[-53.02,17.3],[-47.5,12.7],[-47.5,-13.58],[-63.3,-13.58]],"c":true},"ix":2},"nm":"Path 17","mn":"ADBE Vector Shape - Group","hd":false},{"ty":"mm","mm":1,"nm":"Merge Paths 1","mn":"ADBE Vector Filter - Merge","hd":false},{"ty":"fl","c":{"a":0,"k":[1,1,1,1],"ix":4},"o":{"a":0,"k":100,"ix":5},"r":1,"bm":0,"nm":"Fill 1","mn":"ADBE Vector Graphic - Fill","hd":false},{"ty":"tr","p":{"a":0,"k":[89.26,86.18],"ix":2},"a":{"a":0,"k":[0,0],"ix":1},"s":{"a":0,"k":[100,100],"ix":3},"r":{"a":0,"k":0,"ix":6},"o":{"a":0,"k":100,"ix":7},"sk":{"a":0,"k":0,"ix":4},"sa":{"a":0,"k":0,"ix":5},"nm":"Transform"}],"nm":"Group 2","np":21,"cix":2,"bm":0,"ix":2,"mn":"ADBE Vector Group","hd":false}],"ip":0,"op":150,"st":0,"bm":0}]}],"layers":[{"ddd":0,"ind":1,"ty":0,"nm":"slide","refId":"comp_0","sr":1,"ks":{"o":{"a":0,"k":100,"ix":11},"r":{"a":0,"k":0,"ix":10},"p":{"a":0,"k":[83,87.5,0],"ix":2,"l":2},"a":{"a":0,"k":[90,90,0],"ix":1,"l":2},"s":{"a":0,"k":[100,100,100],"ix":6,"l":2}},"ao":0,"w":180,"h":180,"ip":0,"op":150,"st":0,"bm":0}],"markers":[]}